rank,cluster,n_events,start,end,duration_days,mainshock_id,mainshock_time,mainshock_mag,mainshock_lat,mainshock_lon,region,extent_km,n_major,pct_before_mainshock,type
1,1253,2980,2011-03-09 02:45:20.330000+00:00,2011-10-10 02:45:57.860000+00:00,215.0,official20110311054624120_30,2011-03-11 05:46:24.120000+00:00,9.1,38.297,142.373,Japan,446.8,15,1.8,aftershock sequence
2,465,2326,2004-12-26 00:58:53.450000+00:00,2005-09-25 15:37:08.470000+00:00,273.6,official20041226005853450_30,2004-12-26 00:58:53.450000+00:00,9.1,3.295,95.982,2004 Sumatra - Andaman Islands Earthquake,1318.6,9,0.0,aftershock sequence
3,3374,1681,2025-07-20 06:02:51.862000+00:00,2025-12-09 10:54:36.947000+00:00,142.2,us6000qw60,2025-07-29 23:24:52.483000+00:00,8.8,52.4948,160.2395,Russia,625.1,9,9.4,aftershock sequence
4,2780,1130,2021-08-04 12:47:57.163000+00:00,2022-04-11 15:40:43.439000+00:00,250.1,us6000f53e,2021-08-12 18:35:17.231000+00:00,8.1,-58.3753,-25.2637,2021 South Sandwich Islands Earthquake,400.8,6,0.7,aftershock sequence
5,1156,993,2010-02-20 09:55:11.220000+00:00,2010-06-03 04:01:29+00:00,102.8,official20100227063411530_30,2010-02-27 06:34:11.530000+00:00,8.8,-36.122,-72.898,Chile,423.2,6,0.1,aftershock sequence
6,705,700,2006-11-08 08:22:31.480000+00:00,2007-02-13 10:30:46.080000+00:00,97.1,usp000exfn,2006-11-15 11:14:13.570000+00:00,8.3,46.592,153.266,2006 Kuril Islands Earthquake,283.7,3,2.0,aftershock sequence
7,2707,655,2021-02-22 23:49:23.260000+00:00,2021-05-20 00:32:48.482000+00:00,86.0,us7000dflf,2021-03-04 19:28:33.178000+00:00,8.1,-29.7228,-177.2794,New Zealand,302.2,3,2.9,aftershock sequence
8,1504,596,2013-01-27 12:41:11.280000+00:00,2013-04-14 08:35:38+00:00,76.8,usc000f1s0,2013-02-06 01:12:25.830000+00:00,8.0,-10.799,165.114,2013 Santa Cruz Islands Earthquake,262.3,7,9.4,aftershock sequence
9,3159,507,2023-12-02 14:37:04.454000+00:00,2024-01-22 07:54:03.284000+00:00,50.7,us7000lff4,2023-12-02 14:37:04.454000+00:00,7.6,8.5266,126.4161,Philippines,245.9,3,0.0,aftershock sequence
10,49,494,2000-10-17 20:45:02.680000+00:00,2001-01-10 17:39:19.430000+00:00,84.9,usp000a3qq,2000-11-16 04:54:56.740000+00:00,8.0,-3.98,152.169,2000 New Ireland Earthquake,425.9,8,7.1,aftershock sequence
11,1229,477,2010-12-21 17:19:40.660000+00:00,2011-02-26 06:14:42.450000+00:00,66.5,usp000hr97,2010-12-21 17:19:40.660000+00:00,7.4,26.901,143.698,Japan,203.7,1,0.0,aftershock sequence
12,1928,372,2015-09-16 22:54:32.860000+00:00,2015-12-26 17:59:37.100000+00:00,100.8,us20003k7a,2015-09-16 22:54:32.860000+00:00,8.3,-31.5729,-71.6744,Chile,306.9,8,0.0,aftershock sequence
13,26,330,2000-06-27 05:25:13.620000+00:00,2000-08-30 01:37:49.570000+00:00,63.8,usp0009xf4,2000-07-30 12:25:45.570000+00:00,6.5,33.901,139.376,Japan,90.9,1,69.7,swarm
14,754,328,2007-03-24 23:05:02.770000+00:00,2007-05-26 13:27:28.720000+00:00,62.6,usp000f83m,2007-04-01 20:39:58.710000+00:00,8.1,-8.466,157.043,2007 Solomon Islands Earthquake,394.2,3,1.8,aftershock sequence
15,2697,319,2021-02-02 23:37:11.108000+00:00,2021-04-02 10:26:10.821000+00:00,58.5,us6000dg77,2021-02-10 13:19:55.530000+00:00,7.7,-23.0511,171.6566,Loyalty Islands,226.6,1,7.8,aftershock sequence
16,1041,286,2009-02-11 17:34:50.490000+00:00,2009-04-09 22:10:29.020000+00:00,57.2,usp000gtnc,2009-02-11 17:34:50.490000+00:00,7.2,3.886,126.387,Philippines,101.1,1,0.0,aftershock sequence
17,932,279,2008-05-12 06:28:01.570000+00:00,2008-07-15 09:26:22.220000+00:00,64.1,usp000g650,2008-05-12 06:28:01.570000+00:00,7.9,31.002,103.322,China,295.8,1,0.0,aftershock sequence
18,1687,278,2014-04-07 14:30:00.890000+00:00,2014-05-30 07:52:50.450000+00:00,52.7,usb000pr89,2014-04-19 13:28:00.810000+00:00,7.5,-6.7547,155.0241,Papua New Guinea,187.2,4,29.1,swarm
19,1767,274,2014-08-21 23:50:22.650000+00:00,2015-01-29 21:18:44.720000+00:00,160.9,usb000sh06,2014-09-29 13:43:01.660000+00:00,5.6,64.5075,-17.315,Iceland,73.7,0,20.8,swarm
20,3508,269,2026-06-05 14:47:21.456000+00:00,2026-09-01 13:22:29.069000+00:00,87.9,us7000srb1,2026-06-07 23:37:41.970000+00:00,7.8,5.5994,125.056,Philippines,299.6,3,0.4,aftershock sequence
21,1406,268,2012-04-11 08:38:36.720000+00:00,2012-05-23 04:02:20.190000+00:00,41.8,official20120411083836720_20,2012-04-11 08:38:36.720000+00:00,8.6,2.327,93.063,2012 Wharton Basin Earthquake,413.1,2,0.0,aftershock sequence
22,1101,268,2009-09-29 17:48:10.990000+00:00,2009-11-12 12:46:36.600000+00:00,43.8,usp000h1ys,2009-09-29 17:48:10.990000+00:00,8.1,-15.489,-172.095,2009 Samoa Earthquake,299.7,1,0.0,aftershock sequence
23,660,260,2006-07-17 08:19:26.680000+00:00,2006-08-16 23:23:49.690000+00:00,30.6,usp000ensm,2006-07-17 08:19:26.680000+00:00,7.7,-9.284,107.419,Indonesia,204.6,1,0.0,aftershock sequence
24,1683,259,2014-03-15 20:14:23.700000+00:00,2014-05-17 10:18:00.090000+00:00,62.6,usc000nzvd,2014-04-01 23:46:47.260000+00:00,8.2,-19.6097,-70.7691,Chile,167.5,5,27.8,swarm
25,2223,246,2017-10-31 00:42:08.720000+00:00,2017-12-10 17:30:11.800000+00:00,40.7,us2000brlf,2017-11-19 22:43:29.250000+00:00,7.0,-21.3246,168.6715,New Caledonia,248.4,4,75.2,swarm
26,3549,237,2026-08-14 21:58:21.561000+00:00,2026-10-08 04:48:59.943000+00:00,54.3,us6000tkt2,2026-08-14 21:58:21.561000+00:00,7.8,-8.3358,121.3446,Indonesia,173.8,1,0.0,aftershock sequence
27,2978,231,2022-09-26 06:58:24.133000+00:00,2022-10-14 01:34:35.611000+00:00,17.8,us6000ipva,2022-10-01 01:18:53.386000+00:00,6.0,53.7049,-35.5074,Reykjanes Ridge,94.6,0,83.1,swarm
28,832,231,2007-09-12 11:10:26.830000+00:00,2007-10-31 15:54:42.660000+00:00,49.2,official20070912111026830_34,2007-09-12 11:10:26.830000+00:00,8.4,-4.438,101.367,Indonesia,368.5,6,0.0,aftershock sequence
29,2105,222,2016-12-02 01:00:36.990000+00:00,2017-01-28 00:41:10.920000+00:00,57.0,us20007z80,2016-12-08 17:38:46.280000+00:00,7.8,-10.6812,161.3273,Solomon Islands,141.0,4,0.5,aftershock sequence
30,2265,220,2018-02-25 17:44:44.140000+00:00,2018-04-18 21:57:49.350000+00:00,52.2,us2000d7q6,2018-02-25 17:44:44.140000+00:00,7.5,-6.0699,142.7536,Papua New Guinea,155.1,2,0.0,aftershock sequence
31,1107,210,2009-09-30 12:56:43.020000+00:00,2009-11-16 01:24:05.810000+00:00,46.5,usp000h2gd,2009-10-07 22:18:51.240000+00:00,7.8,-12.517,166.382,Vanuatu,274.7,5,3.3,aftershock sequence
32,1231,208,2010-12-23 16:01:34.420000+00:00,2011-02-03 07:46:24.020000+00:00,41.7,usp000hrw0,2010-12-25 13:16:37+00:00,7.3,-19.702,167.947,Vanuatu,199.8,3,1.9,aftershock sequence
33,22,208,2000-05-30 00:47:10.210000+00:00,2000-07-22 20:56:12.160000+00:00,53.8,usp0009txv,2000-06-04 16:28:26.170000+00:00,7.9,-4.721,102.087,Indonesia,152.6,3,1.4,aftershock sequence
34,3086,188,2023-05-19 02:57:03.172000+00:00,2023-07-11 20:41:45.127000+00:00,53.7,us6000kd0n,2023-05-19 02:57:03.172000+00:00,7.7,-23.2063,170.7423,Loyalty Islands,135.4,3,0.0,aftershock sequence
35,100,186,2001-06-23 20:33:14.130000+00:00,2001-07-15 05:56:15.010000+00:00,21.4,official20010623203314130_33,2001-06-23 20:33:14.130000+00:00,8.4,-16.265,-73.641,Peru,390.4,4,0.0,aftershock sequence
36,2073,185,2016-08-19 07:32:22.710000+00:00,2016-09-28 00:55:16.340000+00:00,39.7,us10006exl,2016-08-19 07:32:22.710000+00:00,7.4,-55.2852,-31.8766,South Georgia Island,123.1,1,0.0,aftershock sequence
37,1455,179,2012-08-31 12:47:33.380000+00:00,2012-09-28 00:52:52.370000+00:00,27.5,usp000jr83,2012-08-31 12:47:33.380000+00:00,7.6,10.811,126.638,Philippines,142.3,1,0.0,aftershock sequence
38,1295,175,2011-07-06 19:03:18.260000+00:00,2011-08-31 21:03:23.430000+00:00,56.1,usp000j48h,2011-07-06 19:03:18.260000+00:00,7.6,-29.539,-176.34,Kermadec Islands,193.3,1,0.0,aftershock sequence
39,3212,175,2024-04-02 23:58:12.173000+00:00,2024-05-11 05:16:02.695000+00:00,38.2,us7000m9g4,2024-04-02 23:58:12.173000+00:00,7.4,23.8356,121.5976,Taiwan,78.6,1,0.0,aftershock sequence
40,555,173,2005-10-08 03:50:40.800000+00:00,2005-11-06 02:11:52.960000+00:00,28.9,usp000e12e,2005-10-08 03:50:40.800000+00:00,7.6,34.539,73.588,Pakistan,72.2,1,0.0,aftershock sequence
41,1691,171,2014-04-12 20:14:39.300000+00:00,2014-05-07 04:46:20.740000+00:00,24.4,usc000phx5,2014-04-12 20:14:39.300000+00:00,7.6,-11.2701,162.1481,Solomon Islands,221.0,3,0.0,aftershock sequence
42,1724,170,2014-06-14 10:12:10.590000+00:00,2014-08-10 14:20:22.260000+00:00,57.2,usc000rkg5,2014-06-23 19:19:15.940000+00:00,6.9,-29.9772,-177.7247,New Zealand,206.3,3,3.5,aftershock sequence
43,3333,166,2025-04-04 20:04:38.129000+00:00,2025-06-03 05:31:31.266000+00:00,59.4,us6000q41n,2025-04-04 20:04:38.129000+00:00,6.9,-6.3025,151.6257,Papua New Guinea,234.6,1,0.0,aftershock sequence
44,2462,165,2019-06-11 02:45:41.535000+00:00,2019-08-26 22:36:41.942000+00:00,76.8,us6000417i,2019-06-15 22:55:04.130000+00:00,7.3,-30.6441,-178.0995,New Zealand,442.2,1,2.4,aftershock sequence
45,2108,160,2016-12-10 16:24:34.970000+00:00,2017-01-11 02:49:19.140000+00:00,31.4,us200081v8,2016-12-17 10:51:10.500000+00:00,7.9,-4.5049,153.5216,Papua New Guinea,304.0,1,0.6,aftershock sequence
46,337,159,2003-12-22 23:02:21.360000+00:00,2004-01-20 11:22:23.620000+00:00,28.5,usp000cg90,2003-12-27 16:00:59.450000+00:00,7.3,-22.015,169.766,New Caledonia,175.3,5,23.3,swarm
47,2211,156,2017-09-03 00:06:46.420000+00:00,2017-10-04 07:34:12.090000+00:00,31.3,us2000ahv0,2017-09-08 04:49:19.180000+00:00,8.2,15.0222,-93.8993,Mexico,244.1,1,1.3,aftershock sequence
48,1616,155,2013-11-13 23:45:47.930000+00:00,2013-11-29 18:07:54.850000+00:00,15.8,usb000l0gq,2013-11-17 09:04:55.530000+00:00,7.7,-60.2738,-46.4011,Scotia Sea,243.3,2,19.4,aftershock sequence
49,3035,154,2023-02-06 01:17:34.342000+00:00,2023-02-24 20:25:30.019000+00:00,18.8,us6000jllz,2023-02-06 01:17:34.342000+00:00,7.8,37.2256,37.0143,Kahramanmaras earthquake sequence,277.1,3,0.0,aftershock sequence
50,3483,154,2026-04-01 22:48:13.063000+00:00,2026-05-14 02:59:47.306000+00:00,42.2,us6000slss,2026-04-01 22:48:13.063000+00:00,7.4,1.0931,126.2354,Indonesia,145.4,1,0.0,aftershock sequence
51,2317,151,2018-08-15 21:38:05.440000+00:00,2018-09-16 13:10:48.390000+00:00,31.6,us1000gcii,2018-08-19 00:19:40.670000+00:00,8.2,-18.1125,-178.153,2018 Fiji Earthquake,299.2,2,0.7,aftershock sequence
52,623,151,2006-04-27 06:01:05.790000+00:00,2006-06-11 06:53:50.030000+00:00,45.0,usp000eg5g,2006-05-03 15:26:40.290000+00:00,8.0,-20.187,-174.123,2006 Tonga Earthquake,195.0,1,0.7,aftershock sequence
53,498,150,2005-04-02 03:39:05.540000+00:00,2005-05-03 09:26:09.940000+00:00,31.2,usp000dmtx,2005-04-10 10:29:11.280000+00:00,6.7,-1.644,99.607,Indonesia,112.1,2,5.3,aftershock sequence
54,2371,143,2018-11-27 02:38:32.100000+00:00,2018-12-23 10:09:20.800000+00:00,26.3,us1000i2gt,2018-12-05 04:18:08.420000+00:00,7.5,-21.9496,169.4266,New Caledonia,207.5,2,7.7,aftershock sequence
55,722,142,2007-01-21 11:27:45.060000+00:00,2007-02-13 16:20:02.940000+00:00,23.2,usp000f34b,2007-01-21 11:27:45.060000+00:00,7.5,1.065,126.282,Indonesia,164.7,1,0.0,aftershock sequence
56,2710,138,2021-03-04 13:27:34.647000+00:00,2021-04-02 07:05:53.501000+00:00,28.7,us7000dffl,2021-03-04 13:27:34.647000+00:00,7.3,-37.4787,179.4576,New Zealand,142.7,1,0.0,aftershock sequence
57,1026,137,2009-01-03 19:43:50.650000+00:00,2009-01-31 03:18:02.570000+00:00,27.3,usp000gs2d,2009-01-03 19:43:50.650000+00:00,7.7,-0.414,132.885,Indonesia,131.0,2,0.0,aftershock sequence
58,2095,135,2016-11-13 11:02:56.340000+00:00,2016-12-04 03:15:47.450000+00:00,20.7,us1000778i,2016-11-13 11:02:56.340000+00:00,7.8,-42.7373,173.054,New Zealand,167.1,3,0.0,aftershock sequence
59,2354,122,2018-10-25 22:22:54.760000+00:00,2018-11-29 19:59:57.490000+00:00,34.9,us1000hhb1,2018-10-25 22:54:52.630000+00:00,6.8,37.5203,20.5565,Greece,98.2,1,0.8,aftershock sequence
60,114,117,2001-08-21 06:52:06.250000+00:00,2001-09-22 13:29:22.700000+00:00,32.3,usp000amsn,2001-08-21 06:52:06.250000+00:00,7.1,-36.813,-179.575,New Zealand,154.2,1,0.0,aftershock sequence
61,306,116,2003-09-20 09:31:39.500000+00:00,2003-10-21 06:57:51.590000+00:00,30.9,official20030925195006360_27,2003-09-25 19:50:06.360000+00:00,8.16,41.815,143.91,2003 Tokachi-Oki Earthquake,165.6,4,1.7,aftershock sequence
62,1546,115,2013-05-16 09:23:35.880000+00:00,2013-06-08 05:41:59.500000+00:00,22.8,usb000gz3x,2013-05-19 18:44:10.950000+00:00,6.1,52.34,160.065,Russia,130.2,0,12.2,aftershock sequence
63,1485,114,2012-12-07 08:18:23.130000+00:00,2013-01-03 18:56:25.520000+00:00,27.4,usp000jwjn,2012-12-07 08:18:23.130000+00:00,7.3,37.89,143.949,Japan,167.3,1,0.0,aftershock sequence
64,3300,114,2024-12-21 08:20:39.429000+00:00,2025-02-07 09:57:24.008000+00:00,48.1,us6000phrk,2025-01-04 00:52:21.078000+00:00,5.7,9.4591,40.1219,Ethiopia,134.1,0,43.0,swarm
65,3131,114,2023-10-01 19:09:53.642000+00:00,2023-10-08 21:26:45.096000+00:00,7.1,us6000lcz1,2023-10-05 01:59:58.562000+00:00,6.1,29.8466,139.9904,Japan,64.9,0,46.5,swarm
66,1385,113,2012-02-13 16:55:11.690000+00:00,2012-04-19 05:00:16.920000+00:00,65.5,usp000jgv9,2012-03-27 11:00:44.500000+00:00,6.1,39.859,142.017,Japan,540.2,0,78.8,swarm
67,2079,112,2016-08-31 22:04:35.180000+00:00,2016-10-14 00:30:45.950000+00:00,43.1,us10006jbi,2016-09-01 16:37:57.300000+00:00,7.0,-37.3586,179.1461,New Zealand,133.2,1,0.9,aftershock sequence
68,2852,108,2022-01-14 01:08:39.043000+00:00,2022-02-25 13:41:50.167000+00:00,42.5,us7000gh9y,2022-02-02 10:26:33.511000+00:00,5.5,-21.1035,-174.2706,Tonga,203.4,0,81.5,swarm
69,620,107,2006-04-20 23:25:02.150000+00:00,2006-05-29 19:39:37.510000+00:00,38.8,usp000ef1h,2006-04-20 23:25:02.150000+00:00,7.6,60.949,167.089,Russia,121.7,3,0.0,aftershock sequence
70,3364,105,2025-06-21 14:10:56.603000+00:00,2025-07-20 01:34:13.374000+00:00,28.5,us7000qa5e,2025-07-02 06:26:48.945000+00:00,5.6,29.2518,129.1665,Japan,138.5,0,45.7,swarm
71,1802,104,2014-11-15 02:31:41.720000+00:00,2015-01-03 17:27:28.060000+00:00,49.6,usc000sxh8,2014-11-15 02:31:41.720000+00:00,7.1,1.8929,126.5217,Indonesia,177.7,3,0.0,aftershock sequence
72,2007,102,2016-04-02 17:38:55.100000+00:00,2016-05-23 21:40:07.900000+00:00,51.2,us20005e8t,2016-04-03 08:23:52.320000+00:00,6.9,-14.3235,166.8551,Vanuatu,118.8,3,1.0,aftershock sequence
73,1867,101,2015-04-30 10:45:02.930000+00:00,2015-05-30 05:19:02.350000+00:00,29.8,us20002bnf,2015-05-05 01:44:06.380000+00:00,7.5,-5.4624,151.8751,Papua New Guinea,216.6,3,19.8,aftershock sequence
74,3152,100,2023-11-24 09:05:03.893000+00:00,2023-12-22 16:14:50.722000+00:00,28.3,us6000lqf9,2023-11-24 09:05:03.893000+00:00,6.9,20.1319,145.5195,Northern Mariana Islands,157.9,1,0.0,aftershock sequence
75,3093,100,2023-06-09 18:28:45.450000+00:00,2023-07-08 05:20:02.278000+00:00,28.5,us7000k91w,2023-06-16 19:10:51.064000+00:00,6.2,-23.5577,-175.6208,Tonga,158.3,0,17.0,aftershock sequence
76,2846,97,2021-12-30 13:34:34.752000+00:00,2022-02-19 04:47:16.578000+00:00,50.6,us7000gg3w,2022-01-29 02:46:39.588000+00:00,6.5,-29.5642,-176.7217,Kermadec Islands,242.5,1,21.6,swarm
77,3024,97,2023-01-12 21:48:17.382000+00:00,2023-02-20 00:01:18.958000+00:00,38.1,us7000j553,2023-01-18 06:06:11.454000+00:00,7.0,2.7306,127.0221,Indonesia,224.5,1,3.1,aftershock sequence
78,1269,97,2011-04-24 21:16:44.530000+00:00,2011-06-09 03:21:05.150000+00:00,45.3,usp000j1a8,2011-05-10 08:55:08.930000+00:00,6.8,-20.244,168.226,New Caledonia,212.8,1,16.5,aftershock sequence
79,3401,95,2025-10-10 01:43:59.585000+00:00,2025-11-06 07:57:07.544000+00:00,27.3,us6000rfwz,2025-10-10 01:43:59.585000+00:00,7.4,7.2866,126.6902,Philippines,174.6,2,0.0,aftershock sequence
80,2639,94,2020-08-29 12:47:03.768000+00:00,2020-11-14 01:33:17.079000+00:00,76.5,us7000cbmx,2020-11-06 23:49:19.160000+00:00,5.9,-62.2342,-58.1924,South Shetland Islands,62.2,0,95.7,swarm
81,1921,93,2015-09-07 09:13:56.600000+00:00,2015-10-18 14:41:42.550000+00:00,41.2,us20003h2m,2015-09-07 09:13:56.600000+00:00,6.3,-32.8199,-177.8599,Kermadec Islands,133.5,0,0.0,aftershock sequence
82,609,93,2006-03-23 03:25:26.830000+00:00,2006-04-23 06:00:52.390000+00:00,31.1,usp000edbg,2006-03-31 13:21:00.250000+00:00,6.5,-29.435,-176.768,Kermadec Islands,145.2,1,3.2,aftershock sequence
83,1602,93,2013-10-15 00:12:32.050000+00:00,2013-11-12 05:21:22.110000+00:00,28.2,usb000kdb4,2013-10-15 00:12:32.050000+00:00,7.1,9.8796,124.1167,Philippines,129.7,1,0.0,aftershock sequence
84,1308,91,2011-08-15 13:56:45.110000+00:00,2011-09-14 08:09:26.260000+00:00,29.8,usp000j6r4,2011-08-20 16:55:02.810000+00:00,7.2,-18.365,168.143,Vanuatu,146.3,3,4.4,aftershock sequence
85,547,90,2005-09-14 15:07:46.400000+00:00,2005-10-04 04:19:40.430000+00:00,19.5,usp000e04m,2005-09-24 19:24:02.660000+00:00,5.5,12.471,40.634,Ethiopia,91.8,0,46.7,swarm
86,601,89,2006-03-09 14:47:56+00:00,2006-03-28 05:37:12.170000+00:00,18.6,usp000ebsx,2006-03-09 18:21:51.560000+00:00,5.4,10.84,94.58,India,75.8,0,37.1,swarm
87,442,89,2004-11-09 10:12:55.720000+00:00,2004-12-05 14:50:36.650000+00:00,26.2,usp000d85g,2004-11-11 21:26:41.150000+00:00,7.5,-8.152,124.868,Timor Leste,98.6,1,2.2,aftershock sequence
88,1218,88,2010-11-13 18:26:55.730000+00:00,2010-11-27 19:05:03.480000+00:00,14.0,usp000hpj1,2010-11-14 06:32:27.980000+00:00,5.5,11.984,43.963,Djibouti,59.2,0,2.3,aftershock sequence
89,819,87,2007-08-15 23:40:57.890000+00:00,2007-09-13 23:20:09.590000+00:00,29.0,usp000fjta,2007-08-15 23:40:57.890000+00:00,8.0,-13.386,-76.603,Peru,162.4,1,0.0,aftershock sequence
90,329,86,2003-11-17 06:43:06.800000+00:00,2003-12-08 20:12:34.710000+00:00,21.6,usp000cd1n,2003-11-17 06:43:06.800000+00:00,7.8,51.146,178.65,Alaska,126.2,1,0.0,aftershock sequence
91,2305,86,2018-07-10 03:55:18.730000+00:00,2018-07-13 23:45:57.710000+00:00,3.8,us2000g11i,2018-07-10 10:26:22.360000+00:00,5.6,-31.5986,58.3456,Southwest Indian Ridge,93.9,0,30.2,swarm
92,3312,86,2025-02-02 07:22:05.309000+00:00,2025-02-24 11:33:07.055000+00:00,22.2,us7000pb82,2025-02-04 13:04:14.561000+00:00,5.3,36.5558,25.6022,Greece,36.0,0,30.2,swarm
93,918,85,2008-04-06 18:48:15.190000+00:00,2008-05-06 12:42:17.770000+00:00,29.7,usp000g3eq,2008-04-09 12:46:12.720000+00:00,7.3,-20.071,168.892,Vanuatu,96.9,1,12.9,aftershock sequence
94,1083,85,2009-07-15 09:22:29.030000+00:00,2009-08-07 12:39:49.360000+00:00,23.1,usp000gz8j,2009-07-15 09:22:29.030000+00:00,7.8,-45.762,166.562,New Zealand,99.7,1,0.0,aftershock sequence
95,1377,84,2012-01-21 13:24:25.090000+00:00,2012-02-22 00:50:43.760000+00:00,31.5,usp000jeag,2012-02-02 13:34:40.650000+00:00,7.1,-17.827,167.133,Vanuatu,181.9,1,4.8,aftershock sequence
96,1214,84,2010-10-25 14:42:22.460000+00:00,2010-12-13 20:49:38.300000+00:00,49.3,usp000hnj4,2010-10-25 14:42:22.460000+00:00,7.8,-3.487,100.082,Indonesia,163.2,1,0.0,aftershock sequence
97,1330,83,2011-10-06 08:37:32.730000+00:00,2011-12-22 02:58:18.370000+00:00,76.8,usp000jbaf,2011-11-23 19:24:31.470000+00:00,6.1,37.365,141.368,Japan,273.8,0,66.3,swarm
98,1731,82,2014-06-19 11:08:29.540000+00:00,2014-07-14 09:46:08.740000+00:00,24.9,usc000rngj,2014-06-29 07:52:55.170000+00:00,6.9,-55.4703,-28.3669,South Sandwich Islands,75.3,1,2.4,aftershock sequence
99,2292,81,2018-05-13 04:28:02.300000+00:00,2018-07-03 21:25:21.640000+00:00,51.7,us1000e5k1,2018-05-15 15:48:09.940000+00:00,5.9,-12.7763,45.581,Mayotte,58.1,0,8.6,aftershock sequence
100,2310,81,2018-07-28 22:47:38.740000+00:00,2018-09-10 20:22:24.280000+00:00,43.9,us1000g3ub,2018-08-05 11:46:38.630000+00:00,6.9,-8.2581,116.4375,Indonesia,64.9,2,13.6,aftershock sequence
101,701,80,2006-11-03 09:40:56.670000+00:00,2006-11-28 23:32:19.950000+00:00,25.6,usp000ewu6,2006-11-07 17:38:33.800000+00:00,6.6,-6.482,151.195,Papua New Guinea,160.3,1,6.2,aftershock sequence
102,216,79,2002-10-10 10:50:20.570000+00:00,2002-10-25 16:21:05.860000+00:00,15.2,usp000be54,2002-10-10 10:50:20.570000+00:00,7.6,-1.757,134.297,Indonesia,233.0,2,0.0,aftershock sequence
103,3144,77,2023-11-02 02:39:45.768000+00:00,2023-12-02 12:01:00.815000+00:00,30.4,us7000l9h4,2023-11-08 04:53:49.631000+00:00,7.1,-6.416,129.5466,Banda Sea,186.3,3,6.5,aftershock sequence
104,2518,76,2019-11-07 04:35:37.038000+00:00,2019-11-24 10:29:49.517000+00:00,17.2,us60006bjl,2019-11-14 16:17:40.578000+00:00,7.1,1.6213,126.4156,Indonesia,122.8,1,3.9,aftershock sequence
105,2607,75,2020-06-18 12:49:53.844000+00:00,2020-07-04 02:22:45.375000+00:00,15.6,us6000ae4n,2020-06-18 12:49:53.844000+00:00,7.4,-33.2927,-177.8571,Kermadec Islands,199.7,1,0.0,aftershock sequence
106,3413,75,2025-11-02 09:57:54.853000+00:00,2025-11-27 20:33:59.988000+00:00,25.4,us6000rmea,2025-11-09 08:03:39.367000+00:00,6.8,39.485,143.3782,Japan,121.3,1,28.0,swarm
107,1190,75,2010-07-18 13:04:09.410000+00:00,2010-08-23 20:44:51.760000+00:00,36.3,usp000hfku,2010-07-18 13:34:59.360000+00:00,7.3,-5.931,150.59,Papua New Guinea,169.9,3,5.3,aftershock sequence
108,861,73,2007-11-14 15:40:50.530000+00:00,2007-12-06 01:11:09+00:00,21.4,usp000fshy,2007-11-14 15:40:50.530000+00:00,7.7,-22.247,-69.89,Chile,165.9,2,0.0,aftershock sequence
109,1056,73,2009-03-19 18:17:40.470000+00:00,2009-04-08 05:52:09.040000+00:00,19.5,usp000gv5p,2009-03-19 18:17:40.470000+00:00,7.6,-23.043,-174.66,Tonga,139.6,1,0.0,aftershock sequence
110,3530,73,2026-07-14 01:19:58.642000+00:00,2026-08-05 06:13:42.075000+00:00,22.2,us7000t1bu,2026-07-17 14:48:39.881000+00:00,7.3,14.571,-92.9624,Mexico,119.1,1,2.7,aftershock sequence
111,2892,72,2022-03-29 07:12:16.997000+00:00,2022-04-27 08:49:15.307000+00:00,29.1,us7000gymk,2022-03-31 05:44:01.146000+00:00,7.0,-22.586,170.3744,Loyalty Islands,132.8,2,20.8,swarm
112,1196,70,2010-08-10 04:27:34.070000+00:00,2010-08-22 08:12:59.200000+00:00,12.2,usp000hj2j,2010-08-13 21:19:34.090000+00:00,6.9,12.487,141.474,Mariana Islands,113.0,2,1.4,aftershock sequence
113,3342,70,2025-05-02 12:58:26.014000+00:00,2025-05-08 07:36:12.016000+00:00,5.8,us7000pwkn,2025-05-02 12:58:26.014000+00:00,7.4,-56.8094,-68.1019,2025 Drake Passage Earthquake,97.8,1,0.0,aftershock sequence
114,3158,68,2023-12-02 08:08:30.436000+00:00,2023-12-18 02:09:46.337000+00:00,15.8,us7000li0f,2023-12-11 02:28:02.049000+00:00,5.3,56.6979,-34.502,Reykjanes Ridge,51.0,0,83.8,swarm
115,2880,67,2022-03-13 21:05:49.469000+00:00,2022-04-07 00:36:53.389000+00:00,24.1,us6000h48d,2022-03-13 21:05:49.469000+00:00,6.4,14.096,119.3811,Philippines,109.5,0,0.0,aftershock sequence
116,836,67,2007-09-27 19:57:44+00:00,2007-10-04 00:08:36.490000+00:00,6.2,usp000fp9t,2007-09-28 01:35:51.970000+00:00,6.5,-21.133,169.373,New Caledonia,172.1,1,40.3,swarm
117,1137,66,2010-01-03 19:54:49.830000+00:00,2010-01-24 14:18:59.710000+00:00,20.8,usp000h5np,2010-01-03 22:36:25.640000+00:00,7.1,-8.783,157.354,Solomon Islands,103.2,3,9.1,aftershock sequence
118,1197,66,2010-08-10 05:23:44.980000+00:00,2010-08-21 01:16:50.350000+00:00,10.8,usp000hhuc,2010-08-10 05:23:44.980000+00:00,7.3,-17.541,168.069,Vanuatu,82.2,1,0.0,aftershock sequence
119,1717,65,2014-05-30 15:26:14.180000+00:00,2014-06-11 09:08:24.460000+00:00,11.7,usc000r948,2014-05-30 15:26:14.180000+00:00,5.7,9.3864,126.4726,Philippines,146.9,0,0.0,aftershock sequence
120,2100,65,2016-11-21 02:47:09.010000+00:00,2016-12-08 08:15:48.870000+00:00,17.2,us10007b88,2016-11-21 20:59:49.270000+00:00,6.9,37.3931,141.387,Japan,135.7,1,3.1,aftershock sequence
121,2067,63,2016-08-12 01:26:36.280000+00:00,2016-09-03 18:28:39.770000+00:00,22.7,us10006d5h,2016-08-12 01:26:36.280000+00:00,7.2,-22.4765,173.1167,Loyalty Islands,102.2,1,0.0,aftershock sequence
122,687,63,2006-09-26 01:02:15.230000+00:00,2006-10-23 03:52:45.750000+00:00,27.1,usp000eu5f,2006-09-30 17:50:23.050000+00:00,6.6,46.351,153.166,Kuril Islands,95.5,2,20.6,swarm
123,2702,63,2021-02-14 08:03:52.835000+00:00,2021-03-14 09:14:12.647000+00:00,28.0,us6000dhxn,2021-02-16 00:49:25.141000+00:00,6.2,-17.8292,167.5413,Vanuatu,73.2,0,11.1,aftershock sequence
124,3484,62,2026-04-03 14:12:31.288000+00:00,2026-04-25 23:35:18.487000+00:00,22.4,us6000sqjb,2026-04-16 13:30:03.496000+00:00,6.0,-32.1443,-178.3174,Kermadec Islands,217.2,0,38.7,swarm
125,2423,62,2019-03-03 22:53:27.860000+00:00,2019-03-30 12:46:44.997000+00:00,26.6,us1000jb8d,2019-03-06 15:46:14.900000+00:00,6.4,-32.0238,-177.8845,Kermadec Islands,209.9,0,3.2,aftershock sequence
126,205,62,2002-09-01 21:28:04.510000+00:00,2002-09-26 13:58:31.390000+00:00,24.7,usp000bbpf,2002-09-08 18:44:23.710000+00:00,7.6,-3.302,142.945,Papua New Guinea,218.3,1,3.2,aftershock sequence
127,1857,61,2015-03-23 19:40:07.920000+00:00,2015-04-21 08:14:36.740000+00:00,28.5,us10001rvu,2015-03-29 23:48:31.010000+00:00,7.5,-4.7294,152.5623,Papua New Guinea,138.5,1,1.6,aftershock sequence
128,1586,61,2013-08-30 16:25:02.300000+00:00,2013-09-19 19:48:40+00:00,20.1,usb000jdt7,2013-08-30 16:25:02.300000+00:00,7.0,51.537,-175.2297,Alaska,80.6,2,0.0,aftershock sequence
129,1471,61,2012-10-28 03:04:08.820000+00:00,2012-11-13 07:34:19+00:00,16.2,usp000juhz,2012-10-28 03:04:08.820000+00:00,7.8,52.788,-132.101,Canada,112.0,1,0.0,aftershock sequence
130,1335,60,2011-10-23 10:41:23.250000+00:00,2011-11-22 03:30:35.800000+00:00,29.7,usp000j9rr,2011-10-23 10:41:23.250000+00:00,7.1,38.721,43.508,Turkey,89.9,1,0.0,aftershock sequence
131,359,60,2004-03-03 07:09:13.530000+00:00,2004-03-30 18:29:21.370000+00:00,27.5,usp000cphf,2004-03-09 22:56:42.510000+00:00,6.2,-32.265,-178.358,Kermadec Islands,139.7,0,50.0,swarm
132,1089,60,2009-08-16 07:38:21.700000+00:00,2009-09-10 06:20:57.420000+00:00,24.9,usp000h0ew,2009-08-16 07:38:21.700000+00:00,6.7,-1.479,99.49,Indonesia,70.7,1,0.0,aftershock sequence
133,2333,60,2018-09-21 23:20:34.330000+00:00,2018-10-08 21:59:54.730000+00:00,16.9,us1000h3p4,2018-09-28 10:02:45.250000+00:00,7.5,-0.2559,119.8462,Indonesia,177.8,1,18.3,aftershock sequence
134,3449,60,2026-01-19 18:53:35.612000+00:00,2026-02-04 21:34:24.660000+00:00,16.1,us6000s4xz,2026-01-28 06:47:01.506000+00:00,5.9,6.4317,123.741,Philippines,34.7,0,53.3,swarm
135,1866,60,2015-04-25 06:11:25.950000+00:00,2015-05-04 01:15:07.070000+00:00,8.8,us20002926,2015-04-25 06:11:25.950000+00:00,7.8,28.2305,84.7314,Nepal,145.8,3,0.0,aftershock sequence
136,2435,59,2019-03-31 23:32:15.620000+00:00,2019-04-20 07:45:26.278000+00:00,19.3,us2000k8e8,2019-04-01 08:11:32.416000+00:00,5.5,7.5782,94.3371,Indonesia,89.4,0,64.4,swarm
137,1138,59,2010-01-12 21:53:10.060000+00:00,2010-01-27 00:57:25.390000+00:00,14.1,usp000h60h,2010-01-12 21:53:10.060000+00:00,7.0,18.443,-72.571,Haiti,52.5,1,0.0,aftershock sequence
138,2403,59,2019-01-23 09:47:38.700000+00:00,2019-02-14 21:24:17.470000+00:00,22.5,us2000jfb2,2019-02-08 11:55:07.830000+00:00,5.9,9.8456,126.5791,Philippines,99.1,0,15.3,aftershock sequence
139,3173,59,2024-01-01 07:06:05.477000+00:00,2024-01-16 09:42:16.421000+00:00,15.1,us6000m0xl,2024-01-01 07:10:09.476000+00:00,7.5,37.4874,137.271,Japan,74.4,1,1.7,aftershock sequence
140,14,59,2000-04-23 04:06:36.260000+00:00,2000-05-25 20:16:41.420000+00:00,32.7,usp0009rth,2000-04-24 13:48:13.300000+00:00,5.2,12.454,142.604,Guam,127.2,0,5.1,aftershock sequence
141,1871,59,2015-05-07 07:10:19.590000+00:00,2015-05-19 15:18:49.520000+00:00,12.3,us20002das,2015-05-07 07:10:19.590000+00:00,7.1,-7.2175,154.5567,Papua New Guinea,112.1,1,0.0,aftershock sequence
142,2382,58,2018-12-20 17:01:55.150000+00:00,2019-01-11 19:33:34.980000+00:00,22.1,us2000ivfw,2018-12-20 17:01:55.150000+00:00,7.3,55.0999,164.6993,Russia,132.7,1,0.0,aftershock sequence
143,2347,58,2018-10-16 00:28:13.060000+00:00,2018-10-28 20:41:46.960000+00:00,12.8,us1000hclz,2018-10-16 01:03:43.580000+00:00,6.5,-21.7427,169.5217,New Caledonia,187.7,1,5.2,aftershock sequence
144,2013,57,2016-04-14 12:26:35.730000+00:00,2016-04-20 20:16:52.830000+00:00,6.3,us20005iis,2016-04-15 16:25:06.220000+00:00,7.0,32.7906,130.7543,Japan,98.1,1,29.8,swarm
145,2532,57,2019-12-14 06:39:45.896000+00:00,2019-12-22 07:39:37.706000+00:00,8.0,us60006rp9,2019-12-15 06:11:51.155000+00:00,6.8,6.6969,125.1739,Philippines,126.2,1,1.8,aftershock sequence
146,2078,56,2016-08-29 10:22:00.690000+00:00,2016-10-09 16:36:47.810000+00:00,41.3,us10006rte,2016-09-23 00:14:34.700000+00:00,6.2,34.4619,141.6368,Japan,136.3,0,39.3,swarm
147,2321,56,2018-08-23 09:32:32.710000+00:00,2018-09-10 20:47:26.570000+00:00,18.5,us1000gjaz,2018-08-29 03:51:56.100000+00:00,7.1,-22.0295,170.1262,New Caledonia,85.8,1,14.3,aftershock sequence
148,228,55,2002-11-03 22:12:41.518000+00:00,2002-11-15 22:05:40.458000+00:00,12.0,ak002e435qpj,2002-11-03 22:12:41.518000+00:00,7.9,63.5141,-147.4529,Alaska,318.9,1,0.0,aftershock sequence
149,1632,55,2013-12-17 03:28:30.580000+00:00,2014-01-14 15:51:02.020000+00:00,28.5,usc000lmmc,2013-12-17 23:38:06.820000+00:00,6.2,20.7727,146.7903,Mariana Islands,156.8,0,12.7,aftershock sequence
150,453,55,2004-11-25 18:52:54.490000+00:00,2004-12-05 01:40:46.460000+00:00,9.3,usp000d975,2004-11-26 02:25:03.310000+00:00,7.1,-3.609,135.404,Indonesia,160.6,1,1.8,aftershock sequence
151,311,54,2003-09-27 11:33:25.080000+00:00,2003-10-17 05:30:20.530000+00:00,19.7,usp000c8sz,2003-09-27 11:33:25.080000+00:00,7.3,50.038,87.813,Russia,55.0,2,0.0,aftershock sequence
152,3007,53,2022-11-22 02:03:06.891000+00:00,2022-11-28 08:16:28.280000+00:00,6.3,us7000irfb,2022-11-22 02:03:06.891000+00:00,7.0,-9.8198,159.6033,Solomon Islands,49.0,1,0.0,aftershock sequence
153,3184,53,2024-01-22 18:09:04.340000+00:00,2024-02-04 01:18:58.257000+00:00,12.3,us7000lsze,2024-01-22 18:09:04.340000+00:00,7.0,41.2555,78.6538,China,20.4,1,0.0,aftershock sequence
154,827,53,2007-08-23 07:04:18.900000+00:00,2007-09-15 11:34:35.920000+00:00,23.2,usp000fm6b,2007-09-02 01:05:18.150000+00:00,7.2,-11.61,165.762,Solomon Islands,68.7,1,9.4,aftershock sequence
155,2505,52,2019-10-07 22:37:28.190000+00:00,2019-11-01 18:38:36.952000+00:00,24.8,us6000645n,2019-10-29 01:04:43.879000+00:00,6.6,6.7567,125.0082,Philippines,93.3,2,38.5,swarm
156,2474,52,2019-06-27 20:24:33.779000+00:00,2019-07-27 05:19:48.947000+00:00,29.4,us70004dz3,2019-07-07 15:08:40.525000+00:00,6.9,0.5126,126.1892,Indonesia,164.4,1,5.8,aftershock sequence
157,1473,52,2012-10-27 16:22:05.800000+00:00,2012-12-03 23:58:35.430000+00:00,37.3,usp000jv5f,2012-11-07 16:35:46.930000+00:00,7.4,13.988,-91.895,Guatemala,100.6,2,5.8,aftershock sequence
158,3363,52,2025-06-19 12:31:46.419000+00:00,2025-07-20 03:35:32.987000+00:00,30.6,us6000ql87,2025-06-19 13:51:12.287000+00:00,5.3,2.9504,-31.3093,Mid-Atlantic Ridge,55.1,0,19.2,aftershock sequence
159,1356,51,2011-12-27 07:33:35.350000+00:00,2012-02-11 19:55:51.400000+00:00,46.5,usp000jdcr,2012-01-12 03:20:49.990000+00:00,5.5,36.994,141.071,Japan,282.2,0,33.3,swarm
160,2833,50,2021-11-29 12:40:44.400000+00:00,2021-12-29 11:33:56.416000+00:00,30.0,us7000fxyq,2021-11-29 12:40:44.400000+00:00,6.3,31.196,142.5026,Japan,65.1,0,0.0,aftershock sequence
161,1297,50,2011-07-10 16:24:16.270000+00:00,2011-07-18 15:25:10.500000+00:00,8.0,usp000j4p4,2011-07-11 20:47:04.300000+00:00,6.4,9.509,122.175,Philippines,63.8,0,6.0,aftershock sequence
162,2924,50,2022-06-11 06:09:43.622000+00:00,2022-06-27 21:01:02.346000+00:00,16.6,us7000hgp6,2022-06-11 07:29:54.270000+00:00,5.6,-7.9871,-13.6166,Saint Helena,105.2,0,6.0,aftershock sequence
163,349,49,2004-02-05 21:05:02.840000+00:00,2004-02-14 00:05:14.770000+00:00,8.1,usp000ckks,2004-02-07 02:42:35.210000+00:00,7.3,-4.003,135.023,Indonesia,138.7,3,42.9,swarm
164,223,49,2002-10-23 21:35:01.090000+00:00,2002-10-25 02:49:24.450000+00:00,1.2,usp000bf6d,2002-10-24 04:35:13.060000+00:00,5.4,25.222,123.746,Japan,80.7,0,51.0,swarm
165,2657,49,2020-10-19 20:54:38.950000+00:00,2020-11-05 12:56:31.664000+00:00,16.7,us6000c9hg,2020-10-19 20:54:38.950000+00:00,7.6,54.602,-159.6258,Alaska,65.9,1,0.0,aftershock sequence
166,751,49,2007-03-25 00:40:01.610000+00:00,2007-04-14 16:46:24.690000+00:00,20.7,usp000f7b4,2007-03-25 00:40:01.610000+00:00,7.1,-20.617,169.357,Vanuatu,131.8,3,0.0,aftershock sequence
167,2875,48,2022-02-21 20:52:32.543000+00:00,2022-04-16 16:08:07.701000+00:00,53.8,us6000h5cy,2022-03-17 11:33:37.138000+00:00,5.7,26.8146,126.3749,Japan,45.5,0,20.8,swarm
168,432,48,2004-10-18 04:22:36.930000+00:00,2004-11-10 05:16:49.350000+00:00,23.0,usp000d7kq,2004-11-03 08:31:43.730000+00:00,6.0,14.474,146.842,Northern Mariana Islands,88.0,0,29.2,swarm
169,2861,47,2022-01-29 15:57:21.516000+00:00,2022-03-02 01:03:15.018000+00:00,31.4,us7000gklv,2022-02-13 20:29:46.350000+00:00,6.0,11.7884,144.2842,Guam,67.5,0,25.5,swarm
170,2479,47,2019-07-11 14:38:00.555000+00:00,2019-07-20 06:19:26.068000+00:00,8.7,us70004jyv,2019-07-14 09:10:51.523000+00:00,7.2,-0.5858,128.034,Indonesia,93.7,1,2.1,aftershock sequence
171,652,47,2006-07-02 23:56:20.660000+00:00,2006-07-23 18:54:05.120000+00:00,20.8,usp000ep3b,2006-07-19 11:48:58.290000+00:00,6.4,-5.474,150.684,Papua New Guinea,154.0,0,80.9,swarm
172,1968,47,2015-12-09 10:19:04.060000+00:00,2015-12-24 16:13:23.800000+00:00,15.2,us20004ft7,2015-12-09 10:21:48.530000+00:00,6.9,-4.1064,129.5079,Indonesia,148.2,1,2.1,aftershock sequence
173,142,46,2002-01-02 17:22:48.760000+00:00,2002-01-17 14:49:25.130000+00:00,14.9,usp000avpw,2002-01-02 17:22:48.760000+00:00,7.2,-17.6,167.856,Vanuatu,73.2,2,0.0,aftershock sequence
174,3563,46,2026-09-25 21:23:03.309000+00:00,2026-10-07 02:49:59.426000+00:00,11.2,us6000txpi,2026-09-25 21:23:03.309000+00:00,6.6,-21.2982,168.61,New Caledonia,53.9,1,0.0,aftershock sequence
175,3467,46,2026-02-24 09:43:50.848000+00:00,2026-04-03 07:06:45.197000+00:00,37.9,us7000s2zx,2026-03-08 17:08:42.553000+00:00,5.9,51.6519,159.3937,Russia,164.2,0,41.3,swarm
176,2445,45,2019-04-22 03:59:58.929000+00:00,2019-05-20 08:14:57.789000+00:00,28.2,us70003cam,2019-04-26 05:26:59.744000+00:00,5.4,9.7941,126.6865,Philippines,117.1,0,6.7,aftershock sequence
177,18,45,2000-05-04 04:21:16.210000+00:00,2000-05-28 06:26:20.320000+00:00,24.1,usp0009sbh,2000-05-04 04:21:16.210000+00:00,7.6,-1.105,123.573,Indonesia,72.7,1,0.0,aftershock sequence
178,3185,44,2024-01-27 19:05:24.341000+00:00,2024-03-13 17:40:25.311000+00:00,45.9,us7000ly6w,2024-02-10 03:22:06.930000+00:00,5.8,8.6822,125.568,Philippines,207.7,0,31.8,swarm
179,72,44,2001-01-26 03:16:40.500000+00:00,2001-03-01 00:53:16.060000+00:00,33.9,usp000a8ds,2001-01-26 03:16:40.500000+00:00,7.7,23.419,70.232,India,97.7,1,0.0,aftershock sequence
180,2934,44,2022-07-04 05:35:51.743000+00:00,2022-07-08 21:34:33.544000+00:00,4.7,us6000hzwa,2022-07-05 00:26:56.477000+00:00,5.4,10.3277,94.2534,India,62.2,0,63.6,swarm
181,3224,44,2024-04-26 20:09:18.656000+00:00,2024-04-29 03:39:39.488000+00:00,2.3,us6000mu57,2024-04-26 22:23:36.979000+00:00,5.8,-37.0467,78.1694,Mid-Indian Ridge,162.8,0,63.6,swarm
182,1950,43,2015-11-08 09:51:51.780000+00:00,2015-11-15 14:49:39.240000+00:00,7.2,us10003vry,2015-11-08 16:47:02.160000+00:00,6.6,6.8431,94.648,India,106.1,1,48.8,swarm
183,2331,43,2018-09-15 00:08:21.430000+00:00,2018-10-17 02:58:54.340000+00:00,32.1,us2000hewm,2018-09-15 00:08:21.430000+00:00,5.7,26.7302,129.6429,Japan,177.2,0,0.0,aftershock sequence
184,1499,43,2013-01-08 23:31:49.240000+00:00,2013-01-19 17:40:06.900000+00:00,10.8,usp000jy3r,2013-01-09 05:27:04.150000+00:00,5.0,-1.971,67.985,Carlsberg Ridge,116.1,0,18.6,aftershock sequence
185,3298,42,2024-12-17 01:47:25.741000+00:00,2025-01-14 07:35:23.249000+00:00,28.2,us7000nzf3,2024-12-17 01:47:25.741000+00:00,7.3,-17.6914,168.0842,Vanuatu,81.2,1,0.0,aftershock sequence
186,859,42,2007-10-31 23:15:59.340000+00:00,2007-12-20 07:42:53.450000+00:00,49.4,usp000ft9g,2007-11-25 17:41:38.040000+00:00,6.0,-2.238,100.413,Indonesia,318.2,0,40.5,swarm
187,617,42,2006-04-19 17:49:04.600000+00:00,2006-05-15 16:59:30.520000+00:00,26.0,usp000efv7,2006-04-30 19:17:14.980000+00:00,6.7,-27.017,-71.022,Chile,102.9,2,26.2,swarm
188,1907,42,2015-07-30 07:42:25.380000+00:00,2015-08-27 13:42:32.440000+00:00,28.3,us100030i6,2015-08-09 04:46:20.710000+00:00,5.8,-27.4539,-176.2457,Kermadec Islands,106.2,0,33.3,swarm
189,212,42,2002-09-20 19:19:46.920000+00:00,2002-10-09 16:51:39.070000+00:00,18.9,usp000bd1x,2002-09-24 22:54:21.480000+00:00,6.3,-10.565,161.11,Solomon Islands,92.5,0,23.8,swarm
190,3286,42,2024-11-01 08:24:01.506000+00:00,2024-11-19 12:23:23.078000+00:00,18.2,us7000nqb9,2024-11-06 22:55:03.607000+00:00,5.8,25.4039,142.8586,Japan,61.4,0,28.6,swarm
191,691,41,2006-10-09 10:01:47.400000+00:00,2006-10-16 02:54:11.560000+00:00,6.7,usp000eus2,2006-10-09 10:01:47.400000+00:00,6.3,20.654,120.023,Taiwan,171.9,0,0.0,aftershock sequence
192,2949,41,2022-07-28 19:52:27.254000+00:00,2022-08-07 22:57:13.983000+00:00,10.1,us6000i7xr,2022-08-04 03:39:45.898000+00:00,5.7,32.6119,142.5292,Japan,126.0,0,43.9,swarm
193,63,41,2001-01-01 06:57:04.170000+00:00,2001-01-28 21:08:41.280000+00:00,27.6,usp000a70h,2001-01-01 06:57:04.170000+00:00,7.5,6.898,126.579,Philippines,178.9,2,0.0,aftershock sequence
194,1457,41,2012-09-03 14:26:43.350000+00:00,2012-09-25 20:25:23.920000+00:00,22.2,usp000jrkr,2012-09-03 18:23:05.230000+00:00,6.1,-10.708,113.931,Indonesia,31.9,0,4.9,aftershock sequence
195,301,41,2003-08-20 02:48:50+00:00,2003-09-22 07:16:39.500000+00:00,33.2,usp000c5h6,2003-08-21 12:12:49.790000+00:00,7.2,-45.104,167.144,New Zealand,64.3,1,2.4,aftershock sequence
196,3429,41,2025-12-08 14:15:09.896000+00:00,2025-12-25 16:25:51.382000+00:00,17.1,us6000rtdt,2025-12-08 14:15:09.896000+00:00,7.6,40.9984,142.1836,Japan,219.3,3,0.0,aftershock sequence
197,3491,41,2026-04-20 07:52:58.908000+00:00,2026-05-17 00:07:28.641000+00:00,26.7,us6000sri7,2026-04-20 07:52:58.908000+00:00,7.4,39.971,143.0592,Japan,90.4,1,0.0,aftershock sequence
198,1729,41,2014-06-23 20:53:09.700000+00:00,2014-07-11 05:53:26.530000+00:00,17.4,usc000rki5,2014-06-23 20:53:09.700000+00:00,7.9,51.8486,178.7352,Alaska,225.9,1,0.0,aftershock sequence
199,2163,41,2017-04-22 22:46:42.890000+00:00,2017-04-29 01:46:02.230000+00:00,6.1,us10008kce,2017-04-24 21:38:30.820000+00:00,6.9,-33.0375,-72.0617,Chile,33.7,1,24.4,swarm
200,3566,40,2026-10-09 17:56:06.036000+00:00,2026-10-10 10:35:11.922000+00:00,0.7,us6000u18k,2026-10-09 17:56:06.036000+00:00,7.7,7.5868,-80.769,Panama,108.7,2,0.0,aftershock sequence
201,2467,40,2019-06-19 17:24:48.803000+00:00,2019-06-27 20:45:15.017000+00:00,8.1,us6000434e,2019-06-19 17:24:48.803000+00:00,6.3,-2.2656,138.461,Indonesia,62.9,0,0.0,aftershock sequence
202,1682,40,2014-03-14 13:38:06.200000+00:00,2014-03-25 20:46:58.550000+00:00,11.3,usc000njrq,2014-03-21 13:41:09.480000+00:00,6.4,7.7448,94.3342,Indonesia,79.6,0,5.0,aftershock sequence
203,2190,40,2017-07-17 11:05:09.060000+00:00,2017-07-28 02:39:15.700000+00:00,10.6,us20009x42,2017-07-17 23:34:13.740000+00:00,7.7,54.4434,168.857,Russia,244.6,1,7.5,aftershock sequence
204,550,40,2005-09-26 06:55:16.630000+00:00,2005-10-08 16:31:55.460000+00:00,12.4,usp000e0h0,2005-09-29 15:50:24.030000+00:00,6.6,-5.437,151.84,Papua New Guinea,85.4,1,2.5,aftershock sequence
205,1402,40,2012-03-20 18:02:47.440000+00:00,2012-04-03 05:35:17.590000+00:00,13.5,usp000jghj,2012-03-20 18:02:47.440000+00:00,7.4,16.493,-98.231,Mexico,130.7,1,0.0,aftershock sequence
206,2015,40,2016-04-16 23:47:42.280000+00:00,2016-04-26 21:58:34.720000+00:00,9.9,us20005j32,2016-04-16 23:58:36.980000+00:00,7.8,0.3819,-79.9218,Ecuador,211.4,1,2.5,aftershock sequence
207,1399,39,2012-03-14 09:08:35.140000+00:00,2012-03-30 15:42:26.960000+00:00,16.3,usp000jg7e,2012-03-14 09:08:35.140000+00:00,6.9,40.887,144.944,Japan,31.1,1,0.0,aftershock sequence
208,1084,39,2009-07-26 06:45:35.980000+00:00,2009-07-28 19:14:09.690000+00:00,2.5,usp000gzn9,2009-07-26 08:11:15.880000+00:00,5.2,10.769,94.374,India,64.2,0,15.4,aftershock sequence
209,2385,39,2018-12-20 19:26:08.240000+00:00,2019-01-25 19:45:17.270000+00:00,36.0,us2000j0uj,2019-01-06 17:27:18.980000+00:00,6.6,2.258,126.758,Molucca Sea,159.2,1,17.9,aftershock sequence
210,2256,39,2018-01-23 09:31:40.890000+00:00,2018-02-15 18:45:46.160000+00:00,23.4,us2000cmy3,2018-01-23 09:31:40.890000+00:00,7.9,56.0039,-149.1658,Alaska,91.8,1,0.0,aftershock sequence
211,2260,39,2018-02-03 19:30:56.870000+00:00,2018-02-19 14:47:01.420000+00:00,15.8,us1000chhc,2018-02-06 15:50:43.320000+00:00,6.4,24.1338,121.6586,Taiwan,49.5,0,35.9,swarm
212,3145,38,2023-11-06 16:37:34.162000+00:00,2023-11-18 03:01:07.880000+00:00,11.4,us7000lali,2023-11-13 07:43:34.115000+00:00,6.1,-3.8855,151.067,Papua New Guinea,56.9,0,71.1,swarm
213,3021,38,2023-01-05 07:00:46.166000+00:00,2023-01-19 08:09:15.958000+00:00,14.0,us7000j2yw,2023-01-08 12:32:42.372000+00:00,7.0,-14.9467,166.8791,Vanuatu,71.2,1,2.6,aftershock sequence
214,2779,38,2021-08-06 03:42:50.023000+00:00,2021-08-16 08:04:58.535000+00:00,10.2,us6000f48v,2021-08-11 17:46:13.143000+00:00,7.1,6.4748,126.7151,Philippines,101.9,1,5.3,aftershock sequence
215,2838,38,2021-12-07 21:30:16.386000+00:00,2021-12-12 17:52:14.174000+00:00,4.8,us6000ga9w,2021-12-08 00:36:38.873000+00:00,5.8,44.4262,-129.5255,Oregon,59.5,0,10.5,aftershock sequence
216,2075,38,2016-08-20 22:04:53.350000+00:00,2016-10-11 01:24:41.770000+00:00,51.1,us10006q7u,2016-09-16 18:38:05+00:00,5.5,-29.1551,60.9158,Southwest Indian Ridge,51.2,0,47.4,swarm
217,1405,38,2012-04-01 14:04:24.910000+00:00,2012-05-10 08:34:51.530000+00:00,38.8,usp000jh3k,2012-04-01 14:04:24.910000+00:00,5.7,37.116,140.957,Japan,171.7,0,0.0,aftershock sequence
218,1451,37,2012-08-25 09:31:22.800000+00:00,2012-09-23 01:51:36.790000+00:00,28.7,usp000jqvm,2012-08-27 04:37:19.430000+00:00,7.3,12.139,-88.59,El Salvador,106.6,1,2.7,aftershock sequence
219,1422,37,2012-05-08 21:46:57.710000+00:00,2012-05-29 15:17:39.640000+00:00,20.7,usp000jknx,2012-05-20 07:20:36.870000+00:00,6.3,39.646,143.164,Japan,176.5,0,32.4,swarm
220,2750,37,2021-05-24 16:16:57.825000+00:00,2021-06-20 05:44:41.156000+00:00,26.6,us7000e9bi,2021-06-03 10:09:58.295000+00:00,6.2,0.3165,126.2911,Indonesia,87.7,0,8.1,aftershock sequence
221,1027,37,2009-01-10 15:35:16.240000+00:00,2009-01-28 01:33:49.060000+00:00,17.4,usp000gsm5,2009-01-15 07:27:20.290000+00:00,6.7,-22.352,170.635,New Caledonia,135.4,2,5.4,aftershock sequence
222,651,37,2006-07-01 19:34:39.610000+00:00,2006-07-11 04:04:22.360000+00:00,9.4,usp000en5e,2006-07-08 20:40:00.980000+00:00,6.6,51.214,-179.312,Alaska,34.7,1,32.4,swarm
223,519,37,2005-06-20 02:44:54.230000+00:00,2005-07-14 07:43:00.620000+00:00,24.2,usp000dv11,2005-07-11 23:06:01.740000+00:00,6.0,-27.001,-176.322,Kermadec Islands,73.4,0,89.2,swarm
224,3126,37,2023-09-12 13:58:01.058000+00:00,2023-10-20 19:16:10.315000+00:00,38.2,us7000kwm6,2023-09-19 06:22:36.608000+00:00,5.8,30.9964,141.9897,Japan,135.5,0,8.1,aftershock sequence
225,2337,37,2018-09-27 13:58:35.140000+00:00,2018-10-04 13:13:13.600000+00:00,7.0,us1000h3ml,2018-09-28 07:06:39.880000+00:00,5.7,-26.5126,67.6195,Indian Ocean Triple Junction,143.4,0,10.8,aftershock sequence
226,419,36,2004-09-05 10:07:07.820000+00:00,2004-09-10 02:05:57.830000+00:00,4.7,usp000d3mb,2004-09-05 14:57:18.610000+00:00,7.4,33.184,137.071,Japan,63.2,4,16.7,aftershock sequence
227,3365,36,2025-06-24 09:04:15.157000+00:00,2025-07-13 13:14:40.966000+00:00,19.2,us7000q8l7,2025-06-25 01:33:28.230000+00:00,5.4,9.4363,93.8934,India,53.1,0,36.1,swarm
228,1014,36,2008-11-25 01:36:30.640000+00:00,2008-12-25 09:00:17.940000+00:00,30.3,usp000gq7y,2008-12-09 06:23:59.750000+00:00,6.8,-31.232,-176.924,Kermadec Islands,226.1,1,19.4,aftershock sequence
229,1203,36,2010-09-03 16:35:47.770000+00:00,2010-09-29 20:39:18.940000+00:00,26.2,usp000hk46,2010-09-03 16:35:47.770000+00:00,7.0,-43.522,171.83,New Zealand,69.8,1,0.0,aftershock sequence
230,2156,36,2017-04-03 02:07:53.730000+00:00,2017-04-20 04:38:37.520000+00:00,17.1,us10008g7h,2017-04-10 10:38:47.900000+00:00,5.8,5.6754,127.2013,Philippines,127.5,0,8.3,aftershock sequence
231,2792,36,2021-09-08 15:33:58.062000+00:00,2021-09-12 19:21:42.677000+00:00,4.2,us7000f9ay,2021-09-08 16:37:27.395000+00:00,5.5,-38.1626,-93.8805,West Chile Rise,115.9,0,5.6,aftershock sequence
232,1783,36,2014-10-08 11:06:26.460000+00:00,2014-11-22 10:49:29.640000+00:00,45.0,usc000syca,2014-11-18 03:25:37.490000+00:00,5.6,7.484,94.359,Indonesia,35.2,0,86.1,swarm
233,67,36,2001-01-13 17:33:32.380000+00:00,2001-02-23 18:40:50.390000+00:00,41.0,usp000a7m5,2001-01-13 17:33:32.380000+00:00,7.7,13.049,-88.66,El Salvador,164.7,2,0.0,aftershock sequence
234,2767,36,2021-07-16 15:56:35.489000+00:00,2021-08-12 02:11:52.009000+00:00,26.4,us6000eynb,2021-07-24 12:51:28.422000+00:00,6.1,-29.9271,-176.8643,Kermadec Islands,150.7,0,8.3,aftershock sequence
235,1872,36,2015-05-08 00:32:33.960000+00:00,2015-05-29 10:00:00.270000+00:00,21.4,us20002ejl,2015-05-12 07:05:19.730000+00:00,7.3,27.8087,86.0655,Nepal,127.6,1,2.8,aftershock sequence
236,874,35,2007-12-17 09:03:16.790000+00:00,2008-01-02 01:28:44.550000+00:00,15.7,usp000fuse,2007-12-19 09:30:27.930000+00:00,7.2,51.36,-179.509,Alaska,74.2,1,11.4,aftershock sequence
237,1657,35,2014-01-26 13:55:42.210000+00:00,2014-02-21 15:18:23.400000+00:00,26.1,usb000m8ch,2014-01-26 13:55:42.210000+00:00,6.1,38.2082,20.4528,Greece,209.4,0,0.0,aftershock sequence
238,3540,35,2026-07-27 01:34:29.453000+00:00,2026-08-04 21:09:29.122000+00:00,8.8,us7000t3m6,2026-07-27 08:47:20.426000+00:00,5.3,-24.7618,-175.5552,Tonga,172.7,0,34.3,swarm
239,1886,35,2015-06-03 12:31:54.340000+00:00,2015-07-19 05:48:15.060000+00:00,45.7,us10002mhg,2015-06-30 03:39:29.410000+00:00,6.0,-5.4513,151.5457,Papua New Guinea,259.1,0,51.4,swarm
240,545,35,2005-09-09 07:26:43.730000+00:00,2005-09-26 18:20:14.450000+00:00,17.5,usp000dz2j,2005-09-09 07:26:43.730000+00:00,7.6,-4.539,153.474,Papua New Guinea,151.8,1,0.0,aftershock sequence
241,1809,35,2014-12-04 02:19:06.540000+00:00,2014-12-26 16:38:24.180000+00:00,22.6,usc000t4cz,2014-12-07 01:22:02.180000+00:00,6.6,-6.5108,154.4603,Papua New Guinea,191.4,1,2.9,aftershock sequence
242,2785,35,2021-08-19 00:20:50.280000+00:00,2021-09-12 16:12:28.104000+00:00,24.7,us7000f60j,2021-08-31 02:52:50.513000+00:00,6.4,-29.9211,-177.3798,New Zealand,170.5,0,17.1,aftershock sequence
243,987,35,2008-09-29 15:19:31.590000+00:00,2008-10-19 19:21:23.610000+00:00,20.2,usp000ghyg,2008-09-29 15:19:31.590000+00:00,7.0,-29.756,-177.683,New Zealand,205.2,1,0.0,aftershock sequence
244,990,35,2008-10-05 15:52:49.400000+00:00,2008-10-23 05:50:45.600000+00:00,17.6,usp000gjd4,2008-10-05 15:52:49.400000+00:00,6.7,39.533,73.824,Kyrgyzstan,43.6,1,0.0,aftershock sequence
245,154,34,2002-03-05 21:16:09.130000+00:00,2002-03-21 00:26:16.880000+00:00,15.1,usp000azqw,2002-03-05 21:16:09.130000+00:00,7.5,6.033,124.249,Philippines,92.9,1,0.0,aftershock sequence
246,2380,34,2018-12-15 07:19:04.930000+00:00,2018-12-31 05:22:15.590000+00:00,15.9,us2000iu3c,2018-12-16 09:48:20.640000+00:00,5.5,-16.3371,168.1512,Vanuatu,84.2,0,23.5,swarm
247,2062,34,2016-07-29 21:18:24.740000+00:00,2016-08-28 20:56:51.340000+00:00,30.0,us100068jg,2016-07-29 21:18:24.740000+00:00,7.7,18.5429,145.5073,Northern Mariana Islands,110.2,1,0.0,aftershock sequence
248,433,34,2004-10-23 08:56:00.860000+00:00,2004-11-15 00:39:34.980000+00:00,22.7,usp000d6vk,2004-10-23 08:56:00.860000+00:00,6.6,37.226,138.779,Japan,23.6,1,0.0,aftershock sequence
249,373,34,2004-04-22 03:05:40.330000+00:00,2004-04-29 13:34:05.400000+00:00,7.4,usp000ct3w,2004-04-22 10:11:12.660000+00:00,6.0,-17.587,167.888,Vanuatu,72.9,0,17.6,aftershock sequence
250,530,34,2005-07-26 05:14:43.130000+00:00,2005-08-10 03:52:42.160000+00:00,14.9,usp000dw80,2005-07-29 20:25:00.100000+00:00,5.4,33.316,142.363,Japan,29.3,0,82.4,swarm
251,928,34,2008-05-01 21:58:52.290000+00:00,2008-05-11 04:43:50.030000+00:00,9.3,usp000g5rx,2008-05-07 16:45:18.700000+00:00,6.9,36.164,141.526,Japan,123.9,1,52.9,swarm
252,77,34,2001-02-18 03:54:06.980000+00:00,2001-03-13 14:02:39+00:00,23.4,usp000aa8b,2001-02-24 07:23:48.730000+00:00,7.1,1.271,126.249,Indonesia,233.0,1,5.9,aftershock sequence
253,2906,34,2022-04-27 09:27:00.250000+00:00,2022-06-05 05:21:57.607000+00:00,38.8,us7000heu8,2022-06-04 02:59:28.434000+00:00,5.6,-58.7733,-25.5884,South Sandwich Islands,403.4,0,88.2,swarm
254,771,34,2007-05-01 17:05:19.080000+00:00,2007-06-10 02:41:28.800000+00:00,39.4,usp000fcjf,2007-05-23 08:16:09.190000+00:00,5.2,21.883,143.121,Mariana Islands,129.3,0,47.1,swarm
255,3528,34,2026-07-04 08:55:49.991000+00:00,2026-08-02 05:10:45.130000+00:00,28.8,us7000t30r,2026-07-24 12:14:28.115000+00:00,5.4,-2.5691,138.9073,Indonesia,70.0,0,41.2,swarm
256,1808,34,2014-11-25 05:19:54.100000+00:00,2014-12-04 08:25:15.520000+00:00,9.1,usb000t15u,2014-11-29 13:05:08.540000+00:00,5.6,5.7314,61.381,Carlsberg Ridge,57.0,0,61.8,swarm
257,3067,33,2023-04-16 17:05:21.359000+00:00,2023-05-18 21:59:35.268000+00:00,32.2,us6000k6mg,2023-04-24 00:41:55.894000+00:00,7.1,-29.9574,-177.8386,New Zealand,130.5,1,18.2,aftershock sequence
258,2119,33,2017-01-03 21:52:30.670000+00:00,2017-01-05 23:23:02.440000+00:00,2.1,us10007pj6,2017-01-03 21:52:30.670000+00:00,6.9,-19.3733,176.0518,Fiji,67.9,1,0.0,aftershock sequence
259,1762,33,2014-08-17 11:24:16.590000+00:00,2014-08-26 04:11:26.200000+00:00,8.7,usb000s3np,2014-08-18 02:32:05.350000+00:00,6.2,32.703,47.695,Iran,35.4,0,6.1,aftershock sequence
260,596,33,2006-02-22 22:19:07.800000+00:00,2006-03-27 14:56:25.390000+00:00,32.7,usp000eamh,2006-02-22 22:19:07.800000+00:00,7.0,-21.324,33.583,Zimbabwe,103.6,1,0.0,aftershock sequence
261,1891,33,2015-06-24 09:00:41.140000+00:00,2015-07-05 12:30:49.120000+00:00,11.1,us10002lne,2015-06-25 18:45:57.450000+00:00,6.0,-32.0722,-178.3241,Kermadec Islands,202.4,0,3.0,aftershock sequence
262,1242,33,2011-02-05 16:11:39.680000+00:00,2011-02-14 12:20:03.840000+00:00,8.8,usp000huc2,2011-02-11 20:05:30.910000+00:00,6.9,-36.422,-72.96,Chile,146.5,2,15.2,aftershock sequence
263,2475,33,2019-07-04 17:33:49+00:00,2019-07-18 03:59:14.720000+00:00,13.4,ci38457511,2019-07-06 03:19:53.040000+00:00,7.1,35.7695,-117.5993333,Ridgecrest Earthquake Sequence,52.0,1,18.2,aftershock sequence
264,3015,33,2022-12-05 10:30:15.562000+00:00,2023-01-09 13:57:56.360000+00:00,35.1,us6000j8jd,2022-12-11 06:40:21.197000+00:00,5.6,-58.7309,-25.4268,South Sandwich Islands,268.0,0,12.1,aftershock sequence
265,507,33,2005-05-10 16:51:32.630000+00:00,2005-05-22 22:19:24.130000+00:00,12.2,usp000dqe9,2005-05-10 21:40:27.250000+00:00,5.2,62.246,-26.402,Iceland,40.7,0,6.1,aftershock sequence
266,34,33,2000-07-24 12:17:26.530000+00:00,2000-09-16 20:10:19.420000+00:00,54.3,usp000a054,2000-09-12 16:27:24.580000+00:00,6.0,-5.435,101.823,Indonesia,159.5,0,90.9,swarm
267,297,33,2003-08-04 04:37:20.130000+00:00,2003-08-12 20:59:16.070000+00:00,8.7,usp000c41f,2003-08-04 04:37:20.130000+00:00,7.6,-60.532,-43.411,Scotia Sea,91.6,1,0.0,aftershock sequence
268,3466,32,2026-02-18 07:35:50.915000+00:00,2026-03-10 06:51:36.909000+00:00,20.0,us7000s1en,2026-03-02 10:39:22.622000+00:00,5.6,25.2088,124.9773,Japan,98.1,0,65.6,swarm
269,2173,32,2017-05-10 23:23:36.830000+00:00,2017-05-17 22:50:32.520000+00:00,7.0,us10008rb6,2017-05-10 23:23:36.830000+00:00,6.5,-56.414,-25.7432,South Sandwich Islands,186.3,1,0.0,aftershock sequence
270,2598,32,2020-05-14 16:08:18.298000+00:00,2020-06-20 12:18:02.004000+00:00,36.8,us60009zv5,2020-05-27 07:09:09.853000+00:00,6.2,-17.5304,167.8743,Vanuatu,164.5,0,25.0,swarm
271,3399,32,2025-09-30 13:59:43.328000+00:00,2025-10-05 02:49:06.145000+00:00,4.5,us6000rdrz,2025-09-30 13:59:43.328000+00:00,6.9,11.1557,124.111,Philippines,66.5,1,0.0,aftershock sequence
272,910,32,2008-03-20 22:32:57.930000+00:00,2008-03-26 10:39:27.910000+00:00,5.5,usp000g1w2,2008-03-20 22:32:57.930000+00:00,7.2,35.49,81.467,China,64.9,1,0.0,aftershock sequence
273,950,32,2008-06-27 11:40:13.990000+00:00,2008-07-14 00:40:32.220000+00:00,16.5,usp000gapt,2008-06-27 11:40:13.990000+00:00,6.6,11.005,91.824,India,46.9,1,0.0,aftershock sequence
274,3305,32,2025-01-07 01:05:16.734000+00:00,2025-01-27 09:33:37.563000+00:00,20.4,us6000pi9w,2025-01-07 01:05:16.734000+00:00,7.1,28.6036,87.3781,2025 Southern Tibetan Plateau Earthquake,42.4,1,0.0,aftershock sequence
275,1225,32,2010-12-04 13:04:52.770000+00:00,2010-12-21 19:15:13.650000+00:00,17.3,usp000hqnd,2010-12-08 05:24:35.260000+00:00,6.3,-56.412,-25.741,South Sandwich Islands,144.1,0,6.2,aftershock sequence
276,2544,32,2019-12-28 22:35:37.830000+00:00,2020-01-25 20:20:38.640000+00:00,27.9,pr2020007007,2020-01-07 08:24:27.370000+00:00,6.4,17.9578,-66.8113,Puerto Rico,22.3,0,21.9,swarm
277,3147,31,2023-11-03 03:51:20.714000+00:00,2023-11-11 04:53:32.190000+00:00,8.0,us7000la6d,2023-11-10 18:09:00.725000+00:00,5.3,63.9517,-22.346,Iceland,98.6,0,38.7,swarm
278,1874,31,2015-05-15 06:35:02.030000+00:00,2015-06-04 06:06:52.900000+00:00,20.0,us10002bnk,2015-05-22 21:45:19.480000+00:00,6.9,-11.0559,163.6959,Solomon Islands,177.9,3,29.0,swarm
279,2771,31,2021-07-26 20:19:22.539000+00:00,2021-08-05 21:10:12.831000+00:00,10.0,us6000f1z7,2021-08-03 20:33:34.791000+00:00,5.8,36.0981,142.1045,Japan,187.7,0,38.7,swarm
280,2749,31,2021-05-24 20:56:21.118000+00:00,2021-06-08 05:40:00.066000+00:00,14.4,us6000egqb,2021-05-27 04:00:27.120000+00:00,4.9,24.2794,122.4044,Japan,119.4,0,51.6,swarm
281,416,31,2004-08-30 22:09:19.070000+00:00,2004-09-22 20:50:00.170000+00:00,22.9,usp000d3qv,2004-09-06 12:42:59.390000+00:00,6.9,-55.372,-28.976,South Sandwich Islands,235.5,1,9.7,aftershock sequence
282,2453,31,2019-05-14 12:58:25.939000+00:00,2019-05-21 08:09:58.284000+00:00,6.8,us70003kyy,2019-05-14 12:58:25.939000+00:00,7.6,-4.051,152.5967,Papua New Guinea,192.9,1,0.0,aftershock sequence
283,999,31,2008-10-28 22:33:08.530000+00:00,2008-11-15 15:21:13.130000+00:00,17.7,usp000gm8g,2008-10-28 23:09:57.650000+00:00,6.4,30.639,67.351,Pakistan,58.6,0,3.2,aftershock sequence
284,2594,31,2020-05-02 12:51:05.561000+00:00,2020-05-27 01:09:52.824000+00:00,24.5,us700098qd,2020-05-02 12:51:05.561000+00:00,6.5,34.1818,25.7101,Greece,45.4,1,0.0,aftershock sequence
285,1072,30,2009-05-26 15:57:08.810000+00:00,2009-06-17 07:39:10.130000+00:00,21.7,usp000gxsf,2009-06-02 02:17:03.510000+00:00,6.3,-17.757,167.949,Vanuatu,103.9,0,10.0,aftershock sequence
286,2937,30,2022-07-08 03:05:15.447000+00:00,2022-07-10 22:19:58.098000+00:00,2.8,us6000i12c,2022-07-08 23:43:29.293000+00:00,5.9,18.8211,146.9402,Northern Mariana Islands,125.7,0,53.3,swarm
287,3475,30,2026-03-18 10:26:43.748000+00:00,2026-04-04 04:55:32.146000+00:00,16.8,us6000smhl,2026-04-04 04:55:32.146000+00:00,5.3,-21.7955,68.9424,Mid-Indian Ridge,58.2,0,96.7,swarm
288,2272,30,2018-03-22 15:13:54.890000+00:00,2018-04-07 05:15:16.710000+00:00,15.6,us1000db40,2018-03-29 21:25:36.790000+00:00,6.9,-5.5321,151.4999,Papua New Guinea,114.3,2,23.3,swarm
289,1431,30,2012-06-16 19:16:17.890000+00:00,2012-07-07 23:48:21.260000+00:00,21.2,usp000jn2m,2012-06-22 02:20:06.630000+00:00,5.5,-32.935,-178.65,Kermadec Islands,137.5,0,33.3,swarm
290,1392,30,2012-02-25 22:49:43.570000+00:00,2012-03-03 17:53:49.460000+00:00,6.8,usp000jfdd,2012-02-26 05:21:24.630000+00:00,6.0,-24.495,-177.238,Fiji Islands,127.2,0,20.0,aftershock sequence
291,1906,30,2015-07-27 00:31:38.280000+00:00,2015-08-08 19:09:34.490000+00:00,12.8,us200030aq,2015-07-27 04:49:46.400000+00:00,6.9,52.376,-169.4458,Alaska,51.4,1,3.3,aftershock sequence
292,735,30,2007-02-20 08:04:25.280000+00:00,2007-03-06 00:09:08.290000+00:00,13.7,usp000f57a,2007-02-20 08:04:25.280000+00:00,6.7,-1.034,126.976,Indonesia,159.4,1,0.0,aftershock sequence
293,894,30,2008-02-10 06:02:58.010000+00:00,2008-03-09 09:16:23.470000+00:00,28.1,usp000fzx4,2008-02-25 08:36:33.030000+00:00,7.2,-2.486,99.972,Indonesia,154.8,4,56.7,swarm
294,1574,30,2013-07-18 21:06:39+00:00,2013-08-01 12:56:13+00:00,13.7,usb000iivv,2013-07-21 05:09:31.450000+00:00,6.5,-41.704,174.337,New Zealand,56.4,1,20.0,aftershock sequence
295,2622,30,2020-07-22 06:12:44.810000+00:00,2020-08-08 14:42:54.082000+00:00,17.4,us7000asvb,2020-07-22 06:12:44.810000+00:00,7.8,55.0715,-158.596,Alaska,169.6,1,0.0,aftershock sequence
296,1191,30,2010-07-23 22:08:11.250000+00:00,2010-07-30 12:40:27.020000+00:00,6.6,usp000hgmh,2010-07-23 22:51:11.840000+00:00,7.6,6.497,123.48,Philippines,96.7,5,13.3,aftershock sequence
297,2693,30,2021-01-23 23:36:51.667000+00:00,2021-02-03 16:35:52.573000+00:00,10.7,us7000d2rx,2021-01-23 23:36:51.667000+00:00,6.9,-61.8098,-55.5027,South Shetland Islands,120.1,1,0.0,aftershock sequence
298,1328,29,2011-09-29 16:19:51.040000+00:00,2011-10-30 09:46:18.040000+00:00,30.7,usp000j9nm,2011-10-21 17:57:16.100000+00:00,7.4,-28.993,-176.238,Kermadec Islands,155.2,1,41.4,swarm
299,2318,29,2018-08-16 18:21:30.990000+00:00,2018-09-03 11:47:36.190000+00:00,17.7,us1000gaqv,2018-08-16 18:22:53.360000+00:00,6.3,23.4226,143.3187,Japan,174.4,0,3.4,aftershock sequence
300,2055,29,2016-07-13 11:56:58.280000+00:00,2016-08-02 19:00:41.020000+00:00,20.3,us1000638m,2016-07-13 12:11:12.830000+00:00,6.3,-28.0052,-176.443,Kermadec Islands,99.5,0,6.9,aftershock sequence
301,2540,29,2019-12-25 03:45:46.798000+00:00,2019-12-28 18:49:51.585000+00:00,3.6,us70006qy1,2019-12-25 12:23:13.896000+00:00,5.4,-22.1087,173.6329,Loyalty Islands,119.0,0,41.4,swarm
302,2605,29,2020-06-07 01:49:23.181000+00:00,2020-06-25 17:00:32.588000+00:00,18.6,us6000abge,2020-06-13 20:18:59.836000+00:00,5.4,24.3098,122.4669,Japan,117.6,0,3.4,aftershock sequence
303,2221,29,2017-10-10 12:19:24.940000+00:00,2017-10-23 17:31:03.250000+00:00,13.2,us1000aswu,2017-10-16 18:09:26.280000+00:00,5.5,-23.8502,-175.8718,Tonga,152.3,0,3.4,aftershock sequence
304,2637,29,2020-08-27 20:55:34.974000+00:00,2020-09-15 05:11:53.373000+00:00,18.3,us7000bfjr,2020-09-01 04:09:28.470000+00:00,6.8,-27.9686,-71.3062,Chile,43.5,2,3.4,aftershock sequence
305,1177,29,2010-06-12 19:26:50.460000+00:00,2010-06-25 13:43:22.300000+00:00,12.8,usp000hdwb,2010-06-12 19:26:50.460000+00:00,7.5,7.881,91.936,India,54.5,1,0.0,aftershock sequence
306,1544,28,2013-05-09 08:01:33.500000+00:00,2013-05-21 23:38:46.290000+00:00,12.7,usc000gtvs,2013-05-11 02:08:08.500000+00:00,6.1,26.56,57.77,Iran,34.5,0,3.6,aftershock sequence
307,2772,28,2021-07-29 06:15:49.188000+00:00,2021-07-31 15:40:55.757000+00:00,2.4,ak0219neiszm,2021-07-29 06:15:49.188000+00:00,8.2,55.3635,-157.8876,Alaska,219.5,1,0.0,aftershock sequence
308,1175,28,2010-05-22 14:27:07.440000+00:00,2010-06-02 19:50:14.520000+00:00,11.2,usp000hd84,2010-05-27 17:14:46.570000+00:00,7.2,-13.698,166.643,Vanuatu,93.2,1,3.6,aftershock sequence
309,1994,28,2016-02-20 12:33:42.720000+00:00,2016-02-28 15:11:46.540000+00:00,8.1,us10004rga,2016-02-21 01:26:02.260000+00:00,5.5,4.6999,-32.6275,Mid-Atlantic Ridge,73.5,0,53.6,swarm
310,3544,27,2026-07-29 03:30:50.508000+00:00,2026-08-16 13:26:49.771000+00:00,18.4,us6000tguf,2026-07-29 22:27:58.074000+00:00,5.9,-28.4094,-176.6597,Kermadec Islands,89.5,0,3.7,aftershock sequence
311,2042,27,2016-06-09 21:51:14.970000+00:00,2016-06-24 01:43:42.090000+00:00,14.2,us200065d1,2016-06-19 09:47:23.600000+00:00,6.3,-20.2793,169.0737,Vanuatu,92.8,0,33.3,swarm
312,339,27,2003-12-30 09:50:44.250000+00:00,2004-01-10 15:34:08.280000+00:00,11.2,usp000cghw,2003-12-30 09:50:44.250000+00:00,5.9,47.053,154.187,Kuril Islands,80.7,0,0.0,aftershock sequence
313,1814,27,2014-12-13 19:24:59.740000+00:00,2015-01-22 04:13:30.230000+00:00,39.4,usc000t79s,2014-12-16 10:45:24.490000+00:00,5.3,-56.7439,-150.4989,Pacific-Antarctic Ridge,60.7,0,3.7,aftershock sequence
314,3294,27,2024-12-08 19:57:08.602000+00:00,2024-12-13 06:56:17.781000+00:00,4.5,us7000nx3z,2024-12-08 19:57:08.602000+00:00,6.3,51.0018,-177.3278,Alaska,35.8,0,0.0,aftershock sequence
315,2099,27,2016-11-19 12:47:05.100000+00:00,2016-11-24 20:46:31.130000+00:00,5.3,us10007aui,2016-11-20 09:08:02.890000+00:00,5.2,-44.3977,39.2116,Prince Edward Islands,104.5,0,37.0,swarm
316,1189,27,2010-07-18 05:56:44.930000+00:00,2010-08-04 10:47:50.210000+00:00,17.2,usp000hfdm,2010-07-18 05:56:44.930000+00:00,6.7,52.876,-169.848,Alaska,48.8,1,0.0,aftershock sequence
317,2083,27,2016-09-17 01:20:17.940000+00:00,2016-10-02 00:33:08.530000+00:00,15.0,us10006qas,2016-09-17 01:20:17.940000+00:00,6.0,-2.0829,140.5718,Indonesia,101.0,0,0.0,aftershock sequence
318,3378,27,2025-07-26 16:15:04.546000+00:00,2025-07-30 07:09:28.028000+00:00,3.6,us6000qvsf,2025-07-28 22:10:35.109000+00:00,7.0,-57.605,157.0388,Macquarie Island,73.1,1,11.1,aftershock sequence
319,1382,27,2012-02-06 03:49:12.520000+00:00,2012-02-15 15:09:24.100000+00:00,9.5,usp000jejw,2012-02-06 03:49:12.520000+00:00,6.7,9.999,123.206,Philippines,44.9,1,0.0,aftershock sequence
320,563,27,2005-11-12 13:14:18.830000+00:00,2005-12-18 04:23:10.010000+00:00,35.6,usp000e4gh,2005-11-19 14:10:13.030000+00:00,6.5,2.164,96.786,Indonesia,232.0,1,18.5,aftershock sequence
321,3048,27,2023-03-02 18:04:30.810000+00:00,2023-03-11 21:26:23.572000+00:00,9.1,usd000j5jt,2023-03-02 18:04:30.810000+00:00,6.5,-15.3766,166.3907,Vanuatu,157.0,1,0.0,aftershock sequence
322,1523,27,2013-03-06 16:11:06.930000+00:00,2013-03-24 21:19:34.240000+00:00,18.2,usb000fij4,2013-03-10 22:51:50.800000+00:00,6.5,-6.598,148.174,Papua New Guinea,145.0,1,7.4,aftershock sequence
323,3439,27,2025-12-29 05:39:26.841000+00:00,2026-01-17 06:46:40.646000+00:00,19.0,us7000rnuu,2026-01-10 07:57:46.023000+00:00,5.3,52.8128,161.08,Russia,217.8,0,66.7,swarm
324,132,27,2001-11-27 00:53:46.190000+00:00,2001-12-09 09:55:28.410000+00:00,12.4,usp000atj6,2001-11-27 00:53:46.190000+00:00,6.0,-33.228,-178.573,Kermadec Islands,133.7,0,0.0,aftershock sequence
325,259,27,2003-03-15 19:41:28.700000+00:00,2003-03-26 15:07:32.790000+00:00,10.8,usp000bsqr,2003-03-15 19:41:28.700000+00:00,6.1,52.249,160.387,Russia,35.7,0,0.0,aftershock sequence
326,2869,27,2022-02-21 12:35:58.794000+00:00,2022-03-04 21:53:42.050000+00:00,11.4,us7000gmmb,2022-02-21 12:35:58.794000+00:00,5.7,-8.2068,120.6211,Indonesia,126.2,0,0.0,aftershock sequence
327,1737,27,2014-07-04 15:16:56.970000+00:00,2014-07-26 20:38:31.090000+00:00,22.2,usb000rs50,2014-07-11 19:22:00.820000+00:00,6.5,37.0052,142.4525,Japan,86.3,1,7.4,aftershock sequence
328,3261,27,2024-08-01 23:36:25.360000+00:00,2024-08-06 05:39:25.804000+00:00,4.3,us6000nhqc,2024-08-02 22:23:02.111000+00:00,6.8,8.1851,126.6161,Philippines,131.8,1,3.7,aftershock sequence
329,920,27,2008-04-11 00:50:37.240000+00:00,2008-04-17 17:02:52.250000+00:00,6.7,usp000g3n3,2008-04-11 03:16:40.230000+00:00,5.5,16.099,144.958,Northern Mariana Islands,49.7,0,51.9,swarm
330,2752,27,2021-06-13 02:17:08.268000+00:00,2021-06-29 12:30:35.449000+00:00,16.4,us7000eeq4,2021-06-20 17:05:50.681000+00:00,6.5,-30.2162,-177.8449,New Zealand,256.7,1,33.3,swarm
331,2744,26,2021-05-21 18:04:13.565000+00:00,2021-06-03 05:55:18.480000+00:00,12.5,us7000e54r,2021-05-21 18:04:13.565000+00:00,7.3,34.5983,98.2513,China,81.4,1,0.0,aftershock sequence
332,1293,26,2011-07-05 15:03:46.730000+00:00,2011-07-19 14:44:22.620000+00:00,14.0,usp000j4hh,2011-07-10 06:57:24.560000+00:00,5.4,-32.52,-178.354,Kermadec Islands,166.3,0,30.8,swarm
333,1438,26,2012-07-07 00:56:29.730000+00:00,2012-07-24 10:28:06.130000+00:00,17.4,usp000jnrw,2012-07-08 11:33:02.920000+00:00,6.0,45.497,151.288,Russia,126.6,0,7.7,aftershock sequence
334,103,26,2001-07-03 06:31:28.820000+00:00,2001-07-05 05:41:22.420000+00:00,2.0,usp000ahzr,2001-07-04 17:47:45+00:00,5.9,32.156,139.545,Japan,72.6,0,46.2,swarm
335,313,26,2003-09-29 20:52:37.020000+00:00,2003-10-04 17:15:27.720000+00:00,4.8,usp000c95e,2003-09-30 14:08:37.740000+00:00,6.4,-30.437,-177.398,New Zealand,93.4,0,3.8,aftershock sequence
336,805,26,2007-07-22 10:49:35.310000+00:00,2007-08-06 11:36:03.590000+00:00,15.0,usp000fguy,2007-07-22 10:49:35.310000+00:00,5.8,-2.797,141.66,Papua New Guinea,79.6,0,0.0,aftershock sequence
337,1286,26,2011-06-10 19:07:09.100000+00:00,2011-06-21 04:29:38.410000+00:00,10.4,usp000j37m,2011-06-16 00:03:35.790000+00:00,6.4,-5.928,151.04,Papua New Guinea,122.9,0,3.8,aftershock sequence
338,2898,26,2022-04-12 05:41:20.656000+00:00,2022-05-03 07:35:15.387000+00:00,21.1,us7000h6b8,2022-05-02 06:02:11.938000+00:00,5.6,-57.0699,-25.1521,South Sandwich Islands,329.7,0,84.6,swarm
339,57,26,2000-11-10 16:56:38.060000+00:00,2000-11-26 21:56:31.280000+00:00,16.2,usp000a3qw,2000-11-16 05:18:15.460000+00:00,5.8,-14.637,166.863,Vanuatu,178.1,0,46.2,swarm
340,2981,26,2022-09-28 17:33:33.667000+00:00,2022-10-12 18:10:07.235000+00:00,14.0,us6000iq47,2022-10-02 02:14:38.345000+00:00,5.4,16.9929,147.1079,Northern Mariana Islands,55.5,0,61.5,swarm
341,1541,26,2013-04-20 00:02:47.540000+00:00,2013-04-22 21:54:49.360000+00:00,2.9,usb000gcdd,2013-04-20 00:02:47.540000+00:00,6.6,30.308,102.888,China,25.8,1,0.0,aftershock sequence
342,631,26,2006-05-16 15:28:25.920000+00:00,2006-05-30 08:37:00.750000+00:00,13.7,usp000eh8s,2006-05-16 15:28:25.920000+00:00,6.8,0.093,97.05,Indonesia,134.1,1,0.0,aftershock sequence
343,3092,25,2023-06-11 12:52:27.659000+00:00,2023-07-02 19:32:04.818000+00:00,21.3,us7000k8gg,2023-06-14 16:53:53.050000+00:00,5.5,-29.1869,-176.778,Kermadec Islands,135.5,0,52.0,swarm
344,508,25,2005-05-13 04:23:32.350000+00:00,2005-06-10 02:40:24.770000+00:00,27.9,usp000dr3m,2005-05-18 11:37:41.740000+00:00,6.1,5.439,93.357,Indonesia,178.3,0,24.0,swarm
345,3477,25,2026-03-21 10:52:15.853000+00:00,2026-04-05 11:35:54.119000+00:00,15.0,us6000sii1,2026-03-22 15:30:36.570000+00:00,6.3,-15.3376,-172.652,Tonga,210.2,0,20.0,aftershock sequence
346,1605,25,2013-10-21 22:55:01.320000+00:00,2013-11-05 09:45:14.580000+00:00,14.5,usc000kn4n,2013-10-25 17:10:19.710000+00:00,7.1,37.1557,144.6611,Japan,112.2,1,4.0,aftershock sequence
347,2552,25,2020-01-12 12:54:50.497000+00:00,2020-01-19 12:59:04.499000+00:00,7.0,us60007et9,2020-01-12 15:56:25.594000+00:00,4.7,13.9453,121.1919,Philippines,144.5,0,20.0,aftershock sequence
348,1239,25,2011-01-24 06:05:39.900000+00:00,2011-02-10 09:41:55.060000+00:00,17.2,usp000hu2w,2011-02-04 14:20:55.490000+00:00,5.9,-14.188,166.459,Vanuatu,129.6,0,16.0,aftershock sequence
349,3265,25,2024-08-17 19:10:26.820000+00:00,2024-09-03 09:18:26.736000+00:00,16.6,us7000n7n8,2024-08-17 19:10:26.820000+00:00,7.0,52.9308,160.1331,Russia,62.9,1,0.0,aftershock sequence
350,984,25,2008-09-27 03:04:51.710000+00:00,2008-10-12 08:30:40.510000+00:00,15.2,usp000ght7,2008-09-27 03:09:04.820000+00:00,5.9,13.477,120.548,Philippines,35.0,0,8.0,aftershock sequence
351,366,24,2004-04-07 15:46:51.810000+00:00,2004-05-08 04:32:03.540000+00:00,30.5,usp000csp0,2004-04-16 16:58:36.940000+00:00,6.0,-24.522,-175.879,Tonga,125.2,0,41.7,swarm
352,1927,24,2015-09-16 14:03:22.110000+00:00,2015-10-02 20:31:48.660000+00:00,16.3,us20003jyz,2015-09-16 14:03:22.110000+00:00,6.1,-6.0114,151.4768,Papua New Guinea,91.7,0,0.0,aftershock sequence
353,3507,24,2026-05-31 00:41:59.278000+00:00,2026-06-21 12:12:57.870000+00:00,21.5,us7000sui3,2026-06-19 06:52:32.241000+00:00,6.6,52.7969,160.6867,Russia,181.2,1,58.3,swarm
354,74,24,2001-01-30 13:54:25.290000+00:00,2001-03-05 13:17:31.930000+00:00,34.0,usp000aary,2001-03-02 12:44:44.210000+00:00,5.2,-4.811,153.208,Papua New Guinea,181.8,0,83.3,swarm
355,1470,24,2012-10-23 15:17:24.970000+00:00,2012-11-15 18:00:40.440000+00:00,23.1,usp000juhx,2012-10-28 02:43:08.620000+00:00,5.3,10.431,126.635,Philippines,122.4,0,45.8,swarm
356,3054,24,2023-03-09 13:35:27.469000+00:00,2023-04-02 00:58:00.141000+00:00,23.5,us7000jkbd,2023-03-16 00:56:00.149000+00:00,7.0,-30.1741,-176.2047,Kermadec Islands,182.9,1,4.2,aftershock sequence
357,3112,24,2023-07-26 12:44:35.646000+00:00,2023-07-28 17:04:15.391000+00:00,2.2,us6000kvmq,2023-07-26 12:44:35.646000+00:00,6.4,-14.74,167.9135,Vanuatu,57.7,0,0.0,aftershock sequence
358,305,24,2003-09-10 20:26:06.380000+00:00,2003-10-02 23:36:49.370000+00:00,22.1,usp000c8bw,2003-09-22 22:59:02.530000+00:00,5.8,-4.992,153.808,Papua New Guinea,121.7,0,29.2,swarm
359,2706,24,2021-02-24 10:05:44.412000+00:00,2021-03-14 14:15:26.689000+00:00,18.2,us6000dkmk,2021-02-24 10:05:59.124000+00:00,5.6,63.949,-22.2851,Iceland,32.7,0,4.2,aftershock sequence
360,1393,24,2012-02-26 06:17:19.760000+00:00,2012-03-14 07:37:06.670000+00:00,17.1,usp000jfdj,2012-02-26 06:17:19.760000+00:00,6.7,51.708,95.991,Russia,63.4,1,0.0,aftershock sequence
361,2022,24,2016-04-28 19:33:24.070000+00:00,2016-05-04 22:31:11.130000+00:00,6.1,us10005c88,2016-04-28 19:33:24.070000+00:00,7.0,-16.0429,167.3786,Vanuatu,69.9,1,0.0,aftershock sequence
362,1622,24,2013-11-24 22:04:12.740000+00:00,2013-12-02 09:07:35.330000+00:00,7.5,usb000l7az,2013-11-27 14:26:48.440000+00:00,5.2,-25.3411,69.7898,Indian Ocean Triple Junction,66.7,0,58.3,swarm
363,2958,24,2022-08-18 08:14:05.182000+00:00,2022-09-05 20:41:37.257000+00:00,18.5,us6000ic29,2022-08-19 07:12:43.133000+00:00,5.5,-20.3966,-11.6091,Mid-Atlantic Ridge,87.8,0,54.2,swarm
364,945,24,2008-06-13 23:43:45.360000+00:00,2008-06-16 19:05:03.290000+00:00,2.8,usp000g9h6,2008-06-13 23:43:45.360000+00:00,6.9,39.03,140.881,Japan,24.1,1,0.0,aftershock sequence
365,2836,24,2021-12-07 16:26:26.987000+00:00,2021-12-18 20:27:32.456000+00:00,11.2,us6000gc2a,2021-12-14 03:20:23.809000+00:00,7.3,-7.6033,122.2274,Flores Sea,129.8,1,8.3,aftershock sequence
366,2872,24,2022-02-20 23:25:56.715000+00:00,2022-03-23 03:09:01.555000+00:00,30.2,us6000h10h,2022-03-01 06:22:54.611000+00:00,5.8,-27.1718,-175.8414,Kermadec Islands,150.7,0,29.2,swarm
367,1658,24,2014-01-27 02:36:35.210000+00:00,2014-02-07 21:39:47.270000+00:00,11.8,usc000mfvh,2014-02-03 04:25:59.940000+00:00,5.6,-4.8976,153.7404,Papua New Guinea,104.9,0,45.8,swarm
368,1277,24,2011-05-11 15:21:26.060000+00:00,2011-05-27 05:05:49.750000+00:00,15.6,usp000j1wj,2011-05-20 19:43:16.170000+00:00,5.7,-7.192,146.909,Papua New Guinea,194.5,0,70.8,swarm
369,151,24,2002-02-09 22:50:47.810000+00:00,2002-02-23 19:37:13.830000+00:00,13.9,usp000ayr5,2002-02-19 00:35:45.700000+00:00,6.1,-3.731,150.992,Papua New Guinea,136.1,0,91.7,swarm
370,2438,24,2019-04-08 04:12:40.096000+00:00,2019-04-18 09:27:09.007000+00:00,10.2,us2000kc3p,2019-04-08 04:12:40.096000+00:00,5.5,26.329,129.5878,Japan,101.9,0,0.0,aftershock sequence
371,1601,24,2013-10-14 00:00:46.020000+00:00,2013-10-28 20:01:23.880000+00:00,14.8,usb000kemb,2013-10-16 10:30:58.550000+00:00,6.8,-6.4456,154.931,Papua New Guinea,105.6,1,4.2,aftershock sequence
372,1964,24,2015-12-02 11:31:08.400000+00:00,2015-12-04 07:37:22.270000+00:00,1.8,us100042wp,2015-12-03 03:02:34.500000+00:00,5.2,-34.5735,-109.3484,East Pacific Rise,121.8,0,70.8,swarm
373,3472,24,2026-03-05 21:48:27.930000+00:00,2026-03-18 21:07:50.942000+00:00,13.0,us7000s3kt,2026-03-11 07:40:13.776000+00:00,5.5,-33.021,-178.5485,Kermadec Islands,98.1,0,29.2,swarm
374,1162,23,2010-04-04 22:40:42.360000+00:00,2010-04-15 10:20:46.910000+00:00,10.5,ci14607652,2010-04-04 22:40:42.360000+00:00,7.2,32.2861667,-115.2953333,Mexico,64.1,1,0.0,aftershock sequence
375,2170,23,2017-04-28 06:23:26.730000+00:00,2017-05-11 02:50:43.510000+00:00,12.9,us10008qhu,2017-05-08 17:00:47.520000+00:00,6.2,51.7344,-178.5875,Alaska,29.4,0,13.0,aftershock sequence
376,581,23,2005-12-28 10:46:33.530000+00:00,2006-01-17 05:19:43.220000+00:00,19.8,usp000e7f0,2006-01-02 22:13:40.490000+00:00,7.2,-19.926,-178.178,Fiji,134.4,1,17.4,aftershock sequence
377,2996,23,2022-10-26 10:11:37.540000+00:00,2022-10-31 14:18:28.930000+00:00,5.2,us7000il1g,2022-10-28 20:22:05.733000+00:00,5.9,-14.5218,-76.1705,Peru,94.9,0,26.1,swarm
378,3008,23,2022-11-22 09:20:27.132000+00:00,2022-12-02 13:09:09.134000+00:00,10.2,us7000iri4,2022-11-22 12:03:50.470000+00:00,5.3,-31.0201,-179.0525,Kermadec Islands,144.5,0,8.7,aftershock sequence
379,121,23,2001-10-05 16:32:24.550000+00:00,2001-10-20 23:09:21.820000+00:00,15.3,usp000aqg8,2001-10-08 18:14:26.440000+00:00,6.5,52.591,160.324,Russia,52.1,1,13.0,aftershock sequence
380,131,23,2001-11-14 09:45:15.250000+00:00,2001-12-01 12:25:19.060000+00:00,17.1,usp000asvr,2001-11-14 09:45:15.250000+00:00,5.6,35.726,93.384,China,109.5,0,0.0,aftershock sequence
381,797,23,2007-07-12 15:31:42.980000+00:00,2007-08-07 10:23:02.660000+00:00,25.8,usp000fgey,2007-07-17 14:10:42.460000+00:00,5.9,-2.734,36.362,Tanzania,75.5,0,34.8,swarm
382,1227,23,2010-12-16 02:59:11.860000+00:00,2011-01-03 15:36:32.110000+00:00,18.5,usp000hrxu,2010-12-25 19:42:23.700000+00:00,5.6,51.115,-176.162,Alaska,72.3,0,47.8,swarm
383,292,23,2003-07-15 20:27:50.530000+00:00,2003-07-27 22:50:25.940000+00:00,12.1,usp000c2ka,2003-07-15 20:27:50.530000+00:00,7.6,-2.598,68.382,Carlsberg Ridge,226.3,1,0.0,aftershock sequence
384,733,23,2007-02-18 07:34:30.520000+00:00,2007-03-29 21:07:37.070000+00:00,39.6,usp000f6k5,2007-03-12 18:59:25.240000+00:00,5.6,46.897,151.77,Kuril Islands,236.1,0,52.2,swarm
385,2471,23,2019-06-19 15:53:43.368000+00:00,2019-07-15 12:25:42.620000+00:00,25.9,us600045mz,2019-06-25 09:05:40.478000+00:00,6.4,56.202,164.2327,Russia,147.4,0,4.3,aftershock sequence
386,2886,23,2022-03-18 12:50:54.066000+00:00,2022-03-28 20:23:52.641000+00:00,10.3,us6000h6nr,2022-03-22 17:41:38.584000+00:00,6.7,23.3839,121.6118,Taiwan,100.4,1,17.4,aftershock sequence
387,275,23,2003-05-26 19:23:27.940000+00:00,2003-06-10 12:52:41.630000+00:00,14.7,usp000by7n,2003-05-26 19:23:27.940000+00:00,7.0,2.354,128.855,Indonesia,142.0,1,0.0,aftershock sequence
388,1064,23,2009-04-19 05:23:25.880000+00:00,2009-05-17 05:18:04.240000+00:00,28.0,usp000gwbr,2009-04-19 05:23:25.880000+00:00,6.1,4.136,126.678,Philippines,128.2,0,0.0,aftershock sequence
389,1059,23,2009-04-07 01:39:01.760000+00:00,2009-04-24 23:05:09.690000+00:00,17.9,usp000gvv4,2009-04-07 04:23:33.150000+00:00,6.9,46.049,151.548,Kuril Islands,71.3,2,4.3,aftershock sequence
390,1087,23,2009-08-10 19:55:38.730000+00:00,2009-09-06 01:14:39.910000+00:00,26.2,usp000h05x,2009-08-10 19:55:38.730000+00:00,7.5,14.099,92.902,India,34.3,1,0.0,aftershock sequence
391,2647,23,2020-09-14 02:18:34.245000+00:00,2020-10-12 19:21:40.276000+00:00,28.7,us7000bql2,2020-09-20 22:13:15.030000+00:00,5.6,9.2643,126.6862,Philippines,134.5,0,4.3,aftershock sequence
392,3451,23,2026-01-22 12:42:34.200000+00:00,2026-02-18 12:11:58.575000+00:00,27.0,us7000rrbj,2026-01-22 12:42:34.200000+00:00,6.2,51.7914,158.5253,Russia,175.3,0,0.0,aftershock sequence
393,321,23,2003-10-31 01:06:28.280000+00:00,2003-11-23 08:56:53.680000+00:00,23.3,usp000cbpa,2003-10-31 01:06:28.280000+00:00,7.0,37.812,142.619,Japan,79.7,1,0.0,aftershock sequence
394,529,23,2005-07-24 15:42:06.210000+00:00,2005-08-06 11:49:35.660000+00:00,12.8,usp000dvtc,2005-07-24 15:42:06.210000+00:00,7.2,7.92,92.19,India,90.1,1,0.0,aftershock sequence
395,2085,22,2016-09-21 12:57:32.800000+00:00,2016-10-02 06:54:25.200000+00:00,10.7,us10006s8f,2016-09-24 04:02:15.630000+00:00,5.6,-32.6081,-178.0078,Kermadec Islands,191.5,0,4.5,aftershock sequence
396,3163,22,2023-12-07 12:56:30.184000+00:00,2023-12-28 19:45:29.570000+00:00,21.3,us7000lgwp,2023-12-07 12:56:30.184000+00:00,7.1,-20.6152,169.3089,Vanuatu,98.1,1,0.0,aftershock sequence
397,1967,22,2015-12-07 07:50:05.950000+00:00,2015-12-13 20:09:19.650000+00:00,6.5,us100044k6,2015-12-07 07:50:05.950000+00:00,7.2,38.2107,72.7797,Tajikistan,120.9,1,0.0,aftershock sequence
398,1583,22,2013-08-16 02:31:05.750000+00:00,2013-08-17 16:07:52.370000+00:00,1.6,usb000j4iz,2013-08-16 02:31:05.750000+00:00,6.5,-41.734,174.152,New Zealand,22.1,1,0.0,aftershock sequence
399,85,22,2001-04-18 12:09:29.170000+00:00,2001-04-25 04:54:26.850000+00:00,6.7,usp000adkn,2001-04-19 21:43:42.280000+00:00,6.7,-7.41,155.865,Papua New Guinea,39.0,1,36.4,swarm
400,2971,22,2022-09-14 01:35:50.632000+00:00,2022-09-30 14:37:20.021000+00:00,16.5,us7000i90q,2022-09-18 06:44:13.846000+00:00,6.9,23.138,121.3439,Taiwan,80.8,2,59.1,swarm
401,1782,22,2014-10-03 21:22:19.600000+00:00,2014-10-26 19:47:35.560000+00:00,22.9,usb000slcj,2014-10-12 19:41:52.020000+00:00,5.3,-5.433,152.0891,Papua New Guinea,95.2,0,45.5,swarm
402,2640,22,2020-08-30 21:40:24.264000+00:00,2020-09-15 19:33:20.417000+00:00,15.9,us7000birm,2020-09-06 02:59:16.073000+00:00,6.2,-17.1562,167.5321,Vanuatu,135.6,0,9.1,aftershock sequence
403,225,22,2002-10-31 07:55:57.630000+00:00,2002-11-20 07:43:29.470000+00:00,20.0,usp000bfuz,2002-11-02 01:26:10.700000+00:00,7.4,2.824,96.085,Indonesia,72.0,1,4.5,aftershock sequence
404,1217,22,2010-11-03 23:59:19.540000+00:00,2010-11-06 01:00:06.010000+00:00,2.0,usp000hnzp,2010-11-04 01:05:47.380000+00:00,5.5,51.236,-176.5,Alaska,37.0,0,4.5,aftershock sequence
405,3228,22,2024-05-02 07:07:22.810000+00:00,2024-05-19 06:17:28.672000+00:00,17.0,us6000mx5c,2024-05-08 08:17:15.894000+00:00,6.1,-15.1324,168.0214,Vanuatu,103.5,0,9.1,aftershock sequence
406,2899,22,2022-04-19 01:23:07.057000+00:00,2022-04-23 15:20:02.330000+00:00,4.6,us7000h373,2022-04-19 01:23:07.057000+00:00,6.1,7.2852,126.9533,Philippines,104.3,0,0.0,aftershock sequence
407,2948,22,2022-07-27 00:43:26.871000+00:00,2022-08-03 08:47:35.830000+00:00,7.3,us6000i5rd,2022-07-27 00:43:26.871000+00:00,7.0,17.5207,120.8181,Philippines,119.3,1,0.0,aftershock sequence
408,908,22,2008-03-11 15:47:02.970000+00:00,2008-04-08 12:24:51.880000+00:00,27.9,usp000g2kt,2008-03-29 03:01:30.320000+00:00,5.7,13.283,125.684,Philippines,115.7,0,54.5,swarm
409,115,22,2001-08-25 19:29:24.730000+00:00,2001-09-08 16:30:13.410000+00:00,13.9,usp000an43,2001-08-27 01:16:47.450000+00:00,6.1,1.091,126.36,Indonesia,84.5,0,18.2,aftershock sequence
410,2820,22,2021-11-12 00:34:16.787000+00:00,2021-11-17 07:03:50.574000+00:00,5.3,us7000ftdy,2021-11-12 00:34:16.787000+00:00,5.8,-26.5421,-13.6766,Mid-Atlantic Ridge,30.5,0,0.0,aftershock sequence
411,2709,22,2021-03-03 10:16:09.755000+00:00,2021-03-15 15:43:38.385000+00:00,12.2,us7000df40,2021-03-03 10:16:09.755000+00:00,6.3,39.7546,22.1757,Greece,23.8,0,0.0,aftershock sequence
412,3499,22,2026-05-08 09:23:05.996000+00:00,2026-05-22 10:08:58.453000+00:00,14.0,us6000szgb,2026-05-22 10:08:19.045000+00:00,5.7,-2.9641,147.7391,Papua New Guinea,28.0,0,90.9,swarm
413,3066,22,2023-04-16 05:23:39.706000+00:00,2023-04-20 16:38:59.559000+00:00,4.5,us6000k55f,2023-04-17 19:57:21.528000+00:00,5.4,-31.849,-178.9512,Kermadec Islands,70.0,0,45.5,swarm
414,1804,22,2014-11-17 13:34:11.910000+00:00,2014-11-19 07:56:33.250000+00:00,1.8,usc000sy4s,2014-11-17 14:13:41.120000+00:00,5.4,19.6251,120.4268,Philippines,64.4,0,22.7,swarm
415,2049,21,2016-06-26 11:17:11.280000+00:00,2016-07-05 12:16:02.330000+00:00,9.0,us200066x9,2016-06-26 11:17:11.280000+00:00,6.4,39.4793,73.3388,Kyrgyzstan,40.1,0,0.0,aftershock sequence
416,1869,21,2015-05-05 17:11:09.900000+00:00,2015-05-18 05:03:40.090000+00:00,12.5,us20002e96,2015-05-10 21:25:46.440000+00:00,6.0,31.2373,142.0157,Japan,89.4,0,28.6,swarm
417,1352,21,2011-11-30 20:30:05.350000+00:00,2011-12-26 16:40:22.540000+00:00,25.8,usp000jccy,2011-12-19 05:32:16.350000+00:00,5.7,-29.074,-176.863,Kermadec Islands,127.5,0,52.4,swarm
418,1521,21,2013-03-06 04:44:16.410000+00:00,2013-03-11 12:52:12.200000+00:00,5.3,usc000fgx6,2013-03-06 10:30:53.700000+00:00,5.2,-43.473,39.988,Prince Edward Islands,53.2,0,19.0,aftershock sequence
419,1318,21,2011-09-14 01:09:16.850000+00:00,2011-09-30 15:51:01.120000+00:00,16.6,usp000j84y,2011-09-16 19:26:40.260000+00:00,6.7,40.273,142.779,Japan,140.5,1,9.5,aftershock sequence
420,2885,21,2022-03-17 03:16:12.233000+00:00,2022-03-19 05:44:17.325000+00:00,2.1,us6000h5v8,2022-03-18 19:37:08.108000+00:00,5.0,25.0077,-45.5408,Mid-Atlantic Ridge,87.8,0,85.7,swarm
421,3402,21,2025-10-10 20:29:20.075000+00:00,2025-10-21 00:34:33.475000+00:00,10.2,us6000rgf4,2025-10-10 20:29:20.075000+00:00,7.6,-60.1875,-61.8164,Drake Passage,54.3,1,0.0,aftershock sequence
422,1512,21,2013-01-30 04:07:26.090000+00:00,2013-03-02 20:58:13.380000+00:00,31.7,usc000f4du,2013-02-09 04:43:07.960000+00:00,5.0,36.879,141.091,Japan,300.3,0,19.0,aftershock sequence
423,2701,21,2021-02-13 14:07:49.797000+00:00,2021-03-01 06:07:52.582000+00:00,15.7,us6000dher,2021-02-13 14:07:49.797000+00:00,7.1,37.7265,141.7751,Japan,166.4,1,0.0,aftershock sequence
424,209,21,2002-09-07 00:05:23.330000+00:00,2002-09-22 03:05:37.130000+00:00,15.1,usp000bcqu,2002-09-20 15:43:35.460000+00:00,6.4,-1.68,134.234,Indonesia,58.8,0,28.6,swarm
425,75,21,2001-02-13 19:28:30.260000+00:00,2001-02-22 17:05:24.180000+00:00,8.9,usp000a9kc,2001-02-13 19:28:30.260000+00:00,7.4,-4.68,102.562,Indonesia,165.0,1,0.0,aftershock sequence
426,2711,21,2021-03-06 13:58:47.242000+00:00,2021-03-16 14:09:25.037000+00:00,10.0,us7000dgt1,2021-03-07 07:56:19.691000+00:00,5.6,-32.3938,-178.0058,Kermadec Islands,156.9,0,19.0,aftershock sequence
427,2523,21,2019-11-26 01:47:55.212000+00:00,2019-12-09 15:10:58.382000+00:00,13.6,us70006d0m,2019-11-26 02:54:12.872000+00:00,6.4,41.5138,19.5256,Albania,24.7,0,4.8,aftershock sequence
428,840,21,2007-09-30 05:23:34.070000+00:00,2007-10-04 08:58:48.810000+00:00,4.1,usp000fpgq,2007-09-30 05:23:34.070000+00:00,7.4,-49.271,164.115,New Zealand,154.5,2,0.0,aftershock sequence
429,201,21,2002-08-19 11:01:01.190000+00:00,2002-09-08 12:14:04.920000+00:00,20.1,usp000ba6g,2002-08-19 11:01:01.190000+00:00,7.7,-21.696,-179.513,Fiji,171.9,1,0.0,aftershock sequence
430,1002,21,2008-10-31 11:44:27.670000+00:00,2008-11-04 02:44:33.360000+00:00,3.6,usp000gmps,2008-11-02 13:48:42.820000+00:00,6.1,51.552,-174.366,Alaska,35.9,0,66.7,swarm
431,2884,21,2022-03-16 14:34:27.453000+00:00,2022-04-04 10:29:03.977000+00:00,18.8,us6000h519,2022-03-16 14:36:30.997000+00:00,7.3,37.7132,141.5793,Japan,62.5,1,4.8,aftershock sequence
432,451,21,2004-11-21 11:41:07.760000+00:00,2004-12-02 14:47:54.120000+00:00,11.1,usp000d8w3,2004-11-21 11:41:07.760000+00:00,6.3,15.679,-61.706,Guadeloupe,44.0,0,0.0,aftershock sequence
433,3557,21,2026-09-01 06:44:38.648000+00:00,2026-09-05 18:00:07.367000+00:00,4.5,us7000tdvt,2026-09-03 11:17:21.717000+00:00,6.3,52.1883,-169.3496,Alaska,26.2,0,47.6,swarm
434,2179,21,2017-05-29 14:35:21.510000+00:00,2017-06-09 15:34:37.520000+00:00,11.0,us10008w1z,2017-05-29 14:35:21.510000+00:00,6.6,-1.2923,120.4313,Indonesia,24.8,1,0.0,aftershock sequence
435,1287,21,2011-06-12 15:37:04.110000+00:00,2011-06-17 09:16:12.570000+00:00,4.7,usp000j32u,2011-06-12 20:32:40.490000+00:00,5.6,13.414,41.735,Eritrea,91.6,0,66.7,swarm
436,2716,20,2021-03-13 05:40:04.031000+00:00,2021-03-28 18:38:17.424000+00:00,15.5,us7000djz6,2021-03-16 18:38:21.233000+00:00,6.6,54.7368,163.1803,Russia,87.6,1,5.0,aftershock sequence
437,3295,20,2024-12-05 16:46:08.929000+00:00,2024-12-23 04:51:08.666000+00:00,17.5,us7000nxwu,2024-12-11 16:43:59.405000+00:00,5.4,-12.0283,166.1557,Solomon Islands,119.0,0,15.0,aftershock sequence
438,2012,20,2016-04-11 22:43:32.520000+00:00,2016-05-01 02:34:21.620000+00:00,19.2,us20005jqc,2016-04-19 05:25:39.940000+00:00,6.2,-55.7283,-27.2307,South Sandwich Islands,86.4,0,20.0,aftershock sequence
439,515,20,2005-06-10 03:50:07.880000+00:00,2005-06-21 08:56:40.110000+00:00,11.2,usp000dszm,2005-06-14 17:10:12.280000+00:00,6.8,51.239,179.314,Alaska,37.4,1,40.0,swarm
440,2344,20,2018-10-06 16:22:32.380000+00:00,2018-11-01 20:30:52.180000+00:00,26.2,us1000haa3,2018-10-10 20:48:20.100000+00:00,7.0,-5.7012,151.2046,Papua New Guinea,143.5,1,10.0,aftershock sequence
441,2925,20,2022-06-14 14:09:43.093000+00:00,2022-07-08 20:28:13.607000+00:00,24.3,us6000hz8x,2022-07-01 21:32:07.977000+00:00,6.0,26.9061,55.2389,Iran,114.2,0,55.0,swarm
442,2951,20,2022-07-25 15:11:16.116000+00:00,2022-08-24 03:14:56.782000+00:00,29.5,us6000ia4x,2022-08-12 06:18:34.389000+00:00,5.4,-59.0098,-25.6301,South Sandwich Islands,211.6,0,65.0,swarm
443,3136,20,2023-10-07 06:41:03.327000+00:00,2023-10-15 03:56:28.685000+00:00,7.9,us6000ldpg,2023-10-07 06:41:03.327000+00:00,6.3,34.5982,61.9263,Afghanistan,20.0,0,0.0,aftershock sequence
444,468,20,2005-01-12 18:41:48.950000+00:00,2005-01-21 20:51:25.510000+00:00,9.1,usp000ddrk,2005-01-19 06:11:36.400000+00:00,6.6,34.064,141.491,Japan,111.0,1,10.0,aftershock sequence
445,757,20,2007-03-31 01:25:21.730000+00:00,2007-04-04 23:30:43+00:00,4.9,usp000f891,2007-04-02 12:19:22.290000+00:00,5.3,44.202,149.172,Russia,54.6,0,45.0,swarm
446,2964,20,2022-09-02 00:12:41.809000+00:00,2022-09-19 04:49:14.670000+00:00,17.2,us7000i5kw,2022-09-06 08:32:40.507000+00:00,5.9,-56.5739,-25.7663,South Sandwich Islands,150.1,0,5.0,aftershock sequence
447,1513,20,2013-02-14 13:13:53.130000+00:00,2013-03-05 08:33:53.190000+00:00,18.8,usc000f76f,2013-02-14 13:13:53.130000+00:00,6.6,67.631,142.508,Russia,18.0,1,0.0,aftershock sequence
448,3330,20,2025-03-28 06:20:52.715000+00:00,2025-04-11 04:29:28.671000+00:00,13.9,us7000pn9s,2025-03-28 06:20:52.715000+00:00,7.7,22.011,95.9363,Burma (Myanmar),321.8,2,0.0,aftershock sequence
449,895,20,2008-02-14 10:09:22.720000+00:00,2008-03-15 15:28:32.400000+00:00,30.2,usp000fyw4,2008-02-14 10:09:22.720000+00:00,6.9,36.501,21.67,Greece,68.4,2,0.0,aftershock sequence
450,3331,20,2025-03-28 13:24:07.672000+00:00,2025-04-11 20:59:57.686000+00:00,14.3,us7000pntq,2025-03-30 12:18:50.362000+00:00,7.0,-20.3036,-174.0718,Tonga,78.9,1,5.0,aftershock sequence
451,360,20,2004-03-16 06:24:55.910000+00:00,2004-03-25 10:51:05.870000+00:00,9.2,usp000cq9m,2004-03-18 20:04:24.830000+00:00,6.2,-23.759,-176.002,Tonga,80.3,0,25.0,swarm
452,1534,20,2013-04-09 11:52:49.920000+00:00,2013-04-11 16:21:31.400000+00:00,2.2,usb000g2y5,2013-04-09 11:52:49.920000+00:00,6.4,28.428,51.593,Iran,52.7,0,0.0,aftershock sequence
453,878,20,2007-12-26 22:04:54.670000+00:00,2008-01-05 09:00:32.140000+00:00,9.5,usp000fvad,2007-12-26 22:04:54.670000+00:00,6.4,52.558,-168.221,Alaska,46.8,0,0.0,aftershock sequence
454,1249,20,2011-02-23 06:48:45.360000+00:00,2011-03-20 07:24:07.040000+00:00,25.0,usp000hvhc,2011-03-08 22:42:41.470000+00:00,5.3,52.779,160.659,Russia,134.1,0,65.0,swarm
455,871,20,2007-12-09 07:28:20.820000+00:00,2007-12-21 10:44:27.610000+00:00,12.1,usp000fu3q,2007-12-09 07:28:20.820000+00:00,7.8,-25.996,-177.514,Fiji Islands,210.5,1,0.0,aftershock sequence
456,2230,20,2017-11-12 17:35:31.450000+00:00,2017-11-26 05:47:30.370000+00:00,13.5,us2000bmcg,2017-11-12 18:18:17.180000+00:00,7.3,34.9109,45.9592,Iraq,106.7,1,5.0,aftershock sequence
457,813,20,2007-08-05 06:52:38.610000+00:00,2007-08-18 18:00:40.450000+00:00,13.5,usp000fhzm,2007-08-06 00:27:40.300000+00:00,5.3,2.709,66.406,Carlsberg Ridge,81.4,0,35.0,swarm
458,2506,20,2019-10-11 18:52:40.099000+00:00,2019-10-31 19:18:44.540000+00:00,20.0,us6000624a,2019-10-24 10:50:15.535000+00:00,5.5,-17.6277,-172.7046,Tonga,164.2,0,85.0,swarm
459,226,19,2002-11-01 22:09:29.280000+00:00,2002-11-08 03:16:28.210000+00:00,6.2,usp000bfug,2002-11-01 22:09:29.280000+00:00,5.4,35.517,74.654,Pakistan,39.0,0,0.0,aftershock sequence
460,1097,19,2009-08-28 01:52:06.640000+00:00,2009-09-02 04:13:06.300000+00:00,5.1,usp000h0y8,2009-08-28 01:52:06.640000+00:00,6.3,37.696,95.718,China,27.4,0,0.0,aftershock sequence
461,3425,19,2025-11-29 18:18:28.907000+00:00,2025-12-12 10:09:20.299000+00:00,12.7,us7000renh,2025-11-29 23:42:46.026000+00:00,5.3,-27.1631,-176.5717,Kermadec Islands,119.9,0,5.3,aftershock sequence
462,1477,19,2012-11-10 07:57:57.050000+00:00,2012-11-21 01:18:39.750000+00:00,10.7,usp000jvtm,2012-11-19 09:44:34.120000+00:00,6.0,-5.705,151.602,Papua New Guinea,80.4,0,57.9,swarm
463,2687,19,2021-01-11 21:32:59.015000+00:00,2021-01-13 11:10:10.183000+00:00,1.6,us6000d7ix,2021-01-11 21:32:59.015000+00:00,6.7,51.2811,100.4383,Mongolia,34.5,1,0.0,aftershock sequence
464,3461,19,2026-02-13 10:26:17.590000+00:00,2026-02-21 20:28:47.791000+00:00,8.4,us6000s8rt,2026-02-13 14:56:58.771000+00:00,5.6,4.1565,128.2524,Indonesia,49.9,0,15.8,aftershock sequence
465,590,19,2006-01-26 14:27:54.060000+00:00,2006-02-15 05:14:15.510000+00:00,19.6,usp000e974,2006-01-31 19:15:51.590000+00:00,5.9,2.703,96.073,Indonesia,258.0,0,15.8,aftershock sequence
466,3089,19,2023-06-01 00:05:17.320000+00:00,2023-06-11 03:56:59.168000+00:00,10.2,us7000k6fw,2023-06-05 15:41:40.969000+00:00,5.2,-5.7319,151.9904,Papua New Guinea,94.1,0,68.4,swarm
467,1017,19,2008-12-03 05:25:43.680000+00:00,2009-01-04 23:12:59.290000+00:00,32.7,usp000gs2v,2009-01-03 20:23:20.180000+00:00,6.6,36.419,70.743,Afghanistan,180.7,1,89.5,swarm
468,2573,19,2020-02-27 02:23:02.907000+00:00,2020-03-17 11:14:10.411000+00:00,19.4,us60008dgf,2020-03-11 01:01:48.364000+00:00,5.2,-32.3931,-178.0772,Kermadec Islands,258.1,0,47.4,swarm
469,2848,19,2022-01-09 20:25:43.998000+00:00,2022-01-12 03:04:27.246000+00:00,2.3,us7000gag3,2022-01-10 00:06:30.834000+00:00,6.2,-33.7823,179.574,Kermadec Islands,185.1,0,15.8,aftershock sequence
470,3327,19,2025-03-19 08:13:08.362000+00:00,2025-03-23 14:18:55.872000+00:00,4.3,us7000pllu,2025-03-21 14:53:41.774000+00:00,6.2,51.1558,-176.0703,Alaska,22.4,0,47.4,swarm
471,386,19,2004-05-19 06:19:05.260000+00:00,2004-06-05 04:54:45.180000+00:00,16.9,usp000cvvw,2004-05-22 10:48:35.470000+00:00,5.2,-18.578,-172.655,Tonga,127.4,0,10.5,aftershock sequence
472,381,19,2004-05-05 07:53:57.330000+00:00,2004-05-20 22:31:49.860000+00:00,15.6,usp000cv7a,2004-05-16 10:58:38.580000+00:00,5.9,-11.963,166.345,Solomon Islands,156.4,0,68.4,swarm
473,98,19,2001-06-14 22:01:28.550000+00:00,2001-06-17 05:37:48.370000+00:00,2.3,usp000agpj,2001-06-15 06:17:45.330000+00:00,6.0,18.833,146.983,Northern Mariana Islands,100.3,0,36.8,swarm
474,1750,19,2014-08-03 00:22:03.680000+00:00,2014-08-19 23:37:30.490000+00:00,17.0,usb000rzki,2014-08-03 00:22:03.680000+00:00,6.9,0.8295,146.1688,Federated States of Micronesia,79.3,1,0.0,aftershock sequence
475,273,19,2003-05-21 18:44:20.100000+00:00,2003-05-29 02:14:59.830000+00:00,7.3,usp000bxpg,2003-05-21 18:44:20.100000+00:00,6.8,36.964,3.634,Algeria,33.4,1,0.0,aftershock sequence
476,2873,19,2022-02-24 16:18:57.721000+00:00,2022-03-18 12:00:55.903000+00:00,21.8,us6000h1d2,2022-03-02 12:52:07.344000+00:00,6.6,-30.0751,-177.7264,New Zealand,107.2,1,26.3,swarm
477,1337,19,2011-10-28 18:54:34.040000+00:00,2011-11-07 10:36:38.680000+00:00,9.7,usp000ja1p,2011-10-28 18:54:34.040000+00:00,6.9,-14.438,-75.966,Peru,122.4,1,0.0,aftershock sequence
478,1378,19,2012-01-28 17:42:51.720000+00:00,2012-02-19 22:35:06.780000+00:00,22.2,usp000je36,2012-01-28 17:42:51.720000+00:00,5.9,-29.43,-177.386,New Zealand,105.2,0,0.0,aftershock sequence
479,759,19,2007-04-05 03:56:50.480000+00:00,2007-04-09 08:32:23.490000+00:00,4.2,usp000f8r5,2007-04-05 03:56:50.480000+00:00,6.3,37.306,-24.621,Portugal,45.0,0,0.0,aftershock sequence
480,2891,19,2022-03-28 22:21:11.217000+00:00,2022-04-17 02:12:26.925000+00:00,19.2,us7000gxyi,2022-03-28 22:21:11.217000+00:00,5.2,-30.1038,-177.8024,New Zealand,192.9,0,0.0,aftershock sequence
481,2952,19,2022-07-24 13:06:24.977000+00:00,2022-08-25 15:41:02.603000+00:00,32.1,us6000i89c,2022-08-05 04:38:39.387000+00:00,5.8,-30.3148,-177.6858,New Zealand,201.3,0,10.5,aftershock sequence
482,1539,19,2013-04-17 05:57:58.460000+00:00,2013-04-21 03:07:51.250000+00:00,3.9,usb000gagm,2013-04-18 14:08:35.420000+00:00,5.5,24.924,123.356,Japan,110.5,0,78.9,swarm
483,2441,19,2019-04-12 11:40:49.363000+00:00,2019-05-01 04:47:03.545000+00:00,18.7,us700034xq,2019-04-12 11:40:49.363000+00:00,6.8,-1.8146,122.5798,Indonesia,21.1,1,0.0,aftershock sequence
484,1361,19,2012-01-01 00:50:08.040000+00:00,2012-01-21 21:56:49.860000+00:00,20.9,usp000jd8k,2012-01-09 04:07:14.670000+00:00,6.4,-10.617,165.16,Solomon Islands,142.4,0,26.3,swarm
485,3534,19,2026-07-16 19:24:19.008000+00:00,2026-07-18 17:36:42.272000+00:00,1.9,us7000t14v,2026-07-16 20:21:51.881000+00:00,5.3,-12.697,-14.7087,Mid-Atlantic Ridge,99.0,0,31.6,swarm
486,79,19,2001-02-28 12:30:14.050000+00:00,2001-03-11 19:43:30.760000+00:00,11.3,usp000aake,2001-02-28 12:30:14.050000+00:00,6.7,-21.986,170.207,New Caledonia,77.9,1,0.0,aftershock sequence
487,463,19,2004-12-23 14:59:04.410000+00:00,2004-12-24 22:34:39.990000+00:00,1.3,usp000db93,2004-12-23 14:59:04.410000+00:00,8.1,-49.312,161.345,2004 Tasman Sea Earthquake,76.5,1,0.0,aftershock sequence
488,159,19,2002-03-25 14:56:33.820000+00:00,2002-04-12 19:39:34.850000+00:00,18.2,usp000b10y,2002-03-25 14:56:33.820000+00:00,6.1,36.062,69.315,Afghanistan,24.7,0,0.0,aftershock sequence
489,1951,19,2015-11-07 22:53:54.390000+00:00,2015-12-01 16:26:41.480000+00:00,23.7,us100041ay,2015-11-25 18:57:41.590000+00:00,5.7,1.4305,126.2904,Indonesia,150.4,0,73.7,swarm
490,3564,19,2026-09-30 18:21:19.257000+00:00,2026-10-09 17:09:04.613000+00:00,8.9,us6000tz62,2026-10-02 16:34:41.010000+00:00,5.8,51.6873,159.7398,Russia,157.8,0,15.8,aftershock sequence
491,3517,18,2026-06-23 23:55:17.019000+00:00,2026-07-02 11:24:36.875000+00:00,8.5,us6000t8ux,2026-06-28 19:09:03.942000+00:00,5.1,16.5259,119.2294,Philippines,34.8,0,50.0,swarm
492,3513,18,2026-06-16 09:06:55.517000+00:00,2026-06-28 03:39:21.783000+00:00,11.8,us7000stbz,2026-06-16 09:06:55.517000+00:00,6.3,37.888,95.4919,China,25.5,0,0.0,aftershock sequence
493,332,18,2003-12-05 21:26:09.480000+00:00,2003-12-08 20:27:05.480000+00:00,3.0,usp000ceks,2003-12-05 21:26:09.480000+00:00,6.7,55.538,165.78,Russia,47.1,1,0.0,aftershock sequence
494,765,18,2007-04-23 18:04:12.010000+00:00,2007-04-30 06:11:32.210000+00:00,6.5,usp000fagg,2007-04-24 16:07:40.210000+00:00,5.3,28.985,-43.208,Mid-Atlantic Ridge,49.6,0,61.1,swarm
495,557,18,2005-10-15 07:44:04.050000+00:00,2005-11-08 07:23:42.670000+00:00,24.0,usp000e1yy,2005-10-16 19:03:24.420000+00:00,5.7,2.026,97.941,Indonesia,247.9,0,5.6,aftershock sequence
496,2829,18,2021-11-19 04:26:28.440000+00:00,2021-12-26 18:43:31.297000+00:00,37.6,us6000gezr,2021-12-24 05:44:50.249000+00:00,4.9,29.9939,-113.7224,Mexico,38.4,0,88.9,swarm
497,440,18,2004-11-07 08:03:30.320000+00:00,2004-11-22 15:55:10.960000+00:00,15.3,usp000d855,2004-11-11 17:34:52.050000+00:00,6.7,-11.128,162.208,Solomon Islands,74.6,1,33.3,swarm
498,2381,18,2018-12-08 21:09:22.740000+00:00,2018-12-29 15:34:37.160000+00:00,20.8,us2000ivs3,2018-12-21 06:33:52.260000+00:00,5.9,-5.4764,151.9565,Papua New Guinea,170.1,0,55.6,swarm
499,1847,18,2015-02-27 10:16:18.160000+00:00,2015-03-06 16:18:31.840000+00:00,7.3,usc000ttnw,2015-02-27 16:24:50.560000+00:00,5.7,16.9041,145.8303,Northern Mariana Islands,104.2,0,11.1,aftershock sequence
500,3091,18,2023-06-03 06:18:27.080000+00:00,2023-06-05 01:43:55.410000+00:00,1.8,us7000k61e,2023-06-03 07:17:46.330000+00:00,5.8,12.6434,48.1757,Somalia,51.7,0,44.4,swarm
501,2373,18,2018-11-30 17:29:29.330000+00:00,2018-12-09 19:00:32.365000+00:00,9.1,ak018fcnsk91,2018-11-30 17:29:29.330000+00:00,7.1,61.3464,-149.9552,Alaska,21.1,1,0.0,aftershock sequence
502,2031,18,2016-05-28 09:46:59.780000+00:00,2016-06-14 21:14:43.920000+00:00,17.5,us20005ysu,2016-05-28 09:46:59.780000+00:00,7.2,-56.2409,-26.9353,South Sandwich Islands,130.5,1,0.0,aftershock sequence
503,1350,18,2011-12-02 08:16:26.410000+00:00,2011-12-30 23:11:07.240000+00:00,28.6,usp000jbra,2011-12-02 20:55:29.490000+00:00,5.2,35.257,140.152,Japan,212.5,0,5.6,aftershock sequence
504,2398,18,2019-01-15 17:04:59.470000+00:00,2019-01-27 21:59:23.830000+00:00,12.2,us2000j545,2019-01-17 15:06:35.650000+00:00,6.2,-3.2307,146.3889,Papua New Guinea,34.7,0,11.1,aftershock sequence
505,191,18,2002-06-27 05:50:35.110000+00:00,2002-07-06 14:40:34.490000+00:00,9.4,usp000b70m,2002-06-27 05:50:35.110000+00:00,6.5,-6.963,104.181,Indonesia,96.6,1,0.0,aftershock sequence
506,2316,18,2018-08-12 14:58:53.503000+00:00,2018-08-23 04:30:38.987000+00:00,10.6,ak018aap2cqu,2018-08-12 14:58:53.503000+00:00,6.4,69.5762,-145.291,Alaska,43.8,0,0.0,aftershock sequence
507,1792,18,2014-10-21 22:35:29.580000+00:00,2014-10-23 09:56:36.080000+00:00,1.5,usb000spms,2014-10-21 23:01:18.320000+00:00,5.6,-63.4595,169.6619,Balleny Islands,88.6,0,5.6,aftershock sequence
508,260,18,2003-03-17 16:19:20.340000+00:00,2003-03-18 17:25:09.890000+00:00,1.0,usp000bsvs,2003-03-17 16:36:17.310000+00:00,7.1,51.272,177.978,Alaska,200.3,1,5.6,aftershock sequence
509,469,18,2005-01-16 20:17:52.760000+00:00,2005-01-28 19:14:21.200000+00:00,12.0,usp000ddgf,2005-01-16 20:17:52.760000+00:00,6.6,10.934,140.842,Micronesia,43.4,1,0.0,aftershock sequence
510,3239,18,2024-05-31 15:54:40.923000+00:00,2024-06-08 23:43:26.544000+00:00,8.3,us7000mp9e,2024-05-31 15:54:40.923000+00:00,6.2,-28.9579,-176.8653,Kermadec Islands,175.1,0,0.0,aftershock sequence
511,644,18,2006-06-14 04:18:42.510000+00:00,2006-07-02 03:53:56.490000+00:00,18.0,usp000ekaq,2006-06-14 04:18:42.510000+00:00,6.5,51.752,177.082,Alaska,82.6,1,0.0,aftershock sequence
512,3309,18,2025-01-21 03:32:22.893000+00:00,2025-01-27 08:46:15.059000+00:00,6.2,us6000pldh,2025-01-21 06:05:14.046000+00:00,5.5,-27.5196,-13.4234,Mid-Atlantic Ridge,61.8,0,27.8,swarm
513,1155,18,2010-02-26 20:31:26.970000+00:00,2010-03-07 08:13:43.260000+00:00,8.5,usp000h7qu,2010-02-26 20:31:26.970000+00:00,7.0,25.93,128.425,Japan,58.6,1,0.0,aftershock sequence
514,1154,18,2010-02-22 07:00:51.320000+00:00,2010-03-02 01:47:43.680000+00:00,7.8,usp000h7j9,2010-02-22 07:00:51.320000+00:00,6.0,-23.626,-176.036,Tonga,116.5,0,0.0,aftershock sequence
515,2224,18,2017-10-31 04:58:53.670000+00:00,2017-11-16 12:33:38.110000+00:00,16.3,us2000bibm,2017-11-04 09:00:19.420000+00:00,6.8,-15.3197,-173.1682,Tonga,129.7,1,33.3,swarm
516,1594,18,2013-09-24 11:29:47.970000+00:00,2013-09-28 07:34:06.450000+00:00,3.8,usb000jyiv,2013-09-24 11:29:47.970000+00:00,7.7,26.951,65.5009,Pakistan,85.6,2,0.0,aftershock sequence
517,1918,18,2015-09-01 15:24:08.540000+00:00,2015-09-21 08:38:38.120000+00:00,19.7,us20003feg,2015-09-01 15:25:09.520000+00:00,6.0,31.1806,141.6,Japan,85.3,0,5.6,aftershock sequence
518,981,18,2008-09-15 04:57:48.950000+00:00,2008-10-13 08:07:44.310000+00:00,28.1,usp000gk56,2008-10-13 08:07:44.310000+00:00,5.3,36.187,71.001,Afghanistan,125.4,0,94.4,swarm
519,13,18,2000-04-17 15:28:52.780000+00:00,2000-04-23 13:59:48.050000+00:00,5.9,usp0009rfn,2000-04-18 06:23:15.650000+00:00,5.7,4.022,128.455,Indonesia,65.7,0,44.4,swarm
520,1979,18,2016-01-10 12:45:12.960000+00:00,2016-01-23 12:28:58.650000+00:00,13.0,us10004dj5,2016-01-11 16:38:05.900000+00:00,6.5,3.8965,126.8621,Philippines,110.7,1,5.6,aftershock sequence
521,1897,18,2015-07-12 15:12:53.620000+00:00,2015-08-03 10:46:16.960000+00:00,21.8,us20002y3c,2015-07-17 06:22:24.640000+00:00,5.2,-32.3201,-177.7736,Kermadec Islands,119.8,0,22.2,swarm
522,514,18,2005-06-08 12:50:51.530000+00:00,2005-06-28 06:10:31.090000+00:00,19.7,usp000dsw1,2005-06-13 22:44:33.900000+00:00,7.8,-19.987,-69.197,Chile,79.4,1,5.6,aftershock sequence
523,633,18,2006-05-25 14:19:27.970000+00:00,2006-06-11 08:00:30.810000+00:00,16.7,usp000ehxk,2006-05-25 14:19:27.970000+00:00,5.1,20.646,120.107,Philippine Islands,23.5,0,0.0,aftershock sequence
524,1396,18,2012-02-26 13:13:04.900000+00:00,2012-03-26 01:35:52.650000+00:00,28.5,usp000jfzj,2012-03-09 07:09:50.950000+00:00,6.7,-19.125,169.613,Vanuatu,156.9,1,22.2,swarm
525,2507,18,2019-10-20 21:01:04.672000+00:00,2019-10-30 01:49:31.974000+00:00,9.2,us70005xa1,2019-10-22 19:15:28.893000+00:00,5.5,-2.8648,138.3001,Indonesia,38.8,0,5.6,aftershock sequence
526,2850,18,2022-01-11 11:35:43.674000+00:00,2022-01-12 14:28:12.004000+00:00,1.1,us7000gavu,2022-01-11 11:35:43.674000+00:00,6.8,52.3415,-167.7554,Alaska,54.2,2,0.0,aftershock sequence
527,924,18,2008-04-19 03:12:25.180000+00:00,2008-04-27 00:55:26.940000+00:00,7.9,usp000g49j,2008-04-19 03:12:25.180000+00:00,6.1,-7.815,125.694,Timor Leste,101.6,0,0.0,aftershock sequence
528,575,18,2005-12-15 21:54:58.980000+00:00,2005-12-28 22:11:26.010000+00:00,13.0,usp000e6fw,2005-12-20 05:51:12.560000+00:00,6.1,12.232,140.995,Micronesia,38.9,0,16.7,aftershock sequence
529,1062,18,2009-04-17 04:43:18.480000+00:00,2009-04-19 08:54:46.570000+00:00,2.2,usp000gwc4,2009-04-19 08:54:46.570000+00:00,5.1,14.818,144.559,Northern Mariana Islands,40.6,0,94.4,swarm
530,3084,17,2023-05-14 07:03:24.359000+00:00,2023-05-16 11:57:13.336000+00:00,2.2,us6000kbtf,2023-05-14 08:21:41.726000+00:00,5.8,33.3132,139.3665,Japan,18.4,0,11.8,aftershock sequence
531,811,17,2007-08-02 02:37:42.380000+00:00,2007-08-14 04:13:34.450000+00:00,12.1,usp000fhn0,2007-08-02 02:37:42.380000+00:00,6.2,47.116,141.798,Russia,104.7,0,0.0,aftershock sequence
532,1486,17,2012-12-10 16:53:08.770000+00:00,2013-01-02 07:19:48.430000+00:00,22.6,usp000jwt8,2012-12-10 16:53:08.770000+00:00,7.1,-6.533,129.825,Banda Sea,161.2,1,0.0,aftershock sequence
533,569,17,2005-12-03 09:45:25.600000+00:00,2005-12-20 16:29:20.700000+00:00,17.3,usp000e5rc,2005-12-07 23:32:51.550000+00:00,6.4,-30.012,-177.637,New Zealand,94.4,0,5.9,aftershock sequence
534,608,17,2006-03-25 13:45:08.500000+00:00,2006-04-10 21:53:12.400000+00:00,16.3,usp000ed6k,2006-03-29 06:38:23.970000+00:00,5.3,-22.911,-175.109,Tonga,179.5,0,5.9,aftershock sequence
535,3075,17,2023-04-27 07:41:11.081000+00:00,2023-05-01 15:55:18.573000+00:00,4.3,us7000jxag,2023-05-01 03:22:10.458000+00:00,5.9,26.0161,128.4753,Japan,54.0,0,64.7,swarm
536,3427,17,2025-12-06 20:41:49.288000+00:00,2025-12-10 11:28:32.988000+00:00,3.6,us6000rsy1,2025-12-06 20:41:49.288000+00:00,7.0,60.3127,-139.5412,2025 Hubbard Glacier Earthquake,42.8,1,0.0,aftershock sequence
537,2882,17,2022-03-15 03:53:30.946000+00:00,2022-03-23 03:10:49.101000+00:00,8.0,us6000h62z,2022-03-19 21:24:22.127000+00:00,6.3,-25.2976,-176.2998,Fiji Islands,139.2,0,5.9,aftershock sequence
538,3389,17,2025-08-31 19:17:34.124000+00:00,2025-09-07 00:01:20.684000+00:00,6.2,us7000qsvj,2025-08-31 19:17:34.124000+00:00,6.0,34.7106,70.8087,Afghanistan,21.0,0,0.0,aftershock sequence
539,1903,17,2015-07-18 02:27:33.820000+00:00,2015-07-23 22:54:21.730000+00:00,5.9,us20002yaw,2015-07-18 02:27:33.820000+00:00,7.0,-10.4012,165.1409,Solomon Islands,81.3,1,0.0,aftershock sequence
540,713,17,2006-12-02 20:51:54.850000+00:00,2006-12-30 10:20:11.780000+00:00,27.6,usp000f00j,2006-12-11 09:24:32.650000+00:00,5.0,21.937,143.018,Mariana Islands,145.8,0,35.3,swarm
541,3281,17,2024-10-05 11:56:35.545000+00:00,2024-10-13 11:35:53.220000+00:00,8.0,us6000nx6d,2024-10-07 23:59:05.581000+00:00,5.8,-33.4502,-178.6412,Kermadec Islands,90.0,0,17.6,aftershock sequence
542,3560,17,2026-09-11 16:42:31.376000+00:00,2026-09-27 21:57:52.940000+00:00,16.2,us7000thge,2026-09-14 20:02:04.673000+00:00,4.9,4.5034,-76.7177,Colombia,29.0,0,17.6,aftershock sequence
543,3137,17,2023-10-06 10:41:31.376000+00:00,2023-10-14 18:12:59.803000+00:00,8.3,us6000ldqf,2023-10-07 08:40:11.361000+00:00,6.9,-5.4749,146.1439,Papua New Guinea,113.6,2,11.8,aftershock sequence
544,973,17,2008-08-25 13:21:58.820000+00:00,2008-09-01 11:24:03.080000+00:00,6.9,usp000gfga,2008-08-25 13:21:58.820000+00:00,6.7,30.901,83.52,Nepal,49.9,1,0.0,aftershock sequence
545,109,17,2001-07-30 06:37:06.550000+00:00,2001-08-06 05:29:02.780000+00:00,7.0,usp000aknv,2001-08-01 09:20:08.720000+00:00,5.0,71.077,-13.027,Svalbard and Jan Mayen,46.4,0,47.1,swarm
546,470,17,2005-01-20 16:45:28.860000+00:00,2005-01-30 18:20:04.500000+00:00,10.1,usp000deyj,2005-01-28 15:46:45.270000+00:00,6.2,-1.089,-81.157,Ecuador,51.4,0,82.4,swarm
547,1127,17,2009-12-06 17:36:36.010000+00:00,2009-12-12 02:27:03.780000+00:00,5.4,usp000h4v7,2009-12-08 03:08:57.240000+00:00,5.9,-9.948,33.878,Malawi,29.5,0,76.5,swarm
548,1149,17,2010-02-02 14:25:20.120000+00:00,2010-03-03 10:45:01.210000+00:00,28.8,usp000h73e,2010-02-09 01:03:44.440000+00:00,6.1,-15.053,-173.492,Tonga,141.0,0,29.4,swarm
549,2841,17,2021-12-11 15:29:46.358000+00:00,2022-01-04 13:02:53.499000+00:00,23.9,us7000g7lx,2021-12-29 18:25:51.962000+00:00,7.3,-7.5482,127.5773,Timor Leste,152.7,1,52.9,swarm
550,674,17,2006-08-20 14:27:55.030000+00:00,2006-09-08 12:59:13.580000+00:00,18.9,usp000eseg,2006-09-04 01:03:49.750000+00:00,5.1,-9.264,107.544,Indonesia,157.3,0,88.2,swarm
551,2327,17,2018-09-05 18:07:59.150000+00:00,2018-09-16 17:51:29.210000+00:00,11.0,us2000h8ty,2018-09-05 18:07:59.150000+00:00,6.6,42.6861,141.9294,Japan,16.9,1,0.0,aftershock sequence
552,1771,17,2014-09-03 20:28:22.410000+00:00,2014-09-06 19:52:57.240000+00:00,3.0,usb000s9vv,2014-09-06 06:53:11.760000+00:00,6.1,-26.6478,-114.5,Easter Island,100.2,0,64.7,swarm
553,1807,17,2014-11-23 22:55:12.040000+00:00,2014-12-12 22:24:26.610000+00:00,19.0,usc000t4u8,2014-11-25 20:33:38.290000+00:00,5.0,21.8135,143.4598,Mariana Islands,110.9,0,29.4,swarm
554,1077,17,2009-06-19 10:30:05.650000+00:00,2009-07-26 06:10:58.160000+00:00,36.8,usp000gz7c,2009-07-13 18:05:01.420000+00:00,6.3,24.056,122.201,Taiwan,123.7,0,52.9,swarm
555,3063,17,2023-04-04 21:09:54.974000+00:00,2023-04-11 16:36:31.562000+00:00,6.8,us6000k434,2023-04-07 04:11:06.874000+00:00,4.9,-28.5054,-177.6639,Kermadec Islands,39.1,0,64.7,swarm
556,256,17,2003-02-24 02:03:41.450000+00:00,2003-03-12 04:47:51.310000+00:00,16.1,usp000brbp,2003-02-24 02:03:41.450000+00:00,6.3,39.61,77.23,China,79.2,0,0.0,aftershock sequence
557,839,17,2007-09-30 02:08:30.170000+00:00,2007-10-09 20:40:03.250000+00:00,9.8,usp000fpg6,2007-09-30 02:08:30.170000+00:00,6.9,10.454,145.718,Mariana Islands,57.4,1,0.0,aftershock sequence
558,1850,17,2015-03-12 09:50:43+00:00,2015-03-25 20:30:18+00:00,13.4,us10001nj1,2015-03-18 18:27:29.500000+00:00,6.2,-36.1167,-73.5219,Chile,39.2,0,5.9,aftershock sequence
559,2460,17,2019-06-11 07:00:01.808000+00:00,2019-07-10 10:19:22.473000+00:00,29.1,us60004177,2019-06-15 21:56:10.835000+00:00,6.1,-21.1807,-174.169,Tonga,111.3,0,17.6,aftershock sequence
560,1880,17,2015-05-30 20:08:40.530000+00:00,2015-06-18 17:27:13.840000+00:00,18.9,us20002p1q,2015-06-11 16:04:12.560000+00:00,5.3,12.9945,146.2829,Guam,70.0,0,76.5,swarm
561,1357,17,2011-12-27 15:21:56.840000+00:00,2012-01-16 05:13:37.360000+00:00,19.6,usp000jcq2,2011-12-27 15:21:56.840000+00:00,6.6,51.842,95.911,Russia,34.3,1,0.0,aftershock sequence
562,1410,17,2012-04-18 18:42:57.960000+00:00,2012-04-24 18:16:36.100000+00:00,6.0,usp000jj6u,2012-04-18 18:42:57.960000+00:00,5.1,32.506,47.004,Iraq,37.0,0,0.0,aftershock sequence
563,3123,16,2023-09-08 02:15:36.108000+00:00,2023-09-18 03:43:21.787000+00:00,10.1,us7000kuuh,2023-09-10 15:01:59.547000+00:00,5.3,29.2562,129.4839,Japan,90.6,0,81.2,swarm
564,353,16,2004-02-24 02:27:46.230000+00:00,2004-03-07 06:37:52.270000+00:00,12.2,usp000cmxe,2004-02-24 02:27:46.230000+00:00,6.4,35.142,-3.997,Morocco,51.3,0,0.0,aftershock sequence
565,2466,16,2019-06-17 14:55:44.876000+00:00,2019-06-25 16:33:40.875000+00:00,8.1,us600041ry,2019-06-17 14:55:44.876000+00:00,5.8,28.4056,104.9333,China,24.5,0,0.0,aftershock sequence
566,2352,16,2018-10-24 01:06:18.670000+00:00,2018-11-01 19:30:20.940000+00:00,8.8,us2000i5jk,2018-11-01 19:30:20.940000+00:00,5.8,-58.0742,-25.2059,South Sandwich Islands,95.8,0,93.8,swarm
567,1366,16,2012-01-10 18:36:59.080000+00:00,2012-01-19 20:50:34.330000+00:00,9.1,usp000jdar,2012-01-10 18:36:59.080000+00:00,7.2,2.433,93.21,Sumatra,79.8,1,0.0,aftershock sequence
568,816,16,2007-08-03 10:54:13.140000+00:00,2007-09-10 11:51:32.140000+00:00,38.0,usp000fj4k,2007-08-08 00:37:04.910000+00:00,5.1,37.093,71.718,Tajikistan,153.0,0,12.5,aftershock sequence
569,2751,16,2021-06-03 09:57:27.964000+00:00,2021-06-16 22:19:15.815000+00:00,13.5,us7000eax3,2021-06-07 21:41:10.852000+00:00,5.2,10.2413,126.1873,Philippines,48.0,0,62.5,swarm
570,975,16,2008-08-27 18:10:06.570000+00:00,2008-08-28 12:37:35.070000+00:00,0.8,usp000gfug,2008-08-28 12:37:35.070000+00:00,5.9,50.165,-129.628,Canada,30.6,0,93.8,swarm
571,2890,16,2022-03-28 17:25:07.032000+00:00,2022-04-11 11:15:48.251000+00:00,13.7,us7000gzcf,2022-04-03 10:24:54.783000+00:00,5.6,9.2559,126.6946,Philippines,66.9,0,25.0,swarm
572,3395,16,2025-09-13 11:08:25.605000+00:00,2025-09-29 09:36:59.143000+00:00,15.9,us7000qx91,2025-09-19 09:11:56.762000+00:00,5.4,-58.7504,-24.6648,South Sandwich Islands,119.9,0,12.5,aftershock sequence
573,1841,16,2015-02-16 23:06:28.270000+00:00,2015-02-25 10:32:03.380000+00:00,8.5,usb000tpvj,2015-02-16 23:06:28.270000+00:00,6.7,39.8558,142.8808,Japan,100.8,1,0.0,aftershock sequence
574,1831,16,2015-01-25 23:55:50.720000+00:00,2015-02-02 22:37:38.520000+00:00,7.9,usc000tker,2015-01-30 17:57:56.440000+00:00,6.0,-21.2452,170.158,Vanuatu,84.9,0,12.5,aftershock sequence
575,3410,16,2025-10-27 12:38:40.364000+00:00,2025-10-30 16:21:29.814000+00:00,3.2,us6000rjq8,2025-10-27 12:38:40.364000+00:00,6.5,16.5419,-59.5574,Guadeloupe,28.4,1,0.0,aftershock sequence
576,2367,16,2018-11-15 16:49:41.630000+00:00,2018-11-23 21:48:54.290000+00:00,8.2,us1000hsaf,2018-11-15 20:02:22.920000+00:00,6.4,-56.7065,-25.546,South Sandwich Islands,99.3,0,6.2,aftershock sequence
577,743,16,2007-02-24 18:24:44.910000+00:00,2007-04-02 19:42:56.160000+00:00,37.1,usp000f6w4,2007-03-17 17:42:26.290000+00:00,6.2,1.132,126.216,Indonesia,144.2,0,56.2,swarm
578,2050,16,2016-06-21 04:11:50.170000+00:00,2016-07-17 23:07:17.480000+00:00,26.8,us200067r2,2016-06-28 22:46:46.600000+00:00,5.8,-14.6436,166.4585,Vanuatu,129.8,0,25.0,swarm
579,333,16,2003-12-06 06:34:53.130000+00:00,2003-12-18 05:33:26.710000+00:00,12.0,usp000cexg,2003-12-10 04:38:11.590000+00:00,6.8,23.039,121.362,Taiwan,60.9,1,6.2,aftershock sequence
580,1344,16,2011-11-17 17:31:21.550000+00:00,2011-11-27 02:38:01.170000+00:00,9.4,usp000jb1j,2011-11-18 07:51:24.660000+00:00,5.8,-37.806,179.418,New Zealand,103.9,0,25.0,swarm
581,2340,16,2018-10-01 23:12:02.340000+00:00,2018-10-04 04:08:58.440000+00:00,2.2,us1000h5eg,2018-10-01 23:59:42.740000+00:00,6.0,-10.5585,120.2424,Indonesia,35.9,0,12.5,aftershock sequence
582,2330,16,2018-09-05 16:05:46.550000+00:00,2018-10-02 16:01:57.990000+00:00,27.0,us2000h8ry,2018-09-05 16:05:46.550000+00:00,5.5,-24.0947,-174.8928,Tonga,169.2,0,0.0,aftershock sequence
583,2051,16,2016-06-25 10:33:57.430000+00:00,2016-07-22 22:32:03.640000+00:00,27.5,us10005ypj,2016-06-30 12:20:19.480000+00:00,5.1,-29.074,61.1424,Southwest Indian Ridge,100.2,0,12.5,aftershock sequence
584,427,16,2004-10-04 19:20:34.980000+00:00,2004-10-09 22:07:48.750000+00:00,5.1,usp000d5s5,2004-10-04 19:20:34.980000+00:00,6.0,14.546,146.993,Northern Mariana Islands,36.0,0,0.0,aftershock sequence
585,3431,16,2025-12-16 17:27:39.569000+00:00,2025-12-29 22:47:22.825000+00:00,13.2,us6000rve6,2025-12-17 01:44:10.829000+00:00,5.2,43.5441,148.0251,Russia,71.1,0,6.2,aftershock sequence
586,3501,16,2026-05-15 18:28:03.617000+00:00,2026-05-31 02:48:01.177000+00:00,15.3,us6000synm,2026-05-19 02:29:24.032000+00:00,5.7,-18.1664,168.2247,Vanuatu,112.5,0,68.8,swarm
587,2324,16,2018-08-28 23:46:35.860000+00:00,2018-09-14 10:16:23.490000+00:00,16.4,us2000h7aj,2018-09-03 20:35:50.170000+00:00,5.6,-58.0118,-25.2632,South Sandwich Islands,46.1,0,6.2,aftershock sequence
588,325,16,2003-11-06 08:14:57.860000+00:00,2003-11-26 07:11:17.770000+00:00,20.0,usp000ccng,2003-11-12 00:29:45.350000+00:00,6.2,1.593,126.48,Indonesia,141.2,0,43.8,swarm
589,682,16,2006-09-16 09:45:23.910000+00:00,2006-10-01 19:50:27.940000+00:00,15.4,usp000et62,2006-09-16 09:45:23.910000+00:00,6.3,-3.08,129.441,Indonesia,58.5,0,0.0,aftershock sequence
590,689,16,2006-10-02 02:02:39.900000+00:00,2006-10-17 14:04:46.870000+00:00,15.5,usp000euq5,2006-10-08 13:50:24.110000+00:00,5.8,-23.554,-175.271,Tonga,78.0,0,18.8,aftershock sequence
591,93,16,2001-06-05 09:00:05.380000+00:00,2001-06-07 07:54:52.850000+00:00,2.0,usp000ag32,2001-06-05 09:00:05.380000+00:00,6.4,-6.884,146.388,Papua New Guinea,50.9,0,0.0,aftershock sequence
592,1741,16,2014-07-14 17:58:00.660000+00:00,2014-07-24 04:49:16.520000+00:00,9.5,usb000ru9p,2014-07-18 18:44:27.490000+00:00,5.1,-20.4823,168.7607,Vanuatu,102.5,0,37.5,swarm
593,1208,16,2010-09-26 12:12:41.710000+00:00,2010-10-12 10:35:46.360000+00:00,15.9,usp000hmbq,2010-09-29 17:11:25.940000+00:00,7.0,-4.963,133.76,Indonesia,42.7,1,12.5,aftershock sequence
594,1558,16,2013-06-15 16:11:02.500000+00:00,2013-06-19 19:05:08.820000+00:00,4.1,usc000hrl4,2013-06-15 16:11:02.500000+00:00,6.2,34.4,25.02,Greece,25.8,0,0.0,aftershock sequence
595,905,16,2008-03-03 14:11:14.620000+00:00,2008-03-07 07:58:29.210000+00:00,3.7,usp000g0k9,2008-03-03 14:11:14.620000+00:00,6.9,13.351,125.63,Philippine Islands,80.9,1,0.0,aftershock sequence
596,883,16,2008-01-09 08:26:45.490000+00:00,2008-01-30 16:35:53.350000+00:00,21.3,usp000fwaj,2008-01-09 08:26:45.490000+00:00,6.4,32.288,85.166,Xizang,32.4,0,0.0,aftershock sequence
597,1684,16,2014-03-15 20:01:13.050000+00:00,2014-04-02 15:00:03.300000+00:00,17.8,usc000ngbm,2014-03-19 00:34:15.830000+00:00,5.8,-5.298,152.9064,Papua New Guinea,121.7,0,25.0,swarm
598,1664,16,2014-02-03 20:37:15.780000+00:00,2014-02-06 20:29:08.040000+00:00,3.0,usc000mgma,2014-02-03 22:36:37.090000+00:00,5.8,-7.1916,128.1716,Timor Leste,192.7,0,12.5,aftershock sequence
599,2143,16,2017-02-19 23:29:02.310000+00:00,2017-03-10 06:15:13.660000+00:00,18.3,us100086x7,2017-03-04 02:58:20.280000+00:00,6.1,-7.3277,155.748,Papua New Guinea,297.0,0,43.8,swarm
600,1125,16,2009-11-28 18:10:20.630000+00:00,2009-12-21 06:39:22.150000+00:00,22.5,usp000h4hk,2009-11-28 18:10:20.630000+00:00,6.1,5.326,126.288,Philippines,151.8,0,0.0,aftershock sequence
601,528,16,2005-07-23 00:44:56.840000+00:00,2005-08-15 10:30:40.650000+00:00,23.4,usp000dwac,2005-07-30 15:13:20.120000+00:00,5.8,5.177,94.476,Indonesia,222.6,0,31.2,swarm
602,1178,16,2010-06-16 03:06:02.420000+00:00,2010-06-20 23:39:54.890000+00:00,4.9,usp000he3f,2010-06-16 03:16:27.550000+00:00,7.0,-2.174,136.543,Indonesia,57.0,2,6.2,aftershock sequence
603,3543,16,2026-07-28 07:27:14.658000+00:00,2026-08-12 04:05:51.815000+00:00,14.9,us6000tgb9,2026-07-28 07:27:14.658000+00:00,6.8,32.6177,130.6601,Japan,30.5,1,0.0,aftershock sequence
604,3279,16,2024-10-01 12:24:40.302000+00:00,2024-10-30 05:45:38.247000+00:00,28.7,us6000nz9e,2024-10-17 05:37:32.887000+00:00,5.6,-27.8826,-176.2657,Kermadec Islands,137.0,0,56.2,swarm
605,3397,15,2025-09-25 00:14:28.920000+00:00,2025-10-07 01:42:51.876000+00:00,12.1,us6000rf2y,2025-10-06 14:20:26.108000+00:00,4.9,37.7919,144.1058,Japan,32.2,0,60.0,swarm
606,2011,15,2016-04-04 17:11:06.110000+00:00,2016-04-13 06:19:30.250000+00:00,8.5,us20005hei,2016-04-12 14:51:47.640000+00:00,5.4,11.3629,140.9017,Micronesia,82.6,0,46.7,swarm
607,1982,15,2016-01-20 07:24:50.730000+00:00,2016-02-10 01:14:06.380000+00:00,20.7,us20004z5b,2016-02-10 00:33:05.340000+00:00,6.3,-30.5723,-71.5838,Chile,59.6,0,60.0,swarm
608,2585,15,2020-04-14 02:37:09.750000+00:00,2020-04-24 09:20:50.437000+00:00,10.3,us70008x4w,2020-04-15 21:46:44.772000+00:00,4.9,-6.2464,151.663,Papua New Guinea,73.1,0,13.3,aftershock sequence
609,2155,15,2017-04-04 12:58:45.540000+00:00,2017-04-09 03:14:12.580000+00:00,4.6,us10008fsd,2017-04-08 07:09:23.180000+00:00,5.9,13.7701,120.9354,Philippines,36.8,0,53.3,swarm
610,3469,15,2026-03-02 23:46:49.780000+00:00,2026-03-24 20:59:35.883000+00:00,21.9,us7000s211,2026-03-04 17:54:36.723000+00:00,6.4,52.3258,176.3707,Alaska,47.8,0,26.7,swarm
611,1136,15,2010-01-02 04:06:15.670000+00:00,2010-01-15 15:27:41.200000+00:00,13.5,usp000h5m6,2010-01-02 08:45:33.020000+00:00,6.1,12.424,141.949,Mariana Islands,102.7,0,46.7,swarm
612,3308,15,2025-01-20 16:17:26.812000+00:00,2025-01-30 07:16:17.282000+00:00,9.6,us6000pl8h,2025-01-20 16:17:26.812000+00:00,6.0,23.1816,120.5448,Taiwan,75.3,0,0.0,aftershock sequence
613,3320,15,2025-02-25 22:55:45.917000+00:00,2025-03-08 20:02:05.394000+00:00,10.9,us6000pvgx,2025-02-25 22:55:45.917000+00:00,6.1,0.3994,124.8407,Indonesia,22.9,0,0.0,aftershock sequence
614,1744,15,2014-07-24 09:23:45.540000+00:00,2014-08-14 11:24:23.290000+00:00,21.1,usb000rzgn,2014-08-02 14:02:18.760000+00:00,5.6,-55.4278,-28.3088,South Sandwich Islands,125.7,0,46.7,swarm
615,1955,15,2015-11-17 07:10:07.300000+00:00,2015-11-24 09:39:05.200000+00:00,7.1,us10003ywp,2015-11-17 07:10:07.300000+00:00,6.5,38.67,20.6,Greece,24.2,1,0.0,aftershock sequence
616,2621,15,2020-07-19 10:15:47.711000+00:00,2020-07-31 16:45:09.922000+00:00,12.3,us7000ar7l,2020-07-19 10:15:47.711000+00:00,5.0,30.412,94.8613,India,14.6,0,0.0,aftershock sequence
617,1019,15,2008-12-18 21:19:28.380000+00:00,2008-12-20 16:43:10.390000+00:00,1.8,usp000gqvv,2008-12-18 21:19:28.380000+00:00,6.2,-32.458,-71.726,Chile,30.5,0,0.0,aftershock sequence
618,1029,15,2009-01-15 17:49:39.070000+00:00,2009-01-25 05:21:36.660000+00:00,9.5,usp000gsmz,2009-01-15 17:49:39.070000+00:00,7.4,46.857,155.154,Kuril Islands,48.0,1,0.0,aftershock sequence
619,3256,15,2024-07-22 02:50:10.426000+00:00,2024-07-22 15:21:12.163000+00:00,0.5,us7000n0s8,2024-07-22 05:04:27.743000+00:00,6.1,-15.5073,168.1241,Vanuatu,23.6,0,33.3,swarm
620,390,15,2004-05-25 16:26:31.550000+00:00,2004-06-16 08:24:25.800000+00:00,21.7,usp000cwj8,2004-05-29 20:56:09.600000+00:00,6.5,34.251,141.406,Japan,41.3,1,6.7,aftershock sequence
621,2046,15,2016-06-22 12:03:22.050000+00:00,2016-06-26 08:13:45.010000+00:00,3.8,us200066qj,2016-06-25 01:58:44.130000+00:00,4.9,56.7325,-34.2866,Reykjanes Ridge,126.6,0,66.7,swarm
622,424,15,2004-10-01 09:40:26.670000+00:00,2004-10-09 22:18:23.960000+00:00,8.5,usp000d5gd,2004-10-01 09:40:26.670000+00:00,5.6,3.615,128.386,Indonesia,40.4,0,0.0,aftershock sequence
623,417,15,2004-09-03 12:16:49.690000+00:00,2004-09-09 01:47:54.170000+00:00,5.6,usp000d3fm,2004-09-03 19:04:47.980000+00:00,6.2,-15.254,-173.34,Tonga,48.4,0,13.3,aftershock sequence
624,1458,15,2012-09-05 14:42:07.800000+00:00,2012-09-18 19:10:37.420000+00:00,13.2,usp000jrsw,2012-09-05 14:42:07.800000+00:00,7.6,10.085,-85.315,Costa Rica,98.4,1,0.0,aftershock sequence
625,2392,15,2018-12-31 04:18:05.530000+00:00,2019-01-21 01:36:34.150000+00:00,20.9,us2000j6qr,2019-01-21 01:36:34.150000+00:00,5.6,-21.9552,169.2489,New Caledonia,100.7,0,93.3,swarm
626,2056,15,2016-07-16 18:54:49.840000+00:00,2016-07-26 18:28:51.160000+00:00,10.0,us20006ggf,2016-07-21 16:28:42.280000+00:00,5.4,-23.6218,-175.0528,Tonga,80.1,0,46.7,swarm
627,3381,15,2025-08-10 04:56:49.867000+00:00,2025-08-13 09:23:45.508000+00:00,3.2,us6000qzki,2025-08-10 04:56:49.867000+00:00,5.9,12.9438,145.6375,Guam,52.6,0,0.0,aftershock sequence
628,843,15,2007-10-08 13:09:36.080000+00:00,2007-10-17 20:54:33.870000+00:00,9.3,usp000fqp2,2007-10-16 08:41:45.070000+00:00,5.4,-33.033,-178.319,Kermadec Islands,100.6,0,53.3,swarm
629,2032,15,2016-05-28 12:06:24.440000+00:00,2016-06-06 02:35:32.390000+00:00,8.6,us2000629f,2016-06-06 02:35:32.390000+00:00,6.1,-30.0235,-177.8359,New Zealand,147.2,0,93.3,swarm
630,2343,15,2018-10-09 07:45:11.640000+00:00,2018-10-12 22:22:01.600000+00:00,3.6,us1000hacw,2018-10-10 23:16:02.130000+00:00,6.5,49.2902,156.2968,Russia,22.0,1,13.3,aftershock sequence
631,2329,15,2018-09-05 14:49:48.070000+00:00,2018-09-20 13:44:20.860000+00:00,15.0,us2000he2j,2018-09-13 17:34:12.390000+00:00,5.3,-34.8245,-179.3472,Kermadec Islands,172.2,0,53.3,swarm
632,2712,15,2021-03-06 17:48:54.005000+00:00,2021-03-07 07:20:30.867000+00:00,0.6,us7000dgkw,2021-03-06 18:51:12.620000+00:00,5.7,20.8917,144.3647,Northern Mariana Islands,50.2,0,40.0,swarm
633,1255,15,2011-03-12 12:03:41.140000+00:00,2011-03-24 19:06:17.920000+00:00,12.3,usp000hwfy,2011-03-12 13:25:59.840000+00:00,5.6,25.209,-109.82,Mexico,38.2,0,13.3,aftershock sequence
634,280,15,2003-06-07 00:32:45.570000+00:00,2003-06-15 21:30:37.480000+00:00,8.9,usp000bz8p,2003-06-07 00:32:45.570000+00:00,6.6,-5.095,152.502,Papua New Guinea,48.9,1,0.0,aftershock sequence
635,3062,15,2023-04-04 17:17:42.936000+00:00,2023-04-13 03:21:19.466000+00:00,8.4,us6000k314,2023-04-09 12:17:33.607000+00:00,5.7,8.966,93.9695,India,32.3,0,46.7,swarm
636,865,15,2007-11-24 21:24:49.110000+00:00,2007-12-15 00:44:39.660000+00:00,20.1,usp000ftqh,2007-12-02 11:57:05.150000+00:00,5.2,36.591,71.025,Afghanistan,106.0,0,40.0,swarm
637,3442,15,2025-12-31 17:30:42.385000+00:00,2026-01-19 21:50:33.235000+00:00,19.2,us7000rn2z,2026-01-07 03:02:53.890000+00:00,6.4,7.2449,126.8953,Philippines,121.9,0,13.3,aftershock sequence
638,81,15,2001-03-16 20:32:39.470000+00:00,2001-03-17 14:44:33.020000+00:00,0.8,usp000abj5,2001-03-16 21:03:39.720000+00:00,5.0,37.705,-32.344,Portugal,42.1,0,6.7,aftershock sequence
639,322,15,2003-11-01 03:19:26.490000+00:00,2003-12-03 14:11:14.020000+00:00,32.5,usp000cedx,2003-12-03 14:11:14.020000+00:00,5.9,42.36,144.732,Japan,131.2,0,93.3,swarm
640,2555,15,2020-01-22 05:35:11.755000+00:00,2020-01-28 16:41:38.636000+00:00,6.5,us60007g8m,2020-01-26 06:31:55.398000+00:00,6.1,51.1338,-179.8892,Alaska,31.0,0,20.0,aftershock sequence
641,91,15,2001-05-29 23:31:27.960000+00:00,2001-06-11 00:42:09.730000+00:00,12.0,usp000afry,2001-05-29 23:37:19.490000+00:00,6.4,-7.022,155.037,Papua New Guinea,58.4,0,6.7,aftershock sequence
642,1211,15,2010-10-03 16:54:17.460000+00:00,2010-10-10 06:25:27.650000+00:00,6.6,usp000hmrb,2010-10-08 03:26:13.710000+00:00,6.4,51.374,-175.361,Alaska,50.7,0,6.7,aftershock sequence
643,140,15,2001-12-18 04:02:58.280000+00:00,2001-12-28 00:41:38.600000+00:00,9.9,usp000ausw,2001-12-18 04:02:58.280000+00:00,6.8,23.954,122.734,Japan,102.9,1,0.0,aftershock sequence
644,1704,15,2014-05-13 13:05:31.610000+00:00,2014-05-23 05:25:08.970000+00:00,9.7,usb000qvt4,2014-05-19 22:47:12.980000+00:00,5.7,-57.0334,-25.1486,South Sandwich Islands,101.8,0,53.3,swarm
645,696,15,2006-10-20 14:31:00.150000+00:00,2006-10-22 15:48:23.380000+00:00,2.1,usp000evqs,2006-10-21 18:23:20.980000+00:00,5.9,13.368,121.378,Philippines,50.5,0,60.0,swarm
646,126,15,2001-10-21 00:29:10.640000+00:00,2001-11-03 03:40:23.480000+00:00,13.1,usp000araj,2001-10-21 00:29:21.490000+00:00,6.7,-37.137,178.982,New Zealand,87.2,1,6.7,aftershock sequence
647,123,15,2001-10-09 17:45:33.460000+00:00,2001-10-11 17:00:48.350000+00:00,2.0,usp000aqjq,2001-10-09 17:45:33.460000+00:00,5.5,-23.223,-175.505,Tonga,23.0,0,0.0,aftershock sequence
648,3108,15,2023-07-14 02:44:39.555000+00:00,2023-08-03 17:49:12.985000+00:00,20.6,us6000kwb4,2023-07-28 19:35:01.342000+00:00,5.5,-58.7654,-25.1897,South Sandwich Islands,132.5,0,66.7,swarm
649,1379,15,2012-01-30 22:55:41.790000+00:00,2012-02-04 19:42:19.990000+00:00,4.9,usp000jefn,2012-02-04 13:09:23.170000+00:00,5.6,11.872,125.754,Philippines,39.6,0,40.0,swarm
650,2742,15,2021-05-14 23:55:05.332000+00:00,2021-06-07 00:58:06.651000+00:00,23.0,us7000e50e,2021-05-21 10:37:11.094000+00:00,5.0,-28.1336,-177.3257,Kermadec Islands,190.2,0,13.3,aftershock sequence
651,3111,15,2023-07-26 08:18:25.807000+00:00,2023-08-07 11:43:16.941000+00:00,12.1,us6000kx57,2023-08-01 20:42:12.508000+00:00,5.0,-32.6842,-178.4184,Kermadec Islands,75.1,0,33.3,swarm
652,1459,15,2012-09-22 06:58:26.170000+00:00,2012-10-14 23:24:12.860000+00:00,22.7,usp000jsq5,2012-09-22 06:58:26.170000+00:00,5.5,-20.896,-174.194,Tonga,134.8,0,0.0,aftershock sequence
653,1442,15,2012-07-18 13:13:47.490000+00:00,2012-08-14 02:06:31.220000+00:00,26.5,usp000jp8m,2012-07-21 04:54:05.500000+00:00,5.6,-37.713,-179.968,New Zealand,53.4,0,6.7,aftershock sequence
654,1001,15,2008-10-23 01:50:07.510000+00:00,2008-11-17 23:06:56.020000+00:00,25.9,usp000gn66,2008-11-07 16:04:23.350000+00:00,6.2,-6.712,129.074,Banda Sea,128.0,0,46.7,swarm
655,1414,15,2012-04-23 02:14:18.820000+00:00,2012-05-12 14:34:48.190000+00:00,19.5,usp000jjhe,2012-04-24 15:15:38.160000+00:00,5.6,-24.228,-175.95,Tonga,86.4,0,26.7,swarm
656,3385,15,2025-08-22 02:16:18.246000+00:00,2025-09-03 07:34:26.070000+00:00,12.2,us6000r2xq,2025-08-22 02:16:18.246000+00:00,7.5,-60.3187,-61.9221,2025 Southern Drake Passage Earthquake,32.1,1,0.0,aftershock sequence
657,3393,15,2025-09-05 20:55:10.484000+00:00,2025-09-28 02:37:24.164000+00:00,22.2,us7000quaj,2025-09-05 20:55:10.484000+00:00,5.2,49.1633,156.1058,Russia,144.1,0,0.0,aftershock sequence
658,2776,15,2021-08-03 00:57:10.938000+00:00,2021-08-06 08:19:04.794000+00:00,3.3,us6000f1r4,2021-08-03 03:42:38.345000+00:00,6.1,8.8809,94.0192,India,83.8,0,20.0,aftershock sequence
659,3114,15,2023-07-26 00:29:59.270000+00:00,2023-08-10 02:44:51.413000+00:00,15.1,us6000kya4,2023-08-06 14:17:50.317000+00:00,5.7,-55.7055,-27.106,South Sandwich Islands,144.2,0,33.3,swarm
660,3284,15,2024-10-21 03:24:16.301000+00:00,2024-10-27 13:35:03.923000+00:00,6.4,us6000nzyn,2024-10-21 03:24:16.301000+00:00,5.8,-1.1774,127.4529,Indonesia,26.4,0,0.0,aftershock sequence
661,1362,15,2012-01-03 23:29:47.180000+00:00,2012-01-11 10:07:35.680000+00:00,7.4,usp000jd4v,2012-01-06 19:04:03.970000+00:00,5.0,26.944,143.559,Japan,24.7,0,46.7,swarm
662,697,15,2006-10-23 00:19:21.200000+00:00,2006-10-29 16:38:23.260000+00:00,6.7,usp000evwc,2006-10-24 03:03:45.280000+00:00,6.1,4.898,125.295,Philippines,54.1,0,60.0,swarm
663,1732,14,2014-06-26 14:14:44.900000+00:00,2014-07-14 04:39:04.330000+00:00,17.6,usc000rqgl,2014-07-04 13:12:17.670000+00:00,5.5,-7.0168,155.9036,Papua New Guinea,133.8,0,21.4,swarm
664,2002,14,2016-03-12 11:55:52.680000+00:00,2016-03-23 04:55:00.860000+00:00,10.7,us10004x1w,2016-03-12 18:06:44.760000+00:00,6.3,51.5648,-173.9423,Alaska,35.3,0,21.4,swarm
665,890,14,2008-01-27 12:43:38.500000+00:00,2008-02-13 16:46:32.660000+00:00,17.2,usp000fxu7,2008-01-31 01:04:28.210000+00:00,5.8,-6.132,129.65,Banda Sea,105.4,0,28.6,swarm
666,1681,14,2014-03-12 19:25:41.560000+00:00,2014-03-18 18:54:10.220000+00:00,6.0,usc000n9h2,2014-03-12 19:25:41.560000+00:00,5.6,-23.5928,-175.0857,Tonga,168.6,0,0.0,aftershock sequence
667,2830,14,2021-11-17 23:46:49.441000+00:00,2021-12-05 22:34:37.090000+00:00,17.9,us7000fwzz,2021-11-25 12:04:05.721000+00:00,6.1,-10.7451,166.5074,Solomon Islands,141.5,0,14.3,aftershock sequence
668,1956,14,2015-11-17 14:21:36.200000+00:00,2015-12-01 22:59:37.940000+00:00,14.4,us10003zfk,2015-11-19 03:47:31.840000+00:00,5.1,-32.5327,-176.6813,Kermadec Islands,257.1,0,21.4,swarm
669,3129,14,2023-09-24 09:36:07.348000+00:00,2023-10-10 22:07:47.134000+00:00,16.5,us6000lbhd,2023-09-28 19:21:14.859000+00:00,5.7,-5.2534,152.8231,Papua New Guinea,124.2,0,14.3,aftershock sequence
670,2220,14,2017-10-12 19:49:58.570000+00:00,2017-11-08 15:28:23.300000+00:00,26.8,us1000arzf,2017-10-14 00:20:57.690000+00:00,5.5,16.2276,-94.8656,Mexico,159.0,0,21.4,swarm
671,2547,14,2019-12-29 14:16:54.297000+00:00,2020-01-02 18:12:46.423000+00:00,4.2,us70006t8d,2020-01-01 19:28:50.580000+00:00,5.4,-32.9622,-178.3339,Kermadec Islands,73.7,0,50.0,swarm
672,756,14,2007-03-24 04:05:10.930000+00:00,2007-04-15 04:12:30.190000+00:00,22.0,usp000f9rw,2007-04-15 04:12:30.190000+00:00,5.5,47.002,153.435,Kuril Islands,132.1,0,92.9,swarm
673,781,14,2007-06-04 21:09:00.370000+00:00,2007-06-28 02:52:10.990000+00:00,23.2,usp000ff08,2007-06-28 02:52:10.990000+00:00,6.7,-7.979,154.635,Papua New Guinea,184.9,1,92.9,swarm
674,1977,14,2015-12-25 19:14:47.190000+00:00,2016-01-26 23:19:08.860000+00:00,32.2,us100049i1,2015-12-25 19:14:47.190000+00:00,6.3,36.4935,71.1263,Afghanistan,118.6,0,0.0,aftershock sequence
675,1919,14,2015-09-04 12:15:43.470000+00:00,2015-09-05 13:04:32.140000+00:00,1.0,us20003glc,2015-09-05 07:00:01.410000+00:00,5.5,51.371,-174.3382,Alaska,65.2,0,64.3,swarm
676,1784,14,2014-10-09 02:14:31.440000+00:00,2014-10-15 04:15:17.820000+00:00,6.1,usb000sk6k,2014-10-09 02:14:31.440000+00:00,7.0,-32.1082,-110.8112,East Pacific Rise,108.8,2,0.0,aftershock sequence
677,2169,14,2017-05-03 04:46:55.690000+00:00,2017-05-09 15:10:04.610000+00:00,6.4,us10008npq,2017-05-03 04:47:13.380000+00:00,6.0,39.4939,71.4438,Tajikistan,102.2,0,7.1,aftershock sequence
678,2597,14,2020-05-15 11:03:27.176000+00:00,2020-05-22 00:22:00.588000+00:00,6.6,nn00725272,2020-05-15 11:03:27.176000+00:00,6.5,38.1689,-117.8497,Nevada,11.9,1,0.0,aftershock sequence
679,2584,14,2020-04-11 18:22:42.271000+00:00,2020-04-28 16:08:13.154000+00:00,16.9,us70008u4a,2020-04-11 18:22:42.271000+00:00,5.2,-19.4108,-173.0467,Tonga,77.4,0,0.0,aftershock sequence
680,27,14,2000-06-29 07:59:06.650000+00:00,2000-07-02 21:31:27.420000+00:00,3.6,usp0009vcz,2000-06-29 07:59:06.650000+00:00,5.9,13.031,144.538,Guam,108.2,0,0.0,aftershock sequence
681,23,14,2000-06-02 12:40:43.540000+00:00,2000-06-11 07:22:57.480000+00:00,8.8,usp0009u98,2000-06-09 01:27:15.160000+00:00,6.3,-5.071,152.495,Papua New Guinea,130.6,0,35.7,swarm
682,991,14,2008-10-06 08:30:45.570000+00:00,2008-10-10 21:18:46.660000+00:00,4.5,usp000gjgt,2008-10-06 08:30:45.570000+00:00,6.3,29.807,90.35,China,67.6,0,0.0,aftershock sequence
683,1394,14,2012-02-27 16:29:25.420000+00:00,2012-03-11 07:25:46.460000+00:00,12.6,usp000jfgw,2012-02-27 19:31:51.720000+00:00,5.4,25.557,127.096,Japan,67.2,0,14.3,aftershock sequence
684,1390,14,2012-02-25 06:15:13.600000+00:00,2012-03-04 16:26:23.770000+00:00,8.4,usp000jfbv,2012-02-25 06:15:13.600000+00:00,5.2,49.186,155.941,Russia,22.0,0,0.0,aftershock sequence
685,1364,14,2012-01-05 01:13:40.430000+00:00,2012-01-19 23:35:34.390000+00:00,14.9,usp000jd26,2012-01-05 01:13:40.430000+00:00,5.6,-17.691,-173.543,Tonga,149.5,0,0.0,aftershock sequence
686,3519,14,2026-06-24 22:30:12.962000+00:00,2026-07-14 08:07:31.469000+00:00,19.4,us6000t7zq,2026-06-24 22:30:12.962000+00:00,6.9,40.2563,142.1794,Japan,96.3,1,0.0,aftershock sequence
687,2374,14,2018-11-27 02:45:33.320000+00:00,2018-12-25 14:55:23.410000+00:00,28.5,us1000hwwp,2018-11-27 02:45:33.320000+00:00,5.7,-17.8924,-178.571,Fiji,134.9,0,0.0,aftershock sequence
688,3283,14,2024-10-15 19:51:31.126000+00:00,2024-10-19 18:46:50.385000+00:00,4.0,us6000nyys,2024-10-16 04:30:27.356000+00:00,5.2,-31.2352,-176.8116,Kermadec Islands,50.3,0,7.1,aftershock sequence
689,403,14,2004-07-25 19:48:57.030000+00:00,2004-08-06 14:35:27.030000+00:00,11.8,usp000d11k,2004-07-29 01:44:06.910000+00:00,5.9,12.455,94.997,India,32.9,0,7.1,aftershock sequence
690,2907,14,2022-05-04 20:16:06.027000+00:00,2022-05-12 16:14:30.356000+00:00,7.8,us7000h781,2022-05-05 08:21:15.666000+00:00,6.0,6.5295,127.1315,Philippines,52.4,0,21.4,swarm
691,2365,14,2018-11-12 23:37:54.980000+00:00,2018-11-18 20:44:49.420000+00:00,5.9,us1000hsie,2018-11-16 03:26:55.640000+00:00,6.2,-10.5383,163.1676,Solomon Islands,78.7,0,21.4,swarm
692,3299,14,2024-12-18 16:02:49.309000+00:00,2024-12-22 07:37:10.193000+00:00,3.6,us7000nzxl,2024-12-19 01:09:51.222000+00:00,5.1,17.608,119.5738,Philippines,25.7,0,28.6,swarm
693,1449,14,2012-08-11 12:23:18.190000+00:00,2012-08-16 17:14:14.140000+00:00,5.2,usp000jq5p,2012-08-11 12:23:18.190000+00:00,6.4,38.329,46.826,Iran,21.3,0,0.0,aftershock sequence
694,2726,14,2021-04-09 22:07:30.246000+00:00,2021-04-13 03:53:00.179000+00:00,3.2,us6000e0h9,2021-04-09 22:07:30.246000+00:00,5.2,29.2909,129.4062,Japan,46.0,0,0.0,aftershock sequence
695,1069,14,2009-05-16 00:53:51.250000+00:00,2009-05-25 04:18:48.190000+00:00,9.1,usp000gx5u,2009-05-16 00:53:51.250000+00:00,6.5,-31.553,-178.833,Kermadec Islands,164.2,1,0.0,aftershock sequence
696,198,14,2002-08-09 14:25:59.230000+00:00,2002-08-24 02:53:46.260000+00:00,14.5,usp000b9u3,2002-08-13 14:13:54.990000+00:00,5.6,-30.772,-177.367,New Zealand,142.5,0,14.3,aftershock sequence
697,3355,14,2025-05-31 14:28:49.890000+00:00,2025-06-05 04:24:41.891000+00:00,4.6,us6000qh5j,2025-05-31 22:26:22.460000+00:00,6.2,-27.8491,-178.1234,Kermadec Islands,165.9,0,42.9,swarm
698,2496,14,2019-09-18 01:42:20.794000+00:00,2019-09-27 15:15:44.778000+00:00,9.6,us60005l9s,2019-09-20 09:13:40.065000+00:00,5.4,-18.3055,-172.5049,Tonga,123.5,0,28.6,swarm
699,2486,14,2019-07-21 21:45:13.132000+00:00,2019-08-04 01:52:57.993000+00:00,13.2,us60004w8x,2019-07-26 23:37:58.444000+00:00,6.0,20.8373,121.9744,Philippines,202.1,0,42.9,swarm
700,1791,14,2014-10-19 19:51:10.150000+00:00,2014-10-20 15:32:31.990000+00:00,0.8,usb000sp1u,2014-10-19 20:06:13.260000+00:00,5.4,8.6802,-39.3344,Mid-Atlantic Ridge,86.2,0,7.1,aftershock sequence
701,3302,14,2024-12-31 17:09:39.374000+00:00,2025-01-05 17:24:43.116000+00:00,5.0,us6000ph16,2025-01-02 07:06:39.333000+00:00,5.4,-3.7199,151.7189,Papua New Guinea,37.9,0,71.4,swarm
702,2656,14,2020-10-15 09:41:16.989000+00:00,2020-10-21 15:17:53.490000+00:00,6.2,us6000c9ci,2020-10-19 07:31:30.626000+00:00,5.6,-3.3684,100.2706,Indonesia,34.0,0,50.0,swarm
703,3527,14,2026-07-08 10:35:26.079000+00:00,2026-07-14 01:27:30.155000+00:00,5.6,us7000t01n,2026-07-13 14:45:49.568000+00:00,6.3,-22.8169,171.5829,Loyalty Islands,66.2,0,28.6,swarm
704,2887,14,2022-03-13 00:00:31.813000+00:00,2022-03-30 17:03:21.286000+00:00,17.7,us7000gwx3,2022-03-24 18:02:03.916000+00:00,5.3,-33.7217,-178.7567,Kermadec Islands,86.6,0,64.3,swarm
705,921,14,2008-04-12 00:30:12.600000+00:00,2008-04-23 02:03:09.960000+00:00,11.1,usp000g3q9,2008-04-12 00:30:12.600000+00:00,7.1,-55.664,158.453,Macquarie Island,45.9,1,0.0,aftershock sequence
706,3161,14,2023-12-05 06:02:25.631000+00:00,2023-12-07 20:43:18.640000+00:00,2.6,us7000lgch,2023-12-05 07:31:33.611000+00:00,5.6,12.3004,47.4452,Somalia,29.2,0,7.1,aftershock sequence
707,118,14,2001-09-08 06:44:45+00:00,2001-09-18 00:30:50+00:00,9.7,usp000ap50,2001-09-14 04:45:08+00:00,6.0,48.69,-128.71,Canada,22.5,0,57.1,swarm
708,1698,14,2014-04-30 03:36:20.840000+00:00,2014-05-13 08:08:22.020000+00:00,13.2,usb000q4uf,2014-04-30 03:36:20.840000+00:00,5.3,-23.2719,-175.6629,Tonga,172.2,0,0.0,aftershock sequence
709,2124,14,2017-01-15 15:26:29.500000+00:00,2017-02-03 23:15:01.530000+00:00,19.3,us10007uph,2017-01-22 04:30:22.960000+00:00,7.9,-6.2464,155.1718,Papua New Guinea,192.7,1,7.1,aftershock sequence
710,2238,14,2017-12-08 00:22:54.200000+00:00,2017-12-17 23:41:16.350000+00:00,10.0,us2000c1wt,2017-12-08 00:22:54.200000+00:00,6.4,10.1164,140.2197,Micronesia,47.7,0,0.0,aftershock sequence
711,1638,14,2013-12-25 16:23:31.350000+00:00,2014-01-20 17:23:13.400000+00:00,26.0,usc000ltqk,2013-12-29 15:37:38.060000+00:00,5.7,1.2996,126.2455,Indonesia,105.9,0,21.4,swarm
712,1448,14,2012-08-07 04:18:33.780000+00:00,2012-08-29 19:05:11.120000+00:00,22.6,usp000jr29,2012-08-29 19:05:11.120000+00:00,5.5,38.425,141.814,Japan,318.1,0,92.9,swarm
713,2394,14,2019-01-10 17:00:37.630000+00:00,2019-01-12 07:27:51.110000+00:00,1.6,us2000j2kv,2019-01-10 17:00:37.630000+00:00,5.8,-26.904,-175.5446,Tonga,78.8,0,0.0,aftershock sequence
714,2783,14,2021-08-14 12:29:08.454000+00:00,2021-08-22 23:27:12.189000+00:00,8.5,us6000f65h,2021-08-14 12:29:08.454000+00:00,7.2,18.4335,-73.4822,Haiti,64.2,1,0.0,aftershock sequence
715,2967,14,2022-09-09 23:31:47.409000+00:00,2022-09-13 01:09:20.279000+00:00,3.1,us6000iika,2022-09-09 23:31:47.409000+00:00,6.2,-2.2492,138.1979,Indonesia,92.8,0,0.0,aftershock sequence
716,1946,13,2015-11-01 16:50:59.490000+00:00,2015-11-05 16:24:13.870000+00:00,4.0,us200041ty,2015-11-04 03:44:15.190000+00:00,6.5,-8.3381,124.8754,Timor Leste,72.7,1,23.1,swarm
717,897,13,2008-02-20 08:08:30.520000+00:00,2008-02-26 11:38:41.440000+00:00,6.1,usp000fzau,2008-02-20 08:08:30.520000+00:00,7.4,2.768,95.964,Indonesia,45.2,1,0.0,aftershock sequence
718,1130,13,2009-12-05 00:20:08.030000+00:00,2010-01-04 08:18:34.820000+00:00,30.3,usp000h52z,2009-12-16 03:40:23.700000+00:00,5.5,-55.488,-26.898,South Sandwich Islands,88.1,0,30.8,swarm
719,2180,13,2017-05-30 21:53:20.580000+00:00,2017-06-14 21:14:52.460000+00:00,15.0,us20009lsg,2017-06-10 18:47:31.100000+00:00,5.5,14.3184,-93.0147,Mexico,103.8,0,23.1,swarm
720,1997,13,2016-03-02 12:49:48.110000+00:00,2016-03-05 02:41:24.370000+00:00,2.6,us10004u1y,2016-03-02 12:49:48.110000+00:00,7.8,-4.9521,94.3299,Indonesia,85.5,1,0.0,aftershock sequence
721,2000,13,2016-03-09 13:28:11.870000+00:00,2016-03-26 08:56:31.110000+00:00,16.8,us20005a3a,2016-03-16 03:49:32.850000+00:00,5.3,-31.241,-71.7314,Chile,120.2,0,38.5,swarm
722,1923,13,2015-09-09 10:27:28.770000+00:00,2015-09-10 07:24:45.410000+00:00,0.9,us20003hix,2015-09-09 11:34:29.970000+00:00,4.9,-11.2834,-12.6865,Ascension Island,202.7,0,69.2,swarm
723,1952,13,2015-11-13 20:51:31.030000+00:00,2015-11-19 14:41:48.180000+00:00,5.7,us10003y71,2015-11-13 20:51:31.030000+00:00,6.7,31.0009,128.8729,Japan,102.2,1,0.0,aftershock sequence
724,0,13,2000-01-04 18:50:32.050000+00:00,2000-01-10 11:31:28.780000+00:00,5.7,usp0009ks4,2000-01-05 07:40:40.730000+00:00,6.1,-11.371,165.378,Solomon Islands,52.3,0,15.4,aftershock sequence
725,1947,13,2015-11-02 08:15:33.540000+00:00,2015-11-09 23:54:14.380000+00:00,7.7,us10003vyx,2015-11-09 16:03:46.070000+00:00,6.5,51.6394,-173.0746,Alaska,29.8,1,84.6,swarm
726,1179,13,2010-06-19 21:30:01+00:00,2010-07-01 20:58:22.790000+00:00,12.0,usp000hemk,2010-06-28 00:59:47+00:00,5.6,-37.91,-75.038,Chile,346.0,0,53.8,swarm
727,1661,13,2014-01-28 19:30:37.400000+00:00,2014-01-30 03:14:05.220000+00:00,1.3,usc000mcfd,2014-01-28 22:22:14.890000+00:00,5.3,56.7401,-34.5072,Reykjanes Ridge,31.4,0,53.8,swarm
728,286,13,2003-07-03 13:06:14.450000+00:00,2003-07-05 10:23:51.780000+00:00,1.9,usp000c1kd,2003-07-04 00:33:50.040000+00:00,6.1,-5.473,151.691,Papua New Guinea,84.4,0,30.8,swarm
729,2626,13,2020-08-05 08:27:12.019000+00:00,2020-08-09 21:31:13.724000+00:00,4.5,us6000bb2z,2020-08-08 10:45:49.201000+00:00,5.3,-9.7772,118.992,Indonesia,28.3,0,46.2,swarm
730,1606,13,2013-10-25 00:00:32.170000+00:00,2013-11-17 13:36:38.580000+00:00,23.6,usb000kv3p,2013-11-09 10:58:20.430000+00:00,5.0,-7.0007,129.2612,Indonesia,161.8,0,76.9,swarm
731,477,13,2005-02-10 16:53:19.990000+00:00,2005-03-01 01:20:57.400000+00:00,18.4,usp000dfvh,2005-02-10 16:53:19.990000+00:00,6.3,-23.097,169.219,New Caledonia,37.5,0,0.0,aftershock sequence
732,2243,13,2017-12-18 23:23:53.250000+00:00,2017-12-21 03:40:55.480000+00:00,2.2,us1000btna,2017-12-20 13:40:54.570000+00:00,5.5,30.6154,132.0779,Japan,39.8,0,38.5,swarm
733,1641,13,2013-12-24 17:35:02.220000+00:00,2014-01-03 10:24:33.240000+00:00,9.7,usc000luwe,2013-12-31 20:01:06.530000+00:00,5.7,19.1181,120.2719,Philippines,101.1,0,23.1,swarm
734,1615,13,2013-11-11 22:35:49.070000+00:00,2013-11-13 04:35:55.840000+00:00,1.3,usb000kw4q,2013-11-12 10:41:04.980000+00:00,5.4,31.7623,-40.4615,Mid-Atlantic Ridge,56.7,0,46.2,swarm
735,165,13,2002-04-06 22:26:41.160000+00:00,2002-04-15 20:36:57.440000+00:00,8.9,usp000b22m,2002-04-10 00:13:43.220000+00:00,5.4,-44.132,-15.993,Mid-Atlantic Ridge,92.4,0,7.7,aftershock sequence
736,1212,13,2010-10-06 13:45:07.870000+00:00,2010-10-23 00:54:27.650000+00:00,16.5,usp000hn0y,2010-10-12 12:01:07.860000+00:00,5.9,-20.457,-174.205,Tonga,72.4,0,7.7,aftershock sequence
737,2225,13,2017-10-31 11:31:39.440000+00:00,2017-11-02 03:16:19.720000+00:00,1.7,us1000ayz8,2017-10-31 11:50:48.370000+00:00,6.1,-3.7449,127.7517,Indonesia,41.8,0,15.4,aftershock sequence
738,1288,13,2011-06-15 00:32:04.510000+00:00,2011-07-03 14:23:13.810000+00:00,18.6,usp000j36p,2011-06-15 04:41:03.610000+00:00,5.3,26.788,144.108,Japan,145.8,0,7.7,aftershock sequence
739,1066,13,2009-04-20 12:21:21.540000+00:00,2009-04-22 05:10:15.400000+00:00,1.7,usp000gweg,2009-04-21 05:33:22.030000+00:00,5.7,-4.23,129.664,Indonesia,36.7,0,84.6,swarm
740,488,13,2005-03-06 05:01:14.780000+00:00,2005-03-18 04:24:51.750000+00:00,12.0,usp000dhn1,2005-03-06 05:21:43.430000+00:00,6.3,84.948,99.391,Severnaya Zemlya,88.2,0,7.7,aftershock sequence
741,3251,13,2024-07-03 20:18:13.474000+00:00,2024-07-12 08:20:27.083000+00:00,8.5,us7000mykj,2024-07-11 15:08:47.169000+00:00,6.4,48.7877,-128.7103,Canada,58.6,0,61.5,swarm
742,2953,13,2022-08-13 13:02:35.260000+00:00,2022-08-22 20:46:29.436000+00:00,9.3,us6000ianq,2022-08-14 03:11:52.365000+00:00,5.8,-15.7828,167.1018,Vanuatu,120.1,0,23.1,swarm
743,2254,13,2018-01-11 18:26:24.240000+00:00,2018-01-22 07:37:59.270000+00:00,10.5,us2000cifa,2018-01-11 18:26:24.240000+00:00,6.0,18.3719,96.0717,Myanmar,22.4,0,0.0,aftershock sequence
744,235,13,2002-11-18 15:03:51.340000+00:00,2002-12-02 02:44:44.920000+00:00,13.5,usp000bjhn,2002-11-27 16:43:17.530000+00:00,5.9,-14.49,167.827,Vanuatu,106.3,0,30.8,swarm
745,1834,13,2015-01-31 01:39:27.970000+00:00,2015-02-02 01:41:57.060000+00:00,2.0,usc000tkm3,2015-01-31 17:39:11.460000+00:00,5.4,56.6406,-169.1176,Alaska,28.7,0,38.5,swarm
746,503,13,2005-04-26 11:04:57.850000+00:00,2005-05-12 16:04:24.370000+00:00,16.2,usp000dpw7,2005-05-04 05:58:53.830000+00:00,5.3,4.708,94.874,Indonesia,97.7,0,46.2,swarm
747,2053,13,2016-07-11 06:22:00.840000+00:00,2016-07-14 02:22:13.990000+00:00,2.8,us100062px,2016-07-11 20:54:19.730000+00:00,4.8,33.4277,139.3565,Japan,18.5,0,30.8,swarm
748,2969,13,2022-09-12 16:27:43.975000+00:00,2022-09-18 16:06:17.766000+00:00,6.0,us7000i7qg,2022-09-13 18:34:39.016000+00:00,5.1,-20.432,-11.7201,Mid-Atlantic Ridge,43.5,0,38.5,swarm
749,2504,13,2019-10-10 03:54:51.779000+00:00,2019-11-02 18:08:41.113000+00:00,23.6,us700062cg,2019-11-02 18:08:41.113000+00:00,6.1,-55.735,-26.2399,South Sandwich Islands,104.6,0,92.3,swarm
750,1260,13,2011-03-22 07:32:48+00:00,2011-04-06 14:51:05.460000+00:00,15.3,usp000hysm,2011-03-28 06:10:42.370000+00:00,5.2,-34.829,-71.541,Chile,200.8,0,15.4,aftershock sequence
751,846,13,2007-10-10 23:11:41.880000+00:00,2007-10-14 12:33:53.640000+00:00,3.6,usp000fqfm,2007-10-13 17:45:53.180000+00:00,6.1,-21.23,169.195,New Caledonia,110.4,0,15.4,aftershock sequence
752,902,13,2008-02-26 17:30:43.010000+00:00,2008-03-16 11:10:54.440000+00:00,18.7,usp000g0jk,2008-03-03 09:31:02.500000+00:00,6.5,46.406,153.175,Kuril Islands,77.7,1,15.4,aftershock sequence
753,2802,13,2021-09-22 17:32:59.443000+00:00,2021-10-04 06:34:13.852000+00:00,11.5,us6000frhs,2021-10-04 06:34:13.852000+00:00,5.7,-29.979,-177.5029,New Zealand,105.0,0,92.3,swarm
754,3406,13,2025-10-12 03:00:35.575000+00:00,2025-10-20 18:50:30.849000+00:00,8.7,us6000rhg5,2025-10-16 05:48:52.788000+00:00,6.4,-2.168,138.9531,Indonesia,80.7,0,15.4,aftershock sequence
755,1020,13,2008-12-14 10:25:41.040000+00:00,2008-12-25 10:43:12.830000+00:00,11.0,usp000gr0a,2008-12-20 10:29:23.100000+00:00,6.3,36.541,142.425,Japan,124.4,0,7.7,aftershock sequence
756,2940,13,2022-07-10 23:14:05.869000+00:00,2022-07-17 23:20:46.729000+00:00,7.0,us6000i1wg,2022-07-12 19:16:58.460000+00:00,6.8,-22.5907,-114.2583,Easter Island,60.2,1,7.7,aftershock sequence
757,1849,13,2015-03-10 10:22:49.760000+00:00,2015-03-12 08:34:26.170000+00:00,1.9,us10001luu,2015-03-12 07:49:59.560000+00:00,5.3,13.0904,145.5124,Guam,27.8,0,84.6,swarm
758,1858,13,2015-03-30 07:56:53.230000+00:00,2015-04-12 09:01:21.560000+00:00,13.0,us10001ryu,2015-03-30 08:48:25.340000+00:00,6.5,-15.4994,-173.0293,Tonga,73.2,1,38.5,swarm
759,1327,13,2011-10-05 23:02:12.250000+00:00,2011-10-06 23:53:00.730000+00:00,1.0,usp000j8zd,2011-10-06 00:39:32.850000+00:00,5.5,57.89,-32.492,Reykjanes Ridge,19.3,0,38.5,swarm
760,2405,13,2019-01-25 03:35:11.060000+00:00,2019-02-18 20:55:44.910000+00:00,24.7,us2000j9c3,2019-01-27 01:51:11.460000+00:00,4.8,-18.1812,-177.8611,Fiji,133.3,0,7.7,aftershock sequence
761,810,13,2007-07-26 19:51:23.090000+00:00,2007-08-14 04:19:56.340000+00:00,18.4,usp000fhm9,2007-08-01 17:08:51.400000+00:00,7.2,-15.595,167.68,Vanuatu,229.3,1,23.1,swarm
762,215,13,2002-10-10 00:08:29.510000+00:00,2002-10-18 03:32:52.900000+00:00,8.1,usp000beaq,2002-10-11 22:03:15.050000+00:00,5.2,-3.122,143.211,Papua New Guinea,80.0,0,23.1,swarm
763,192,13,2002-06-27 17:08:43.220000+00:00,2002-07-09 12:31:08.890000+00:00,11.8,usp000b7eg,2002-07-03 23:00:18.470000+00:00,6.2,-5.032,147.336,Papua New Guinea,92.8,0,15.4,aftershock sequence
764,940,13,2008-06-03 17:31:32.360000+00:00,2008-06-14 08:45:49.870000+00:00,10.6,usp000g8gp,2008-06-03 22:04:27.870000+00:00,6.0,-8.1,120.231,Indonesia,22.1,0,46.2,swarm
765,3522,13,2026-06-29 07:19:50.382000+00:00,2026-07-14 15:54:59.530000+00:00,15.4,us6000t9r5,2026-07-03 02:31:27.674000+00:00,6.2,1.7826,127.4596,Indonesia,145.2,0,7.7,aftershock sequence
766,2912,13,2022-05-17 06:04:53.424000+00:00,2022-05-28 10:05:49.699000+00:00,11.2,us6000hn4d,2022-05-22 15:17:31.327000+00:00,6.0,33.2279,141.4121,Japan,28.4,0,53.8,swarm
767,534,13,2005-08-04 17:05:18.770000+00:00,2005-08-11 22:44:58.420000+00:00,7.2,usp000dx4p,2005-08-11 09:08:46.810000+00:00,6.2,-22.677,169.509,New Caledonia,154.9,0,46.2,swarm
768,330,13,2003-11-23 23:40:28.180000+00:00,2003-12-12 07:26:14.610000+00:00,18.3,usp000ce71,2003-11-30 12:12:49.180000+00:00,5.4,-17.686,167.725,Vanuatu,100.7,0,15.4,aftershock sequence
769,553,13,2005-09-29 11:33:53.960000+00:00,2005-10-13 19:50:50.140000+00:00,14.3,usp000e1m7,2005-10-11 15:05:39.660000+00:00,5.9,4.82,95.098,Indonesia,122.5,0,69.2,swarm
770,3100,13,2023-07-02 16:25:50.275000+00:00,2023-07-13 15:44:54.674000+00:00,11.0,us6000kr3t,2023-07-09 13:38:36.805000+00:00,5.4,24.0087,143.0668,Japan,27.3,0,46.2,swarm
771,2896,13,2022-04-07 23:36:10.821000+00:00,2022-04-18 13:38:58.039000+00:00,10.6,us7000h0jz,2022-04-07 23:36:10.821000+00:00,5.7,21.7031,121.0439,Taiwan,29.0,0,0.0,aftershock sequence
772,1395,13,2012-03-03 12:19:55.090000+00:00,2012-03-10 19:55:43.430000+00:00,7.3,usp000jfqx,2012-03-03 12:19:55.090000+00:00,6.6,-22.141,170.34,New Caledonia,90.0,1,0.0,aftershock sequence
773,370,13,2004-04-14 09:11:13.160000+00:00,2004-04-16 23:41:24.290000+00:00,2.6,usp000csma,2004-04-16 02:06:13.740000+00:00,5.6,8.904,94.022,India,48.7,0,69.2,swarm
774,4,13,2000-02-05 02:36:35.740000+00:00,2000-02-18 09:43:40.970000+00:00,13.3,usp0009njq,2000-02-17 04:54:26.500000+00:00,5.9,-10.905,166.687,Solomon Islands,150.0,0,76.9,swarm
775,965,13,2008-08-01 08:32:43.650000+00:00,2008-08-13 08:45:44.440000+00:00,12.0,usp000gdw4,2008-08-05 09:49:17.260000+00:00,6.0,32.756,105.494,China,196.6,0,23.1,swarm
776,961,12,2008-07-19 09:27:01.460000+00:00,2008-07-23 23:07:51.610000+00:00,4.6,usp000gckc,2008-07-19 09:27:01.460000+00:00,6.6,-11.041,164.493,Solomon Islands,28.6,1,0.0,aftershock sequence
777,365,12,2004-03-27 18:45:26.380000+00:00,2004-04-06 10:30:32.320000+00:00,9.7,usp000cr1m,2004-03-27 18:47:29.200000+00:00,6.0,33.954,89.179,Xizang,32.6,0,16.7,aftershock sequence
778,956,12,2008-07-05 17:08:30.330000+00:00,2008-07-23 23:04:35.880000+00:00,18.2,usp000gc2b,2008-07-13 14:58:33.010000+00:00,6.2,21.014,121.149,Philippines,97.4,0,33.3,swarm
779,520,12,2005-06-17 02:37:39.250000+00:00,2005-07-10 22:50:20.020000+00:00,23.8,usp000dt82,2005-06-17 02:37:39.250000+00:00,5.3,5.619,94.752,Indonesia,121.4,0,0.0,aftershock sequence
780,2425,12,2019-03-10 17:10:52.490000+00:00,2019-03-22 03:57:44.687000+00:00,11.4,us1000jd8k,2019-03-10 17:10:52.490000+00:00,5.7,36.8322,142.3585,Japan,116.3,0,0.0,aftershock sequence
781,2411,12,2019-02-01 19:16:25.620000+00:00,2019-02-02 20:40:23.770000+00:00,1.1,us2000jcbz,2019-02-02 09:27:36.030000+00:00,6.0,-2.8462,100.0743,Indonesia,31.0,0,16.7,aftershock sequence
782,820,12,2007-08-16 08:39:28.440000+00:00,2007-08-19 05:55:59.520000+00:00,2.9,usp000fjw7,2007-08-16 08:39:28.440000+00:00,6.5,-9.834,159.465,Solomon Islands,34.6,1,0.0,aftershock sequence
783,1415,12,2012-04-24 14:57:10.110000+00:00,2012-05-02 09:57:26.440000+00:00,7.8,usp000jjjm,2012-04-25 07:42:23.380000+00:00,5.7,9.011,93.945,India,119.1,0,41.7,swarm
784,203,12,2002-08-22 03:12:15.260000+00:00,2002-09-07 21:32:16.830000+00:00,16.8,usp000bamv,2002-08-26 02:38:32.390000+00:00,5.2,-4.718,152.931,Papua New Guinea,196.3,0,16.7,aftershock sequence
785,768,12,2007-05-05 08:51:39.090000+00:00,2007-05-08 00:45:26.240000+00:00,2.7,usp000fb9k,2007-05-05 08:51:39.090000+00:00,6.1,34.248,81.967,Xizang,31.8,0,0.0,aftershock sequence
786,760,12,2007-04-03 03:35:07.280000+00:00,2007-04-28 01:11:07.540000+00:00,24.9,usp000f8dk,2007-04-03 03:35:07.280000+00:00,6.2,36.451,70.688,Afghanistan,181.5,0,0.0,aftershock sequence
787,2362,12,2018-11-03 08:44:06.640000+00:00,2018-11-20 01:38:14.880000+00:00,16.7,us1000hrxp,2018-11-14 23:01:21.840000+00:00,5.5,-2.9068,119.3922,Indonesia,16.1,0,58.3,swarm
788,2918,12,2022-05-28 18:05:39.638000+00:00,2022-06-07 13:17:22.020000+00:00,9.8,us7000hg8w,2022-06-05 23:41:02.510000+00:00,5.0,-25.1083,-175.1773,Tonga,65.1,0,58.3,swarm
789,1445,12,2012-08-01 09:24:41.210000+00:00,2012-08-11 02:04:16.460000+00:00,9.7,usp000jpsd,2012-08-02 10:26:14.640000+00:00,5.2,-35.56,-179.786,North Island of New Zealand,127.7,0,16.7,aftershock sequence
790,2945,12,2022-07-16 05:48:09.726000+00:00,2022-07-25 16:52:47.497000+00:00,9.5,us6000i32y,2022-07-16 18:04:03.349000+00:00,5.2,-32.3288,-178.1734,Kermadec Islands,130.9,0,16.7,aftershock sequence
791,3207,12,2024-03-23 20:22:04.348000+00:00,2024-03-30 04:10:02.174000+00:00,6.3,us6000mksx,2024-03-23 20:22:04.348000+00:00,6.9,-4.1292,143.134,Papua New Guinea,29.9,1,0.0,aftershock sequence
792,717,12,2006-12-26 12:26:21.140000+00:00,2006-12-28 19:11:19.630000+00:00,2.3,usp000f114,2006-12-26 12:26:21.140000+00:00,7.1,21.799,120.547,Taiwan,36.3,2,0.0,aftershock sequence
793,1528,12,2013-04-01 14:49:42.180000+00:00,2013-04-12 09:14:20.180000+00:00,10.8,usb000g0at,2013-04-05 10:00:02.970000+00:00,5.0,-32.036,-177.437,Kermadec Islands,165.4,0,58.3,swarm
794,2935,12,2022-07-04 08:49:19.575000+00:00,2022-07-25 05:37:12.336000+00:00,20.9,us7000hska,2022-07-22 02:48:45.128000+00:00,5.1,-58.995,-25.5176,South Sandwich Islands,210.7,0,66.7,swarm
795,401,12,2004-07-01 09:31:50.100000+00:00,2004-07-13 19:51:01.670000+00:00,12.4,usp000czb7,2004-07-01 09:31:50.100000+00:00,5.6,-23.073,-175.416,Tonga,161.0,0,0.0,aftershock sequence
796,217,12,2002-10-17 17:52:44.190000+00:00,2002-10-25 14:14:21.910000+00:00,7.8,usp000bere,2002-10-17 17:52:44.190000+00:00,6.3,-3.597,140.226,Indonesia,111.7,0,0.0,aftershock sequence
797,3382,12,2025-08-12 08:24:23.409000+00:00,2025-08-24 17:22:43.730000+00:00,12.4,us6000r01m,2025-08-12 08:24:23.409000+00:00,6.3,-2.0302,138.966,Indonesia,109.6,0,0.0,aftershock sequence
798,2960,12,2022-08-28 22:30:30.935000+00:00,2022-08-30 23:37:19.273000+00:00,2.0,us7000i3nv,2022-08-30 13:58:20.660000+00:00,5.3,4.38,62.5527,Carlsberg Ridge,57.0,0,83.3,swarm
799,2938,12,2022-07-08 19:28:04.004000+00:00,2022-07-11 04:43:32.333000+00:00,2.4,us6000i10m,2022-07-08 20:27:08.850000+00:00,5.2,-9.4648,112.9197,Indonesia,56.6,0,8.3,aftershock sequence
800,210,12,2002-09-13 22:28:29.460000+00:00,2002-09-20 03:36:58.190000+00:00,6.2,usp000bc65,2002-09-13 22:28:29.460000+00:00,6.5,13.036,93.068,India,27.6,1,0.0,aftershock sequence
801,186,12,2002-06-17 21:26:22.920000+00:00,2002-07-03 15:47:32.240000+00:00,15.8,usp000b6cd,2002-06-17 21:26:22.920000+00:00,6.7,-12.592,166.383,Vanuatu,155.2,1,0.0,aftershock sequence
802,189,12,2002-06-25 19:55:58.890000+00:00,2002-06-26 16:01:10.310000+00:00,0.8,usp000b6xc,2002-06-25 21:47:23.720000+00:00,5.6,-4.928,-12.384,Ascension Island,45.5,0,25.0,swarm
803,1289,12,2011-06-24 03:09:39.470000+00:00,2011-06-28 16:13:32.180000+00:00,4.5,usp000j3mq,2011-06-24 03:09:39.470000+00:00,7.3,52.05,-171.836,Alaska,65.0,1,0.0,aftershock sequence
804,3353,12,2025-05-22 21:28:00.611000+00:00,2025-06-11 09:30:42.851000+00:00,19.5,us6000qh1r,2025-05-31 08:37:17.097000+00:00,6.0,42.2705,144.4895,Japan,166.3,0,25.0,swarm
805,2883,12,2022-03-10 06:03:25.443000+00:00,2022-03-31 12:22:35.648000+00:00,21.3,us6000h3nt,2022-03-10 22:11:18.330000+00:00,4.9,-23.2015,179.2708,Fiji Islands,201.0,0,8.3,aftershock sequence
806,829,12,2007-08-27 20:22:05.070000+00:00,2007-09-13 09:48:45.130000+00:00,16.6,usp000fn4c,2007-09-13 09:48:45.130000+00:00,6.3,3.801,126.342,Philippines,189.5,0,91.7,swarm
807,3004,12,2022-11-15 04:51:00.990000+00:00,2022-11-27 18:07:47.127000+00:00,12.6,us7000irma,2022-11-22 21:13:11.020000+00:00,5.5,-59.9253,-27.8646,South Sandwich Islands,182.0,0,66.7,swarm
808,1752,12,2014-07-30 15:08:23.190000+00:00,2014-08-19 17:12:20.680000+00:00,20.1,usb000s1pi,2014-08-10 13:33:21.030000+00:00,5.6,5.8688,127.1348,Philippines,170.7,0,75.0,swarm
809,2586,12,2020-04-09 16:07:53.239000+00:00,2020-04-19 11:41:48.077000+00:00,9.8,us70008sfy,2020-04-09 16:07:53.239000+00:00,5.0,-30.6448,-177.0275,New Zealand,144.6,0,0.0,aftershock sequence
810,2589,12,2020-04-17 16:30:48.433000+00:00,2020-05-02 18:15:08.851000+00:00,15.1,us70008yn9,2020-04-17 16:30:48.433000+00:00,5.8,-23.7004,69.4374,Mid-Indian Ridge,34.3,0,0.0,aftershock sequence
811,2219,12,2017-09-28 19:58:52.270000+00:00,2017-10-09 18:15:04.890000+00:00,10.9,us2000b2c0,2017-10-07 00:16:30.880000+00:00,5.4,-32.9921,-178.2819,Kermadec Islands,143.7,0,50.0,swarm
812,3002,12,2022-11-11 10:48:46.710000+00:00,2022-11-21 13:26:11.559000+00:00,10.1,us7000ip0l,2022-11-11 10:48:46.710000+00:00,7.3,-19.2881,-172.1471,Tonga,127.3,1,0.0,aftershock sequence
813,3480,12,2026-03-26 07:37:54.190000+00:00,2026-03-30 07:46:57.887000+00:00,4.0,us7000s7u4,2026-03-26 14:18:51.927000+00:00,6.5,39.4377,143.3826,Japan,156.6,1,16.7,aftershock sequence
814,1134,12,2009-12-26 01:14:38.040000+00:00,2010-01-08 12:14:59.610000+00:00,13.5,usp000h5ck,2009-12-26 05:09:28.060000+00:00,5.6,6.482,126.369,Philippines,62.3,0,8.3,aftershock sequence
815,2832,12,2021-11-28 22:19:09.388000+00:00,2021-12-01 04:50:41.143000+00:00,2.3,us6000g7v8,2021-11-30 10:36:18.077000+00:00,6.3,-3.5226,151.1847,Papua New Guinea,101.7,0,16.7,aftershock sequence
816,1140,12,2010-01-15 03:34:56.950000+00:00,2010-01-31 15:18:44.860000+00:00,16.5,usp000h6rp,2010-01-29 09:19:54.440000+00:00,5.8,-18.948,169.665,Vanuatu,214.8,0,66.7,swarm
817,901,12,2008-02-26 07:30:01.430000+00:00,2008-03-12 15:43:48.250000+00:00,15.3,usp000g0em,2008-03-01 23:06:44.770000+00:00,5.6,-35.379,-179.299,North Island of New Zealand,129.0,0,41.7,swarm
818,1668,12,2014-02-11 02:14:55.990000+00:00,2014-02-15 12:32:58.460000+00:00,4.4,usc000mnvj,2014-02-12 09:19:49.060000+00:00,6.9,35.9053,82.5864,China,48.1,1,8.3,aftershock sequence
819,1529,12,2013-04-01 18:53:17.420000+00:00,2013-04-02 14:52:47.970000+00:00,0.8,usb000fxh7,2013-04-01 18:53:17.420000+00:00,6.0,39.526,143.167,Japan,109.7,0,0.0,aftershock sequence
820,1222,12,2010-11-30 08:42:22.650000+00:00,2010-12-06 12:37:16.900000+00:00,6.2,usp000hqb3,2010-11-30 08:42:22.650000+00:00,5.5,52.215,-169.506,Alaska,29.5,0,0.0,aftershock sequence
821,1224,12,2010-12-02 03:12:09.820000+00:00,2010-12-16 22:42:16.780000+00:00,14.8,usp000hqdx,2010-12-02 03:12:09.820000+00:00,6.6,-6.001,149.977,Papua New Guinea,115.1,1,0.0,aftershock sequence
822,1198,12,2010-08-13 04:11:03.320000+00:00,2010-08-13 17:03:55.930000+00:00,0.5,usp000hj1u,2010-08-13 07:58:48.760000+00:00,5.5,36.877,-32.874,Azores Islands,31.7,0,58.3,swarm
823,692,12,2006-10-09 13:45:13.310000+00:00,2006-11-02 09:25:11.320000+00:00,23.8,usp000evzg,2006-10-25 05:06:03.450000+00:00,5.2,1.113,97.431,Indonesia,88.5,0,58.3,swarm
824,2970,12,2022-09-13 15:22:29.269000+00:00,2022-09-28 22:06:39.291000+00:00,15.3,us7000i91n,2022-09-18 08:09:58.854000+00:00,5.7,26.2583,126.0051,Japan,81.3,0,50.0,swarm
825,693,12,2006-10-17 01:25:12.230000+00:00,2006-10-23 14:26:38.470000+00:00,6.5,usp000evbu,2006-10-17 01:25:12.230000+00:00,6.7,-5.881,150.982,Papua New Guinea,85.4,1,0.0,aftershock sequence
826,2251,12,2018-01-06 15:22:09.120000+00:00,2018-01-12 17:50:41.200000+00:00,6.1,us2000ci3s,2018-01-11 06:59:30.470000+00:00,5.5,33.7131,45.7239,Iraq,138.0,0,16.7,aftershock sequence
827,1267,12,2011-04-14 05:45:17.300000+00:00,2011-04-18 07:59:24.290000+00:00,4.1,usp000hzxg,2011-04-14 05:45:17.300000+00:00,5.5,-33.049,-178.526,Kermadec Islands,55.9,0,0.0,aftershock sequence
828,1282,12,2011-06-05 21:09:55.320000+00:00,2011-06-21 10:38:05.390000+00:00,15.6,usp000j33b,2011-06-13 02:20:49.330000+00:00,5.9,-43.564,172.743,New Zealand,28.4,0,25.0,swarm
829,1536,12,2013-04-13 21:23:13.490000+00:00,2013-04-25 22:32:53.420000+00:00,12.0,usb000gc6m,2013-04-19 19:58:40.250000+00:00,6.1,49.965,157.652,Russia,47.2,0,8.3,aftershock sequence
830,1243,12,2011-02-02 15:46:01.990000+00:00,2011-02-13 21:05:40.960000+00:00,11.2,usp000hudb,2011-02-12 03:03:04.280000+00:00,5.6,-31.241,-177.809,Kermadec Islands,105.5,0,58.3,swarm
831,2863,12,2022-02-03 12:45:56.615000+00:00,2022-02-23 05:31:13.331000+00:00,19.7,us7000gj1n,2022-02-08 08:22:21.920000+00:00,5.2,-23.6673,-175.6008,Tonga,75.2,0,25.0,swarm
832,848,12,2007-10-15 12:29:34.860000+00:00,2007-10-16 23:23:06.500000+00:00,1.5,usp000fqks,2007-10-15 12:29:34.860000+00:00,6.8,-44.796,167.553,New Zealand,32.0,1,0.0,aftershock sequence
833,3448,12,2026-01-14 23:38:20.508000+00:00,2026-01-22 09:01:24.841000+00:00,7.4,us7000rqjy,2026-01-19 13:02:19.436000+00:00,6.0,-22.4395,170.3939,New Caledonia,111.1,0,50.0,swarm
834,2493,12,2019-08-27 23:55:19.187000+00:00,2019-09-04 01:53:33.454000+00:00,7.1,us700058yy,2019-08-27 23:55:19.187000+00:00,6.6,-60.2152,-26.5801,South Sandwich Islands,68.4,1,0.0,aftershock sequence
835,915,12,2008-03-28 22:41:32.220000+00:00,2008-04-06 21:17:48.370000+00:00,8.9,usp000g2kb,2008-03-28 22:41:32.220000+00:00,5.8,20.251,121.949,Philippines,83.9,0,0.0,aftershock sequence
836,2148,12,2017-03-16 18:25:23.260000+00:00,2017-03-22 04:52:06.160000+00:00,5.4,us20008t6m,2017-03-19 15:43:25.690000+00:00,6.0,-8.1364,160.7536,Solomon Islands,61.9,0,58.3,swarm
837,3479,12,2026-03-21 03:20:59.404000+00:00,2026-04-13 00:27:20.329000+00:00,22.9,us7000s8q0,2026-03-30 08:44:13.780000+00:00,7.3,-15.2865,167.5825,Vanuatu,124.8,1,25.0,swarm
838,2114,12,2016-12-15 01:06:26.200000+00:00,2017-01-07 17:56:28.830000+00:00,23.7,us200082m1,2016-12-19 20:44:40.140000+00:00,5.4,10.204,125.8168,Philippines,104.6,0,16.7,aftershock sequence
839,2113,12,2016-12-15 17:49:00.410000+00:00,2017-01-04 17:53:20.710000+00:00,20.0,us10007naf,2016-12-28 12:38:49.650000+00:00,5.9,36.8604,140.4421,Japan,141.4,0,58.3,swarm
840,904,12,2008-02-22 08:44:59.510000+00:00,2008-03-21 20:11:13.740000+00:00,28.5,usp000g03x,2008-02-27 06:54:20.610000+00:00,6.2,26.816,142.438,Japan,69.1,0,8.3,aftershock sequence
841,3099,12,2023-06-23 13:27:53.913000+00:00,2023-06-30 18:46:23.851000+00:00,7.2,us7000kaqm,2023-06-23 21:48:25.388000+00:00,5.6,44.9547,-28.0502,Mid-Atlantic Ridge,19.3,0,66.7,swarm
842,1899,12,2015-07-09 19:50:52.190000+00:00,2015-07-30 19:27:23.180000+00:00,21.0,us20002x9h,2015-07-13 20:16:08.410000+00:00,5.3,-55.9972,-28.2656,South Sandwich Islands,110.1,0,25.0,swarm
843,3115,12,2023-08-01 13:38:51.353000+00:00,2023-08-18 07:32:38.219000+00:00,16.7,us6000kx7b,2023-08-02 00:10:11.622000+00:00,5.3,9.3458,93.9282,India,46.2,0,8.3,aftershock sequence
844,1981,12,2016-01-21 13:47:19.860000+00:00,2016-01-28 19:48:51.250000+00:00,7.3,us10004gy9,2016-01-25 04:22:02.730000+00:00,6.3,35.6493,-3.6818,Morocco,25.3,0,8.3,aftershock sequence
845,511,12,2005-06-04 03:26:02.500000+00:00,2005-06-09 15:21:21.420000+00:00,5.5,usp000dsep,2005-06-07 16:01:19.760000+00:00,4.8,61.988,-26.58,Iceland,13.4,0,58.3,swarm
846,2764,12,2021-07-10 00:43:55.986000+00:00,2021-07-19 18:39:39.285000+00:00,9.7,us6000etxj,2021-07-10 00:43:55.986000+00:00,6.1,2.9494,126.4984,Indonesia,81.3,0,0.0,aftershock sequence
847,1905,12,2015-07-18 05:41:26.540000+00:00,2015-08-13 02:00:31.650000+00:00,25.8,us20002ybg,2015-07-18 05:41:26.540000+00:00,5.1,30.4,94.8689,India,20.9,0,0.0,aftershock sequence
848,3278,12,2024-10-01 20:05:34.967000+00:00,2024-10-16 22:51:12.889000+00:00,15.1,us7000nhjw,2024-10-01 20:05:34.967000+00:00,6.6,-19.2886,-173.0007,Tonga,62.4,1,0.0,aftershock sequence
849,2021,12,2016-04-27 15:17:14.440000+00:00,2016-05-14 03:32:48.350000+00:00,16.5,us10005gpt,2016-05-12 03:17:15.070000+00:00,5.8,24.6953,121.9839,Taiwan,125.6,0,58.3,swarm
850,1987,12,2016-02-04 00:07:47.930000+00:00,2016-02-04 08:54:34.370000+00:00,0.4,us20004wyx,2016-02-04 00:07:47.930000+00:00,5.2,-30.4475,-177.6749,New Zealand,90.3,0,0.0,aftershock sequence
851,540,12,2005-08-24 16:05:00.360000+00:00,2005-09-10 16:57:47.270000+00:00,17.0,usp000dz6r,2005-09-10 16:57:47.270000+00:00,5.8,4.862,95.044,Indonesia,100.1,0,91.7,swarm
852,2787,12,2021-08-24 13:21:30.065000+00:00,2021-09-18 00:56:06.374000+00:00,24.5,us7000faix,2021-09-12 11:57:37.062000+00:00,5.2,-15.4257,-174.2996,Tonga,182.6,0,66.7,swarm
853,2825,12,2021-11-18 11:15:06.285000+00:00,2021-12-06 18:39:54.799000+00:00,18.3,us7000fvvz,2021-11-21 05:12:29.013000+00:00,5.8,-29.3368,-176.8479,Kermadec Islands,132.1,0,16.7,aftershock sequence
854,504,12,2005-05-01 22:52:41.320000+00:00,2005-05-18 23:45:02.360000+00:00,17.0,usp000dqn2,2005-05-12 20:52:03.340000+00:00,5.7,-7.501,156.113,Solomon Islands,98.8,0,41.7,swarm
855,607,12,2006-03-25 07:28:57.650000+00:00,2006-03-26 09:37:56.870000+00:00,1.1,usp000ecw4,2006-03-25 07:28:57.650000+00:00,5.9,27.574,55.685,Iran,36.1,0,0.0,aftershock sequence
856,2666,12,2020-12-04 02:43:58.205000+00:00,2020-12-13 06:55:34.195000+00:00,9.2,us7000cn5r,2020-12-04 20:30:11.531000+00:00,5.1,-40.2293,77.9225,Mid-Indian Ridge,29.9,0,25.0,swarm
857,1813,12,2014-12-11 10:41:09.860000+00:00,2014-12-19 08:23:20.800000+00:00,7.9,usc000t5jn,2014-12-11 13:53:29.350000+00:00,5.5,-56.7511,-25.4248,South Sandwich Islands,137.8,0,8.3,aftershock sequence
858,2091,12,2016-10-26 17:10:37.210000+00:00,2016-11-03 00:35:02.610000+00:00,7.3,us1000731j,2016-10-30 06:40:18.670000+00:00,6.6,42.8621,13.0961,Italy,29.0,1,25.0,swarm
859,2103,12,2016-11-25 14:18:59.750000+00:00,2016-11-28 05:46:04.320000+00:00,2.6,us10007ca5,2016-11-25 14:24:30.710000+00:00,6.6,39.2732,73.9776,Tajikistan,46.8,1,8.3,aftershock sequence
860,90,12,2001-05-25 00:40:50.600000+00:00,2001-06-03 08:20:27.710000+00:00,9.3,usp000afg1,2001-05-25 00:40:50.600000+00:00,6.7,44.268,148.393,Russia,70.7,1,0.0,aftershock sequence
861,3154,12,2023-11-26 06:28:42.676000+00:00,2023-11-28 08:12:05.635000+00:00,2.1,us7000lea4,2023-11-28 07:39:35.959000+00:00,5.8,-21.1453,174.05,Vanuatu,26.9,0,83.3,swarm
862,1755,12,2014-07-31 20:14:56.790000+00:00,2014-08-17 22:17:13.130000+00:00,17.1,usb000s2p1,2014-08-01 13:35:58.860000+00:00,4.7,-17.7401,-178.6073,Fiji,177.0,0,8.3,aftershock sequence
863,446,12,2004-11-17 07:34:32.910000+00:00,2004-11-21 20:45:27.540000+00:00,4.5,usp000d8nw,2004-11-17 20:58:22.310000+00:00,5.8,39.189,71.857,Tajikistan,68.2,0,8.3,aftershock sequence
864,1233,12,2011-01-02 20:20:17.780000+00:00,2011-01-09 01:09:59.210000+00:00,6.2,usp000hsfq,2011-01-02 20:20:17.780000+00:00,7.2,-38.355,-73.326,Chile,136.2,1,0.0,aftershock sequence
865,1612,12,2013-11-07 20:13:53.770000+00:00,2013-11-22 19:22:04.050000+00:00,15.0,usb000ku8n,2013-11-07 20:13:53.770000+00:00,5.4,-6.4618,154.8867,Papua New Guinea,57.0,0,0.0,aftershock sequence
866,618,12,2006-04-13 13:53:25.920000+00:00,2006-04-29 17:08:50.540000+00:00,16.1,usp000efgw,2006-04-25 18:26:17.150000+00:00,6.3,1.994,96.995,Indonesia,86.6,0,66.7,swarm
867,2088,12,2016-10-15 20:14:49.730000+00:00,2016-10-19 21:23:56.840000+00:00,4.0,us20007eec,2016-10-15 20:14:49.730000+00:00,5.5,39.8063,20.6463,Greece,13.7,0,0.0,aftershock sequence
868,2673,12,2020-12-15 23:21:57.807000+00:00,2020-12-30 23:03:00.251000+00:00,15.0,us7000crdx,2020-12-15 23:21:57.807000+00:00,6.1,5.1789,125.4212,Philippines,82.6,0,0.0,aftershock sequence
869,1090,12,2009-08-17 00:05:49.030000+00:00,2009-08-20 14:18:12.020000+00:00,3.6,usp000h0gm,2009-08-17 00:05:49.030000+00:00,6.7,23.501,123.499,Japan,75.8,1,0.0,aftershock sequence
870,2985,11,2022-09-28 06:34:27.148000+00:00,2022-10-07 00:21:28.277000+00:00,8.7,us6000iq75,2022-10-02 13:05:39.494000+00:00,5.7,-57.7374,-25.381,South Sandwich Islands,158.5,0,27.3,swarm
871,2351,11,2018-10-20 01:51:12.780000+00:00,2018-11-02 18:19:29.530000+00:00,13.7,us1000hh6r,2018-10-25 18:36:09.090000+00:00,5.7,38.3158,141.785,Japan,222.2,0,36.4,swarm
872,1553,11,2013-06-03 06:11:34.220000+00:00,2013-06-04 16:31:49.390000+00:00,1.4,usb000hcvg,2013-06-04 11:00:09.170000+00:00,5.5,45.379,150.919,Russia,16.8,0,72.7,swarm
873,2311,11,2018-07-31 09:20:21.310000+00:00,2018-08-16 03:52:58.010000+00:00,15.8,us1000g5aq,2018-08-08 11:19:18.210000+00:00,4.9,44.1651,149.3799,Russia,103.1,0,54.5,swarm
874,261,11,2003-03-26 13:21:15.460000+00:00,2003-04-05 10:01:59.550000+00:00,9.9,usp000btj4,2003-03-26 13:21:15.460000+00:00,5.7,-7.164,155.682,Papua New Guinea,42.3,0,0.0,aftershock sequence
875,2897,11,2022-04-16 10:43:03.705000+00:00,2022-04-22 11:41:23.634000+00:00,6.0,us7000h331,2022-04-18 14:30:04.572000+00:00,4.8,14.1805,119.3548,Philippines,39.3,0,54.5,swarm
876,3211,11,2024-03-30 14:32:42.630000+00:00,2024-04-06 22:47:14.296000+00:00,7.3,us7000m90u,2024-03-31 03:01:44.594000+00:00,5.5,-19.847,-176.0058,Tonga,73.3,0,81.8,swarm
877,1487,11,2012-12-12 00:19:37.800000+00:00,2012-12-20 15:31:14.420000+00:00,8.6,usp000jwz8,2012-12-15 04:27:02.330000+00:00,5.2,37.311,141.205,Japan,150.8,0,18.2,aftershock sequence
878,1478,11,2012-11-11 01:12:38.870000+00:00,2012-11-19 17:25:53.010000+00:00,8.7,usp000jvbq,2012-11-11 01:12:38.870000+00:00,6.8,23.005,95.885,Myanmar,36.6,1,0.0,aftershock sequence
879,2368,11,2018-11-25 01:19:06.590000+00:00,2018-12-05 14:11:15.720000+00:00,10.5,us1000hwaj,2018-11-25 03:40:50.810000+00:00,6.0,13.1817,-81.0931,Colombia,29.5,0,9.1,aftershock sequence
880,2868,11,2022-02-20 18:29:27.263000+00:00,2022-02-26 06:15:53.561000+00:00,5.5,us7000gmgl,2022-02-20 18:29:27.263000+00:00,5.5,6.0071,126.6453,Philippines,92.6,0,0.0,aftershock sequence
881,3356,11,2025-06-07 16:17:30.146000+00:00,2025-06-11 00:09:10.508000+00:00,3.3,us6000qja6,2025-06-10 04:07:20.359000+00:00,5.6,-55.3523,-28.0375,South Sandwich Islands,87.8,0,18.2,aftershock sequence
882,3404,11,2025-10-11 14:32:59.312000+00:00,2025-10-19 15:05:26.592000+00:00,8.0,us6000rgkr,2025-10-11 14:32:59.312000+00:00,6.0,8.9231,126.323,Philippines,166.0,0,0.0,aftershock sequence
883,1996,11,2016-02-27 02:16:20.570000+00:00,2016-03-14 05:09:30.540000+00:00,16.1,us10004tsd,2016-03-01 09:26:45.370000+00:00,5.6,-32.9373,-178.3856,Kermadec Islands,125.2,0,9.1,aftershock sequence
884,517,11,2005-06-13 19:28:13.140000+00:00,2005-06-30 05:58:00.350000+00:00,16.4,usp000dsvm,2005-06-13 19:28:13.140000+00:00,5.3,7.654,93.934,Indonesia,68.6,0,0.0,aftershock sequence
885,994,11,2008-10-16 15:58:16.090000+00:00,2008-10-21 05:02:58.620000+00:00,4.5,usp000gkpp,2008-10-20 23:15:42.540000+00:00,5.2,-3.374,150.729,Papua New Guinea,130.9,0,72.7,swarm
886,438,11,2004-11-01 10:18:50.350000+00:00,2004-11-10 04:38:54.540000+00:00,8.8,usp000d7f8,2004-11-01 11:37:58.540000+00:00,5.2,-32.935,-178.408,Kermadec Islands,42.4,0,45.5,swarm
887,2766,11,2021-07-18 09:35:21.989000+00:00,2021-07-21 23:07:46.494000+00:00,3.6,us6000exmx,2021-07-21 14:26:00.341000+00:00,6.0,-3.2314,146.7999,Papua New Guinea,100.7,0,81.8,swarm
888,966,11,2008-08-05 21:58:49.620000+00:00,2008-08-12 19:52:06.710000+00:00,6.9,usp000geas,2008-08-10 08:20:33.420000+00:00,6.2,11.055,91.814,India,97.6,0,9.1,aftershock sequence
889,535,11,2005-08-06 09:58:02.250000+00:00,2005-08-11 08:35:27.230000+00:00,4.9,usp000dwtt,2005-08-06 12:40:37.980000+00:00,5.5,11.714,125.646,Philippines,99.7,0,27.3,swarm
890,2747,11,2021-05-23 13:07:55.737000+00:00,2021-05-27 09:33:54.317000+00:00,3.9,us6000efhz,2021-05-24 08:37:25.450000+00:00,4.7,-1.5912,29.2293,Democratic Republic of the Congo,30.2,0,18.2,aftershock sequence
891,2456,11,2019-05-19 01:23:29.151000+00:00,2019-05-29 18:33:27.995000+00:00,10.7,us70003n4z,2019-05-19 01:23:29.151000+00:00,6.3,-21.6619,169.7779,New Caledonia,71.5,0,0.0,aftershock sequence
892,1384,11,2012-02-11 18:05:18.630000+00:00,2012-02-16 20:43:27.020000+00:00,5.1,iscgem600764633,2012-02-13 05:59:01.560000+00:00,5.36,-33.811,-178.75,Kermadec Islands,140.1,0,9.1,aftershock sequence
893,1353,11,2011-12-05 10:01:10.210000+00:00,2011-12-22 20:46:40.850000+00:00,17.4,usp000jc2q,2011-12-11 09:54:55.200000+00:00,6.2,-56.009,-28.184,South Sandwich Islands,94.2,0,9.1,aftershock sequence
894,2402,11,2019-01-17 22:27:08.540000+00:00,2019-01-31 14:36:14.804000+00:00,13.7,us2000jb9t,2019-01-31 14:33:57.110000+00:00,5.5,-24.3375,-179.8253,Fiji Islands,153.0,0,81.8,swarm
895,214,11,2002-10-06 15:46:33.010000+00:00,2002-10-18 08:10:30.900000+00:00,11.7,usp000bdy2,2002-10-06 15:46:33.010000+00:00,6.3,-8.197,118.341,Indonesia,78.9,0,0.0,aftershock sequence
896,3214,11,2024-04-07 08:44:04.255000+00:00,2024-04-22 13:08:48.001000+00:00,15.2,us7000mb76,2024-04-10 14:56:17.074000+00:00,5.4,41.9596,82.6648,China,65.8,0,54.5,swarm
897,3411,11,2025-10-27 19:48:28.767000+00:00,2025-11-15 08:46:19.147000+00:00,18.5,us6000rjsu,2025-10-27 19:48:28.767000+00:00,6.0,39.1937,28.2425,Turkey,18.5,0,0.0,aftershock sequence
898,1554,11,2013-06-03 12:58:22.750000+00:00,2013-06-08 20:39:28.770000+00:00,5.3,usc000hixy,2013-06-08 02:11:57.470000+00:00,5.5,10.644,126.792,Philippines,11.8,0,27.3,swarm
899,1712,11,2014-05-20 07:39:33.970000+00:00,2014-06-11 13:32:16.110000+00:00,22.2,usc000r9ir,2014-05-31 19:09:01.780000+00:00,5.0,-19.8725,-177.3849,Tonga,281.0,0,27.3,swarm
900,3020,11,2023-01-01 18:24:32.306000+00:00,2023-01-12 20:18:24.805000+00:00,11.1,us7000j1g5,2023-01-01 18:24:32.306000+00:00,5.5,-2.5533,140.8007,Indonesia,27.8,0,0.0,aftershock sequence
901,1660,11,2014-01-23 18:17:09.120000+00:00,2014-02-05 16:10:39.920000+00:00,12.9,usc000mtce,2014-02-03 15:27:27.720000+00:00,4.8,-24.5586,179.8528,Fiji Islands,139.1,0,63.6,swarm
902,899,11,2008-02-19 08:51:26.660000+00:00,2008-03-13 08:45:48.740000+00:00,23.0,usp000fzpy,2008-02-22 19:34:18.510000+00:00,4.9,-24.954,179.945,Fiji Islands,157.3,0,18.2,aftershock sequence
903,2218,11,2017-09-24 11:18:53.610000+00:00,2017-09-28 11:51:25.150000+00:00,4.0,us2000avvw,2017-09-28 11:29:45.700000+00:00,5.5,28.7941,140.5324,Japan,59.6,0,81.8,swarm
904,1228,11,2010-12-16 15:17:44.220000+00:00,2010-12-20 04:27:32.970000+00:00,3.5,usp000hr2z,2010-12-18 05:06:21.690000+00:00,5.6,10.409,126.156,Philippines,59.3,0,27.3,swarm
905,1645,11,2014-01-05 00:30:08.620000+00:00,2014-01-22 10:20:30.700000+00:00,17.4,usb000m668,2014-01-22 10:20:30.700000+00:00,5.6,-20.4871,172.5205,Vanuatu,29.6,0,90.9,swarm
906,284,11,2003-06-19 23:04:59.990000+00:00,2003-07-03 11:59:06.530000+00:00,13.5,usp000c0bb,2003-06-20 13:30:41.640000+00:00,6.8,-30.608,-71.637,Chile,36.6,1,9.1,aftershock sequence
907,1613,11,2013-11-09 06:00:06.950000+00:00,2013-11-22 17:36:26.100000+00:00,13.5,usb000l2ln,2013-11-20 03:57:04+00:00,5.1,-56.8648,-150.7008,Pacific-Antarctic Ridge,48.3,0,72.7,swarm
908,2999,11,2022-11-04 07:34:58.054000+00:00,2022-11-17 12:36:35.884000+00:00,13.2,us7000ip8h,2022-11-12 07:09:13.514000+00:00,7.0,-20.1112,-178.3453,Fiji,175.8,1,27.3,swarm
909,3232,11,2024-05-09 18:43:20.033000+00:00,2024-06-01 15:48:00.457000+00:00,22.9,us6000my4x,2024-05-12 18:43:22.490000+00:00,5.8,-31.4942,-178.4799,Kermadec Islands,90.5,0,9.1,aftershock sequence
910,1213,11,2010-10-20 03:39:28.950000+00:00,2010-10-25 10:08:00.560000+00:00,5.3,usp000hncm,2010-10-21 17:53:13.570000+00:00,6.7,24.696,-109.156,Mexico,38.1,1,63.6,swarm
911,2286,11,2018-05-06 12:56:55.270000+00:00,2018-05-12 22:12:10.560000+00:00,6.4,us1000dzh5,2018-05-06 19:32:33.390000+00:00,5.2,-43.8493,40.7599,Prince Edward Islands,59.1,0,45.5,swarm
912,1588,11,2013-08-28 03:40:37.440000+00:00,2013-09-20 01:55:35.320000+00:00,22.9,usb000jch0,2013-08-28 03:40:37.440000+00:00,4.9,-21.3164,-179.2214,Fiji,181.4,0,0.0,aftershock sequence
913,2264,11,2018-02-22 07:19:27.960000+00:00,2018-03-11 11:52:34.150000+00:00,17.2,us1000d19r,2018-03-08 03:51:07.240000+00:00,5.6,-3.3428,130.9337,Indonesia,102.7,0,54.5,swarm
914,2261,11,2018-02-11 23:14:15.080000+00:00,2018-02-21 22:09:16.880000+00:00,10.0,us2000d0p1,2018-02-11 23:14:15.080000+00:00,6.0,13.8205,146.4377,Northern Mariana Islands,94.7,0,0.0,aftershock sequence
915,175,11,2002-05-22 09:25:08.580000+00:00,2002-05-26 06:51:37.710000+00:00,3.9,usp000b4ta,2002-05-22 20:39:45.810000+00:00,5.2,4.17,126.568,Philippines,26.8,0,27.3,swarm
916,180,11,2002-06-10 16:11:53.330000+00:00,2002-06-21 14:46:20.640000+00:00,10.9,usp000b5xk,2002-06-10 22:48:36.210000+00:00,6.1,10.985,140.69,Micronesia,63.2,0,27.3,swarm
917,2534,11,2019-12-12 12:31:56.369000+00:00,2020-01-02 13:17:06.182000+00:00,21.0,us60006szl,2019-12-18 01:56:44.349000+00:00,5.9,-29.7563,-178.4871,New Zealand,130.7,0,9.1,aftershock sequence
918,2257,11,2018-01-25 02:10:34.820000+00:00,2018-01-30 03:51:22.320000+00:00,5.1,us2000cp4y,2018-01-25 02:10:34.820000+00:00,6.2,55.5423,166.4497,Russia,18.4,0,0.0,aftershock sequence
919,1518,11,2013-02-24 20:54:04.120000+00:00,2013-03-02 03:54:14.900000+00:00,5.3,usc000fckr,2013-02-24 20:54:04.120000+00:00,5.5,-32.339,-178.051,Kermadec Islands,39.5,0,0.0,aftershock sequence
920,2335,11,2018-09-24 15:44:05.540000+00:00,2018-09-27 07:27:09.790000+00:00,2.7,us2000hjkk,2018-09-25 02:16:27.370000+00:00,5.0,10.3745,126.112,Philippines,57.0,0,27.3,swarm
921,867,11,2007-11-21 14:39:55.980000+00:00,2007-12-12 16:17:08.880000+00:00,21.1,usp000ftth,2007-12-04 03:37:07.870000+00:00,5.6,2.018,126.17,Indonesia,205.0,0,54.5,swarm
922,1278,11,2011-05-17 22:54:35.190000+00:00,2011-06-02 13:41:41.070000+00:00,15.6,usp000j1vr,2011-05-20 05:16:45.700000+00:00,5.0,25.521,142.639,Japan,14.3,0,27.3,swarm
923,1199,11,2010-08-21 23:03:34.080000+00:00,2010-09-05 20:33:02.960000+00:00,14.9,usp000hk2x,2010-09-03 02:29:11.130000+00:00,5.5,-6.133,149.961,Papua New Guinea,145.4,0,72.7,swarm
924,1532,11,2013-04-03 12:14:48.240000+00:00,2013-04-17 05:05:03.050000+00:00,13.7,usb000g13s,2013-04-06 04:42:35.860000+00:00,7.0,-3.517,138.476,Indonesia,124.3,1,9.1,aftershock sequence
925,2118,11,2017-01-01 00:13:25.380000+00:00,2017-01-12 00:37:41.290000+00:00,11.0,us10007p3h,2017-01-01 14:13:34.140000+00:00,5.3,3.5887,128.2355,Indonesia,111.3,0,18.2,aftershock sequence
926,3493,11,2026-04-24 07:26:31.777000+00:00,2026-05-06 00:08:38.308000+00:00,11.7,us7000sgms,2026-04-28 10:27:26.603000+00:00,4.8,-4.6477,153.5956,Papua New Guinea,115.5,0,27.3,swarm
927,1801,11,2014-11-08 12:09:30.160000+00:00,2014-11-22 16:45:53.610000+00:00,14.2,usb000sy4s,2014-11-20 01:51:42.180000+00:00,5.6,37.3226,141.6082,Japan,188.9,0,72.7,swarm
928,300,11,2003-08-14 17:00:47.030000+00:00,2003-08-18 06:36:27.420000+00:00,3.6,usp000c4we,2003-08-14 19:56:07.720000+00:00,5.0,21.118,146.566,Mariana Islands,14.8,0,18.2,aftershock sequence
929,1108,11,2009-10-03 12:14:06.640000+00:00,2009-10-13 03:52:08.790000+00:00,9.7,usp000h2gs,2009-10-07 23:22:31.260000+00:00,5.4,46.63,-27.077,Mid-Atlantic Ridge,39.7,0,72.7,swarm
930,2818,11,2021-11-01 17:04:16.557000+00:00,2021-11-11 03:13:11.831000+00:00,9.4,us7000fqjc,2021-11-01 17:04:16.557000+00:00,6.0,0.2081,96.709,Indonesia,42.3,0,0.0,aftershock sequence
931,1838,11,2015-02-13 18:48:17.890000+00:00,2015-02-15 09:08:19.110000+00:00,1.6,usb000tp5q,2015-02-13 18:59:12.230000+00:00,7.1,52.6487,-31.9016,Mid-Atlantic Ridge,108.3,1,18.2,aftershock sequence
932,2070,11,2016-08-16 07:17:06.250000+00:00,2016-08-21 17:58:03.450000+00:00,5.4,us10006ex2,2016-08-19 04:55:01.900000+00:00,5.0,-33.6108,-178.5805,Kermadec Islands,112.8,0,72.7,swarm
933,1827,11,2015-01-11 18:47:20.970000+00:00,2015-01-18 18:54:54.700000+00:00,7.0,usc000tgxf,2015-01-18 08:30:29.010000+00:00,5.2,-16.4119,-14.0259,Mid-Atlantic Ridge,102.3,0,63.6,swarm
934,1068,11,2009-05-15 17:38:14.882000+00:00,2009-05-17 00:30:22.440000+00:00,1.3,ak009697xs3z,2009-05-16 18:22:29.910000+00:00,5.9,56.2256,-151.972,Alaska,22.6,0,54.5,swarm
935,2795,11,2021-09-12 01:26:20.621000+00:00,2021-09-22 06:23:02.691000+00:00,10.2,us7000fc7y,2021-09-17 18:44:57.022000+00:00,5.3,-11.1776,162.0741,Solomon Islands,90.5,0,54.5,swarm
936,3272,11,2024-09-08 21:13:08.839000+00:00,2024-09-10 23:57:23.138000+00:00,2.1,us7000ncz6,2024-09-10 23:50:39.182000+00:00,5.7,-55.8712,-26.174,South Sandwich Islands,105.6,0,81.8,swarm
937,2815,11,2021-10-21 18:17:27.473000+00:00,2021-11-02 14:21:52.136000+00:00,11.8,us7000fpw5,2021-10-29 19:42:31.160000+00:00,5.5,-29.3877,-176.1219,Kermadec Islands,193.5,0,54.5,swarm
938,3273,11,2024-09-11 12:46:32.073000+00:00,2024-09-14 02:02:59.995000+00:00,2.6,us7000nd53,2024-09-11 19:22:55.878000+00:00,5.8,-15.257,168.0658,Vanuatu,66.2,0,27.3,swarm
939,3040,11,2023-02-18 19:55:20.601000+00:00,2023-03-04 10:41:01.932000+00:00,13.6,us6000jpzj,2023-02-18 21:27:58.963000+00:00,5.7,-55.4183,-27.8042,South Sandwich Islands,188.8,0,9.1,aftershock sequence
940,3047,11,2023-02-24 05:25:02.287000+00:00,2023-03-18 10:05:20.392000+00:00,22.2,us7000ji38,2023-03-08 07:33:07.763000+00:00,5.8,-6.5007,155.0307,Papua New Guinea,139.3,0,36.4,swarm
941,3512,11,2026-06-16 03:27:44.276000+00:00,2026-06-18 13:39:05.446000+00:00,2.4,us7000st95,2026-06-16 03:27:44.276000+00:00,6.7,-1.1735,120.125,Indonesia,27.6,1,0.0,aftershock sequence
942,2821,11,2021-11-14 12:07:03.595000+00:00,2021-11-16 05:12:13.850000+00:00,1.7,us7000fu12,2021-11-14 12:08:38.812000+00:00,6.4,27.7266,56.0716,Iran,15.3,0,9.1,aftershock sequence
943,630,11,2006-05-15 15:53:49.470000+00:00,2006-05-16 05:53:12.350000+00:00,0.6,usp000eh75,2006-05-15 21:34:08.250000+00:00,4.9,-14.712,66.22,Mid-Indian Ridge,69.0,0,54.5,swarm
944,2128,11,2017-01-21 01:52:32.730000+00:00,2017-02-03 12:39:00.880000+00:00,13.4,us10007vwi,2017-01-28 04:14:35.500000+00:00,5.3,-5.6265,151.765,Papua New Guinea,190.4,0,54.5,swarm
945,549,11,2005-09-25 12:55:46.600000+00:00,2005-09-26 01:34:32.370000+00:00,0.5,usp000e07f,2005-09-25 12:55:46.600000+00:00,6.1,-17.515,167.801,Vanuatu,38.2,0,0.0,aftershock sequence
946,3151,11,2023-11-17 21:05:45.565000+00:00,2023-12-11 10:34:26.560000+00:00,23.6,us6000lq00,2023-11-22 04:47:31.590000+00:00,6.7,-14.9603,167.9718,Vanuatu,120.7,1,9.1,aftershock sequence
947,551,11,2005-09-21 11:52:49.520000+00:00,2005-10-03 02:18:21.210000+00:00,11.6,usp000e0p6,2005-10-01 22:19:51.310000+00:00,5.3,-16.635,-70.794,Peru,40.8,0,27.3,swarm
948,1892,11,2015-06-24 22:06:31.810000+00:00,2015-07-08 13:36:08.340000+00:00,13.6,us20002vmc,2015-07-07 05:35:14.530000+00:00,5.6,-35.4246,-179.6208,North Island of New Zealand,62.3,0,72.7,swarm
949,3525,11,2026-07-06 20:51:45.602000+00:00,2026-07-10 13:55:32.872000+00:00,3.7,us6000tawe,2026-07-08 09:50:22.725000+00:00,5.8,-20.2856,168.902,Vanuatu,49.6,0,18.2,aftershock sequence
950,554,11,2005-10-03 00:58:07.190000+00:00,2005-10-13 08:08:22.340000+00:00,10.3,usp000e12y,2005-10-08 04:30:44.120000+00:00,5.6,1.957,97.853,Indonesia,235.7,0,63.6,swarm
951,560,11,2005-10-20 07:02:17.020000+00:00,2005-11-05 13:52:37.400000+00:00,16.3,usp000e2z6,2005-10-27 21:04:56.310000+00:00,5.1,-33.438,-178.366,Kermadec Islands,128.3,0,45.5,swarm
952,1935,11,2015-09-27 21:19:39.950000+00:00,2015-09-28 07:07:10.310000+00:00,0.4,us20003pkv,2015-09-28 00:32:34.550000+00:00,5.4,20.2778,-45.6575,Mid-Atlantic Ridge,39.7,0,45.5,swarm
953,1942,11,2015-10-13 15:40:08.900000+00:00,2015-11-01 12:50:10.250000+00:00,18.9,us10003re5,2015-10-26 09:09:42.560000+00:00,7.5,36.5244,70.3676,Afghanistan,76.7,1,27.3,swarm
954,2035,11,2016-06-01 23:29:07.240000+00:00,2016-06-14 19:08:58.780000+00:00,12.8,us2000628p,2016-06-05 22:33:49.370000+00:00,5.6,-17.6471,-172.6317,Tonga,238.1,0,45.5,swarm
955,539,11,2005-08-24 15:57:40.600000+00:00,2005-09-05 20:44:19.590000+00:00,12.2,usp000dym5,2005-09-02 18:35:12.710000+00:00,5.7,10.364,138.324,Micronesia,29.8,0,63.6,swarm
956,2739,11,2021-05-13 02:28:55.762000+00:00,2021-05-26 01:04:41.799000+00:00,12.9,us7000e3aa,2021-05-15 01:58:42.256000+00:00,5.5,-21.8162,170.1691,New Caledonia,244.3,0,27.3,swarm
957,538,11,2005-08-24 10:14:47.550000+00:00,2005-09-02 22:29:04.240000+00:00,9.5,usp000dxye,2005-08-24 10:15:28.190000+00:00,6.1,38.564,142.987,Japan,92.4,0,9.1,aftershock sequence
958,1888,11,2015-06-08 00:03:11.850000+00:00,2015-06-23 16:39:45.880000+00:00,15.7,us20002ppz,2015-06-14 06:19:44.380000+00:00,5.0,-11.4131,163.3139,Solomon Islands,80.9,0,36.4,swarm
959,2743,11,2021-05-19 12:05:59.072000+00:00,2021-05-22 12:14:37.916000+00:00,3.0,us7000e532,2021-05-21 13:48:37.193000+00:00,6.1,25.7274,100.0082,China,24.4,0,36.4,swarm
960,38,11,2000-08-04 21:13:02.710000+00:00,2000-08-10 07:07:09.750000+00:00,5.4,usp0009xws,2000-08-04 21:13:02.710000+00:00,6.8,48.786,142.246,Russia,29.5,1,0.0,aftershock sequence
961,3558,11,2026-09-01 18:37:28.667000+00:00,2026-09-09 20:21:12.084000+00:00,8.1,us7000tek0,2026-09-05 17:02:11.369000+00:00,5.6,-19.7418,170.1102,Vanuatu,171.2,0,36.4,swarm
962,25,11,2000-06-18 14:44:13.310000+00:00,2000-06-22 00:02:21.550000+00:00,3.4,usp0009ut0,2000-06-18 14:44:13.310000+00:00,7.9,-13.802,97.453,South Indian Ocean,70.9,1,0.0,aftershock sequence
963,48,10,2000-10-01 10:59:18.860000+00:00,2000-10-12 10:00:37.710000+00:00,11.0,usp000a1gk,2000-10-09 02:30:00.570000+00:00,5.9,10.002,92.952,India,51.7,0,20.0,aftershock sequence
964,3551,10,2026-08-15 17:41:41.607000+00:00,2026-09-08 02:34:21.616000+00:00,23.4,us7000tcii,2026-08-28 09:12:16.798000+00:00,5.0,52.0771,160.6301,Russia,137.2,0,60.0,swarm
965,10,10,2000-03-28 11:00:22.510000+00:00,2000-04-06 01:04:54.610000+00:00,8.6,usp0009qb4,2000-03-28 11:00:22.510000+00:00,7.6,22.338,143.73,Japan,48.5,1,0.0,aftershock sequence
966,3533,10,2026-07-16 09:13:20.111000+00:00,2026-07-26 03:27:17.763000+00:00,9.8,us7000t1jp,2026-07-18 05:46:47.435000+00:00,5.1,-32.7746,-178.1609,Kermadec Islands,120.2,0,20.0,aftershock sequence
967,1693,10,2014-04-14 13:16:38.800000+00:00,2014-04-26 20:39:32.140000+00:00,12.3,usb000pwj1,2014-04-23 20:04:04.820000+00:00,4.9,-23.7879,-179.808,Fiji Islands,239.2,0,80.0,swarm
968,398,10,2004-06-26 09:50:06.170000+00:00,2004-06-27 00:41:38.360000+00:00,0.6,usp000cyus,2004-06-26 09:50:06.170000+00:00,4.6,55.038,162.607,Russia,32.0,0,0.0,aftershock sequence
969,2483,10,2019-07-13 21:51:23.424000+00:00,2019-07-26 08:34:50.511000+00:00,12.4,us70004lw5,2019-07-16 22:03:51.183000+00:00,5.7,12.3339,144.5005,Guam,46.3,0,10.0,aftershock sequence
970,1310,10,2011-08-21 12:38:53.780000+00:00,2011-09-06 19:25:23.490000+00:00,16.3,usp000j7gq,2011-09-03 04:48:57.310000+00:00,6.4,-56.451,-26.847,South Sandwich Islands,118.7,0,60.0,swarm
971,1312,10,2011-09-02 10:55:53.590000+00:00,2011-09-10 12:19:28.040000+00:00,8.1,usp000j7dc,2011-09-02 10:55:53.590000+00:00,6.9,52.171,-171.708,Alaska,47.6,1,0.0,aftershock sequence
972,2210,10,2017-08-29 16:47:28.250000+00:00,2017-09-17 09:31:20.910000+00:00,18.7,us2000acvv,2017-08-29 16:47:28.250000+00:00,5.3,-59.3706,-27.1963,South Sandwich Islands,158.5,0,0.0,aftershock sequence
973,1671,10,2014-02-24 02:24:57.800000+00:00,2014-02-25 02:01:24.490000+00:00,1.0,usc000mxls,2014-02-24 23:26:55.070000+00:00,5.6,4.1306,62.8765,Carlsberg Ridge,55.2,0,30.0,swarm
974,3262,10,2024-08-05 15:08:32.251000+00:00,2024-08-14 01:01:18.481000+00:00,8.4,us6000nj2k,2024-08-09 12:23:01.921000+00:00,5.9,-30.3896,-177.6027,New Zealand,41.0,0,70.0,swarm
975,1009,10,2008-11-14 13:27:41.390000+00:00,2008-11-25 06:03:14.990000+00:00,10.7,usp000gnzu,2008-11-18 14:03:15.170000+00:00,5.5,-18.897,169.48,Vanuatu,105.3,0,50.0,swarm
976,2755,10,2021-06-14 17:04:01.691000+00:00,2021-06-29 17:15:26.500000+00:00,15.0,us7000ee72,2021-06-18 16:28:18.006000+00:00,4.7,-24.0029,-179.4791,Fiji Islands,71.9,0,20.0,aftershock sequence
977,2991,10,2022-10-15 00:12:35.059000+00:00,2022-11-05 05:08:44.568000+00:00,21.2,us6000iw74,2022-10-25 00:13:01.678000+00:00,6.3,-58.7769,-26.1414,South Sandwich Islands,169.2,0,30.0,swarm
978,1555,10,2013-06-04 17:35:38.720000+00:00,2013-06-19 06:12:25.400000+00:00,14.5,usc000hs0h,2013-06-16 02:51:35.750000+00:00,5.5,-56.28,-27.443,South Sandwich Islands,104.9,0,70.0,swarm
979,2322,10,2018-08-25 18:25:37.260000+00:00,2018-08-31 02:56:25.180000+00:00,5.4,us1000ghh1,2018-08-26 05:57:12.230000+00:00,5.2,44.2437,149.5591,Russia,56.8,0,30.0,swarm
980,2328,10,2018-09-06 02:22:15.410000+00:00,2018-09-11 11:12:22.110000+00:00,5.4,us2000hbpv,2018-09-10 04:19:02.630000+00:00,6.9,-31.7447,-179.3728,Kermadec Islands,113.1,1,20.0,aftershock sequence
981,3444,10,2026-01-09 12:22:12.319000+00:00,2026-01-18 06:52:36.057000+00:00,8.8,us7000rpaq,2026-01-13 00:34:15.158000+00:00,5.2,49.0845,156.4212,Russia,195.6,0,60.0,swarm
982,677,10,2006-08-29 10:53:06.250000+00:00,2006-08-31 13:49:52.590000+00:00,2.1,usp000es0r,2006-08-29 10:53:06.250000+00:00,5.8,-0.348,125.123,Indonesia,36.1,0,0.0,aftershock sequence
983,1345,10,2011-11-13 19:40:36.810000+00:00,2011-11-28 14:33:08.630000+00:00,14.8,usp000jazc,2011-11-17 09:43:04.970000+00:00,5.0,35.671,141.633,Japan,166.6,0,10.0,aftershock sequence
984,3023,10,2023-01-10 19:31:43.671000+00:00,2023-01-12 15:49:02.301000+00:00,1.8,us7000j3mj,2023-01-11 11:30:27.799000+00:00,5.6,-23.2118,-175.3039,Tonga,60.6,0,10.0,aftershock sequence
985,254,10,2003-02-12 22:33:30.830000+00:00,2003-02-16 21:11:03.240000+00:00,3.9,usp000bqj9,2003-02-12 22:33:30.830000+00:00,6.2,-3.652,144.242,Papua New Guinea,35.2,0,0.0,aftershock sequence
986,635,10,2006-05-30 02:02:07.260000+00:00,2006-06-12 21:27:51.310000+00:00,13.8,usp000ejfb,2006-06-01 14:03:11.820000+00:00,4.9,-16.03,-173.111,Tonga,105.7,0,20.0,aftershock sequence
987,640,10,2006-06-01 23:10:16.670000+00:00,2006-06-17 08:49:43.850000+00:00,15.4,usp000ejg8,2006-06-01 23:10:16.670000+00:00,5.2,-7.261,129.446,Indonesia,132.3,0,0.0,aftershock sequence
988,1322,10,2011-09-25 09:46:48.400000+00:00,2011-09-30 05:19:24.140000+00:00,4.8,usp000j8ph,2011-09-28 17:36:10.010000+00:00,5.4,-22.754,172.1,Loyalty Islands,71.7,0,60.0,swarm
989,1325,10,2011-10-02 06:37:39.480000+00:00,2011-10-11 17:37:58.160000+00:00,9.5,usp000j91e,2011-10-07 08:58:28.910000+00:00,6.1,-32.514,-179.038,Kermadec Islands,97.9,0,30.0,swarm
990,2760,10,2021-07-04 18:06:32.167000+00:00,2021-07-20 02:46:30.774000+00:00,15.4,us7000emrg,2021-07-17 00:53:24.906000+00:00,5.7,-56.0702,-27.7968,South Sandwich Islands,207.8,0,80.0,swarm
991,1021,10,2008-12-20 13:50:02.640000+00:00,2008-12-24 23:56:54.800000+00:00,4.4,usp000gr15,2008-12-20 15:43:08.090000+00:00,5.6,8.844,126.532,Philippines,49.3,0,10.0,aftershock sequence
992,2782,10,2021-08-08 23:03:37.636000+00:00,2021-08-12 05:21:15.720000+00:00,3.3,us6000f3kx,2021-08-09 12:54:35.090000+00:00,5.3,-56.7451,-6.0622,Mid-Atlantic Ridge,29.9,0,30.0,swarm
993,388,10,2004-05-21 15:43:51.540000+00:00,2004-05-26 22:24:53.270000+00:00,5.3,usp000cw3g,2004-05-24 19:10:10.530000+00:00,5.8,-32.614,-178.254,Kermadec Islands,145.4,0,30.0,swarm
994,3135,10,2023-10-06 03:49:09.639000+00:00,2023-10-11 14:52:40.246000+00:00,5.5,us6000lesa,2023-10-06 03:49:09.639000+00:00,5.1,47.2404,153.9347,Kuril Islands,74.7,0,0.0,aftershock sequence
995,239,10,2002-12-01 17:43:08.140000+00:00,2002-12-08 14:47:37.450000+00:00,6.9,usp000bkar,2002-12-08 08:16:49.090000+00:00,5.1,12.347,144.177,Guam,106.2,0,40.0,swarm
996,2174,10,2017-05-09 14:15:48.140000+00:00,2017-05-16 04:03:48.160000+00:00,6.6,us10008rtu,2017-05-12 10:41:26.710000+00:00,6.2,12.9187,-90.0611,El Salvador,103.8,0,10.0,aftershock sequence
997,2876,10,2022-02-27 14:48:12.306000+00:00,2022-03-02 03:44:50.554000+00:00,2.5,us6000h0jb,2022-02-27 16:33:35.973000+00:00,5.1,43.8999,148.5834,Russia,31.0,0,10.0,aftershock sequence
998,1281,10,2011-06-04 12:23:49+00:00,2011-06-04 17:54:07.500000+00:00,0.2,usp000j2qc,2011-06-04 16:28:47.680000+00:00,5.0,-40.546,-71.901,Argentina,25.9,0,70.0,swarm
999,3478,10,2026-03-24 04:37:51.627000+00:00,2026-03-30 14:34:20.481000+00:00,6.4,us7000s789,2026-03-24 04:37:51.627000+00:00,7.5,-18.5387,-175.4763,Tonga,50.7,1,0.0,aftershock sequence
1000,106,10,2001-07-21 12:45:57.490000+00:00,2001-07-30 15:24:56.740000+00:00,9.1,usp000ak5s,2001-07-26 00:21:36.920000+00:00,6.5,39.059,24.244,Greece,27.3,1,20.0,aftershock sequence
1001,2355,10,2018-10-25 23:47:45.480000+00:00,2018-11-09 14:41:28.430000+00:00,14.6,us1000hiz3,2018-10-30 11:48:02.300000+00:00,5.0,-55.3893,-28.2447,South Sandwich Islands,119.7,0,30.0,swarm
1002,1498,10,2013-01-05 08:58:14.957000+00:00,2013-01-14 14:55:49.580000+00:00,9.2,ak0138esnzr,2013-01-05 08:58:14.957000+00:00,7.5,55.228,-134.8591,Alaska,72.3,1,0.0,aftershock sequence
1003,2801,10,2021-09-22 09:57:07.023000+00:00,2021-09-24 09:44:27.870000+00:00,2.0,us7000fdds,2021-09-22 09:57:07.023000+00:00,6.5,12.1396,-87.8647,Nicaragua,45.2,1,0.0,aftershock sequence
1004,2807,10,2021-09-25 04:41:07.930000+00:00,2021-10-12 00:31:54.076000+00:00,16.8,us7000feaa,2021-09-25 04:41:07.930000+00:00,5.0,30.3557,94.7747,India,10.0,0,0.0,aftershock sequence
1005,2728,10,2021-04-10 07:14:01.722000+00:00,2021-04-27 00:00:02.388000+00:00,16.7,us6000e0j2,2021-04-10 07:14:01.722000+00:00,5.6,-62.4006,-58.336,South Shetland Islands,82.1,0,0.0,aftershock sequence
1006,568,10,2005-11-30 01:37:30.150000+00:00,2005-12-14 20:30:17.180000+00:00,14.8,usp000e56y,2005-11-30 01:37:30.150000+00:00,4.8,-17.962,-178.445,Fiji,157.6,0,0.0,aftershock sequence
1007,3373,10,2025-07-16 20:37:41.667000+00:00,2025-07-22 08:25:18.298000+00:00,5.5,us7000qd1y,2025-07-16 20:37:41.667000+00:00,7.3,54.5652,-160.4689,Alaska,46.1,1,0.0,aftershock sequence
1008,125,10,2001-10-19 03:28:44.460000+00:00,2001-10-21 19:02:50.750000+00:00,2.6,usp000ar78,2001-10-19 03:28:44.460000+00:00,7.5,-4.102,123.907,Indonesia,195.1,1,0.0,aftershock sequence
1009,1360,10,2011-12-31 00:44:47.420000+00:00,2012-01-14 13:47:53.180000+00:00,14.5,usp000jcxn,2012-01-01 16:45:05.020000+00:00,5.2,-43.476,172.881,New Zealand,11.6,0,20.0,aftershock sequence
1010,2527,10,2019-12-03 23:25:06.889000+00:00,2019-12-07 07:51:15.971000+00:00,3.4,us60006lt9,2019-12-03 23:25:06.889000+00:00,5.2,43.3332,147.9386,Russia,111.5,0,0.0,aftershock sequence
1011,3349,10,2025-05-16 05:34:27.452000+00:00,2025-06-08 21:16:26.614000+00:00,23.7,us7000q040,2025-05-19 05:48:30.950000+00:00,5.3,-30.1757,-177.3091,New Zealand,225.5,0,20.0,aftershock sequence
1012,252,10,2003-02-01 15:45:05.310000+00:00,2003-02-02 17:32:41.690000+00:00,1.1,usp000bpsf,2003-02-01 18:47:52.150000+00:00,5.6,57.449,-33.344,Reykjanes Ridge,18.8,0,20.0,aftershock sequence
1013,1733,10,2014-06-30 12:10:49.840000+00:00,2014-07-14 07:00:42.550000+00:00,13.8,usc000rrq2,2014-07-08 14:35:40.650000+00:00,4.9,-33.0973,-178.5472,Kermadec Islands,115.1,0,80.0,swarm
1014,2134,10,2017-02-06 03:51:40.640000+00:00,2017-02-16 00:19:00.240000+00:00,9.9,us20008hv1,2017-02-06 03:51:40.640000+00:00,5.3,39.5986,26.0647,Turkey,19.8,0,0.0,aftershock sequence
1015,2136,10,2017-02-10 14:03:43.920000+00:00,2017-02-18 07:01:28.010000+00:00,7.7,us20008ixa,2017-02-10 14:03:43.920000+00:00,6.5,9.9071,125.4516,Philippines,152.5,1,0.0,aftershock sequence
1016,1747,10,2014-07-30 16:00:58.470000+00:00,2014-08-03 01:09:40.510000+00:00,3.4,usb000rykv,2014-07-30 16:00:58.470000+00:00,5.9,-7.1633,154.8448,Papua New Guinea,114.4,0,0.0,aftershock sequence
1017,1721,10,2014-06-07 03:56:30.630000+00:00,2014-06-15 11:18:29.360000+00:00,8.3,usc000rdha,2014-06-10 18:26:15.220000+00:00,5.3,-6.8041,154.6586,Papua New Guinea,86.7,0,50.0,swarm
1018,1262,10,2011-04-04 16:37:21.430000+00:00,2011-04-08 04:40:31.310000+00:00,3.5,usp000hzcw,2011-04-06 07:12:12.250000+00:00,5.1,27.164,143.324,Japan,56.7,0,20.0,aftershock sequence
1019,1263,10,2011-04-05 05:41:59.440000+00:00,2011-04-06 23:49:41.690000+00:00,1.8,usp000hzb1,2011-04-05 11:14:15.340000+00:00,5.9,3.029,126.94,Indonesia,44.5,0,50.0,swarm
1020,2448,10,2019-05-06 11:22:25.562000+00:00,2019-05-16 09:29:10.944000+00:00,9.9,us70003j5p,2019-05-10 03:23:33.007000+00:00,5.7,-28.6675,-176.7791,Kermadec Islands,113.7,0,20.0,aftershock sequence
1021,800,10,2007-07-15 13:08:01.680000+00:00,2007-07-21 22:11:39.080000+00:00,6.4,usp000fg7x,2007-07-15 13:08:01.680000+00:00,6.1,52.491,-168.035,Alaska,25.7,0,0.0,aftershock sequence
1022,3221,10,2024-04-20 02:22:11.229000+00:00,2024-04-29 15:59:22.825000+00:00,9.6,us6000mtlh,2024-04-25 04:20:15.583000+00:00,5.0,7.7252,127.1182,Philippines,171.1,0,30.0,swarm
1023,2440,10,2019-04-04 02:41:21.504000+00:00,2019-04-16 23:04:45.878000+00:00,12.8,us700034zz,2019-04-12 14:51:31.603000+00:00,6.0,-6.4883,148.7394,Papua New Guinea,184.3,0,40.0,swarm
1024,3426,10,2025-11-28 21:23:44.867000+00:00,2025-12-12 17:43:14.444000+00:00,13.8,us6000rt68,2025-12-07 16:34:10.157000+00:00,5.6,50.239,156.8911,Russia,151.5,0,60.0,swarm
1025,41,10,2000-08-28 15:05:47.910000+00:00,2000-08-30 15:43:52.080000+00:00,2.0,usp0009z9y,2000-08-28 15:05:47.910000+00:00,6.8,-4.11,127.394,Indonesia,45.4,1,0.0,aftershock sequence
1026,2037,10,2016-06-03 08:00:27.910000+00:00,2016-06-14 15:01:56.850000+00:00,11.3,us2000641d,2016-06-13 04:21:43.530000+00:00,5.6,27.0107,130.1996,Japan,17.2,0,30.0,swarm
1027,1078,10,2009-07-01 09:30:10.410000+00:00,2009-07-09 16:27:41.460000+00:00,8.3,usp000gytt,2009-07-01 09:30:10.410000+00:00,6.4,34.164,25.471,Greece,36.7,0,0.0,aftershock sequence
1028,1052,10,2009-03-10 17:42:14.430000+00:00,2009-03-26 11:23:13.270000+00:00,15.7,usp000guu0,2009-03-10 17:42:14.430000+00:00,5.5,-1.878,139.119,Indonesia,24.2,0,0.0,aftershock sequence
1029,1058,10,2009-04-06 01:32:39+00:00,2009-04-13 21:14:24+00:00,7.8,usp000gvtu,2009-04-06 01:32:39+00:00,6.3,42.334,13.334,Italy,19.9,0,0.0,aftershock sequence
1030,1373,10,2012-01-19 06:48:48.750000+00:00,2012-01-25 06:02:34.750000+00:00,6.0,usp000jdpg,2012-01-19 06:48:48.750000+00:00,5.9,-46.686,165.778,New Zealand,126.7,0,0.0,aftershock sequence
1031,2122,10,2017-01-11 14:20:59.920000+00:00,2017-01-13 06:10:20.620000+00:00,1.7,us10007sk0,2017-01-11 14:38:38.670000+00:00,5.2,12.2194,141.0655,Micronesia,10.0,0,30.0,swarm
1032,2130,10,2017-01-18 15:58:24.460000+00:00,2017-02-11 04:27:59.940000+00:00,23.5,us20008j4i,2017-02-11 04:27:59.940000+00:00,5.4,-57.0938,-150.6143,Pacific-Antarctic Ridge,98.0,0,90.0,swarm
1033,854,10,2007-10-29 04:17:14.010000+00:00,2007-11-04 23:40:57.130000+00:00,6.8,usp000frqe,2007-10-31 22:06:47.910000+00:00,5.2,-33.053,-178.22,Kermadec Islands,104.0,0,50.0,swarm
1034,1251,10,2011-03-06 00:55:59.510000+00:00,2011-03-14 20:23:51.640000+00:00,8.8,usp000hvds,2011-03-06 07:13:24.390000+00:00,4.9,27.013,143.663,Japan,26.7,0,10.0,aftershock sequence
1035,1252,10,2011-03-06 14:32:36.080000+00:00,2011-03-19 04:34:34.490000+00:00,12.6,usp000hveq,2011-03-06 14:32:36.080000+00:00,6.5,-56.422,-27.063,South Sandwich Islands,99.1,1,0.0,aftershock sequence
1036,2539,10,2019-12-24 19:03:52.492000+00:00,2019-12-27 03:20:39.716000+00:00,2.3,us70006qnn,2019-12-24 19:03:52.492000+00:00,6.0,3.5359,-74.0176,Colombia,20.0,0,0.0,aftershock sequence
1037,2233,10,2017-11-18 16:07:00.300000+00:00,2017-11-20 10:43:28.490000+00:00,1.8,us2000br1i,2017-11-18 16:07:00.300000+00:00,5.8,2.4648,128.1481,Indonesia,106.3,0,0.0,aftershock sequence
1038,2248,10,2018-01-02 23:17:27.410000+00:00,2018-01-09 17:51:51.890000+00:00,6.8,us1000bzhb,2018-01-03 21:30:21.940000+00:00,5.5,29.6374,140.5205,Japan,41.4,0,30.0,swarm
1039,2998,10,2022-10-25 20:39:02.778000+00:00,2022-11-13 03:55:37.132000+00:00,18.3,us7000ilcr,2022-10-30 18:24:45.204000+00:00,5.2,-16.8379,-172.8407,Samoa Islands,218.9,0,10.0,aftershock sequence
1040,1111,10,2009-10-13 05:37:23.690000+00:00,2009-10-16 05:00:50.380000+00:00,3.0,usp000h2u7,2009-10-13 05:37:23.690000+00:00,6.5,52.754,-166.997,Alaska,21.3,1,0.0,aftershock sequence
1041,1876,10,2015-05-19 10:14:10.530000+00:00,2015-05-25 02:06:24.830000+00:00,5.7,us10002bvx,2015-05-24 04:53:23.630000+00:00,6.3,-16.855,-14.1708,Mid-Atlantic Ridge,154.3,0,30.0,swarm
1042,2041,10,2016-06-15 09:51:26.710000+00:00,2016-06-25 06:26:59.130000+00:00,9.9,us2000668z,2016-06-23 14:55:48.440000+00:00,5.3,-30.1541,-177.8394,New Zealand,139.2,0,60.0,swarm
1043,3160,10,2023-11-27 22:55:23.167000+00:00,2023-12-20 11:59:22.217000+00:00,22.5,us7000lfxr,2023-12-03 19:11:01.928000+00:00,5.2,-58.7806,-25.2882,South Sandwich Islands,143.0,0,20.0,aftershock sequence
1044,2686,10,2021-01-11 01:54:58.198000+00:00,2021-01-15 23:34:45.828000+00:00,4.9,us7000d0ae,2021-01-15 10:45:21.876000+00:00,5.6,-37.1225,-17.2548,Mid-Atlantic Ridge,117.7,0,60.0,swarm
1045,1476,10,2012-10-30 10:10:46.310000+00:00,2012-11-14 17:19:31.030000+00:00,15.3,usp000jv88,2012-11-09 03:51:57.870000+00:00,5.2,36.838,141.246,Japan,159.3,0,60.0,swarm
1046,2379,10,2018-12-09 22:06:23.490000+00:00,2018-12-16 14:26:08.760000+00:00,6.7,us1000i5jk,2018-12-10 08:48:25.910000+00:00,5.1,-41.0811,43.5382,Prince Edward Islands,33.9,0,40.0,swarm
1047,2387,10,2018-12-20 15:02:25.710000+00:00,2019-01-09 07:56:31.970000+00:00,19.7,us2000iyta,2018-12-29 03:39:09.740000+00:00,7.0,5.8983,126.9209,Philippines,171.0,1,30.0,swarm
1048,2285,10,2018-05-06 04:58:22.070000+00:00,2018-05-13 15:59:48.500000+00:00,7.5,us1000dzgr,2018-05-06 19:02:22.360000+00:00,5.4,13.1036,-88.0615,El Salvador,98.0,0,60.0,swarm
1049,744,10,2007-03-06 03:23:15.130000+00:00,2007-03-08 22:36:12.570000+00:00,2.8,usp000f65w,2007-03-06 03:49:38.900000+00:00,6.4,-0.493,100.498,Indonesia,88.7,0,10.0,aftershock sequence
1050,716,10,2006-12-19 23:56:05.510000+00:00,2006-12-25 10:30:36.860000+00:00,5.4,usp000f0p5,2006-12-20 23:55:55.880000+00:00,5.6,13.272,125.806,Philippines,40.2,0,10.0,aftershock sequence
1051,1492,10,2012-12-23 12:52:24.450000+00:00,2013-01-02 16:24:07.560000+00:00,10.1,usp000jxag,2012-12-23 12:52:24.450000+00:00,5.2,4.19,126.584,Philippines,127.8,0,0.0,aftershock sequence
1052,1465,10,2012-10-08 11:43:31.420000+00:00,2012-10-09 18:34:45.030000+00:00,1.3,usp000jtqw,2012-10-08 11:43:31.420000+00:00,6.1,-4.472,129.129,Indonesia,37.3,0,0.0,aftershock sequence
1053,2054,10,2016-07-06 23:56:28.540000+00:00,2016-07-25 14:59:29.550000+00:00,18.6,us20006fpn,2016-07-19 05:18:40.260000+00:00,5.8,-30.2523,-71.9722,Chile,77.9,0,70.0,swarm
1054,2065,10,2016-08-04 19:16:40.190000+00:00,2016-08-15 21:45:53.280000+00:00,11.1,us10006buj,2016-08-06 12:23:17.260000+00:00,5.0,-29.1209,61.1404,Southwest Indian Ridge,26.6,0,50.0,swarm
1055,613,10,2006-04-03 00:49:42.800000+00:00,2006-04-19 15:16:24.600000+00:00,16.6,usp000eeah,2006-04-12 16:52:01.200000+00:00,5.7,37.61,20.95,Greece,8.5,0,50.0,swarm
1056,1103,10,2009-09-28 14:38:56.840000+00:00,2009-10-07 00:07:48.760000+00:00,8.4,usp000h23b,2009-09-30 12:47:59.800000+00:00,5.3,-6.215,151.412,Papua New Guinea,96.8,0,10.0,aftershock sequence
1057,1386,10,2012-02-10 01:47:34.190000+00:00,2012-03-04 00:51:39.290000+00:00,23.0,usp000jers,2012-02-10 01:47:34.190000+00:00,5.9,-17.968,-178.549,Fiji,78.8,0,0.0,aftershock sequence
1058,3400,10,2025-10-03 16:26:52.666000+00:00,2025-10-21 20:02:05.120000+00:00,18.1,us6000rha2,2025-10-15 13:07:01.330000+00:00,5.4,-34.0182,-178.7328,Kermadec Islands,48.4,0,50.0,swarm
1059,2901,10,2022-04-21 12:38:55.793000+00:00,2022-04-28 16:33:55.824000+00:00,7.2,us6000hfyj,2022-04-24 01:35:03.445000+00:00,5.6,46.0624,152.8465,Kuril Islands,24.0,0,30.0,swarm
1060,2564,10,2020-02-08 14:32:58.625000+00:00,2020-02-17 05:10:27.743000+00:00,8.6,us70007lik,2020-02-08 14:32:58.625000+00:00,6.0,-59.9212,-25.5526,South Sandwich Islands,118.1,0,0.0,aftershock sequence
1061,1194,10,2010-07-30 12:10:54+00:00,2010-08-09 15:51:04.610000+00:00,10.2,usp000hhjy,2010-08-05 06:01:47.440000+00:00,5.9,-37.443,-73.281,Chile,142.1,0,30.0,swarm
1062,1200,10,2010-08-28 22:42:51.080000+00:00,2010-09-09 12:30:43.800000+00:00,11.6,usp000hjvw,2010-08-28 22:42:51.080000+00:00,5.0,-17.454,167.755,Vanuatu,60.3,0,0.0,aftershock sequence
1063,3321,10,2025-03-08 18:54:04.724000+00:00,2025-03-17 09:22:25.724000+00:00,8.6,us6000pxnp,2025-03-08 18:54:04.724000+00:00,5.7,28.6865,130.192,Japan,86.1,0,0.0,aftershock sequence
1064,269,10,2003-04-19 13:39:13.750000+00:00,2003-04-22 18:01:21.540000+00:00,3.2,usp000bvs4,2003-04-22 18:01:21.540000+00:00,5.0,-2.146,133.568,Indonesia,26.8,0,90.0,swarm
1065,270,10,2003-04-29 09:42:13.640000+00:00,2003-05-10 14:49:00.200000+00:00,11.2,usp000bwkr,2003-05-04 13:15:18.660000+00:00,6.7,-30.531,-178.232,New Zealand,70.3,1,10.0,aftershock sequence
1066,2553,10,2020-01-17 16:05:48.854000+00:00,2020-01-31 05:45:32.189000+00:00,13.6,us60007anp,2020-01-19 13:27:56.630000+00:00,6.0,39.8353,77.1084,China,30.5,0,10.0,aftershock sequence
1067,436,10,2004-10-28 15:46:39.860000+00:00,2004-11-04 00:04:01.840000+00:00,6.3,usp000d7h4,2004-11-02 10:02:12.820000+00:00,6.7,49.277,-128.772,Canada,65.9,1,20.0,aftershock sequence
1068,2921,10,2022-06-01 18:12:39.714000+00:00,2022-06-14 15:44:46.908000+00:00,12.9,us7000hfec,2022-06-06 18:42:13.272000+00:00,5.3,-29.0336,-176.7813,Kermadec Islands,172.0,0,30.0,swarm
1069,2677,10,2020-12-20 20:43:50.030000+00:00,2021-01-02 09:34:13.621000+00:00,12.5,us7000csrv,2020-12-20 20:43:50.030000+00:00,5.3,-19.2175,167.511,Vanuatu,32.6,0,0.0,aftershock sequence
1070,1092,10,2009-08-17 16:56:42.110000+00:00,2009-09-04 15:07:42.370000+00:00,17.9,usp000h0uc,2009-08-25 04:57:24+00:00,5.2,-46.209,166.138,New Zealand,77.8,0,60.0,swarm
1071,2822,10,2021-11-14 21:58:55.467000+00:00,2021-11-15 20:48:38.619000+00:00,1.0,us7000fu61,2021-11-15 04:23:30.468000+00:00,6.0,-37.5124,51.2613,South Indian Ocean,28.5,0,40.0,swarm
1072,912,10,2008-03-17 17:31:12.230000+00:00,2008-04-08 14:54:25.490000+00:00,21.9,usp000g2ve,2008-04-01 06:17:37.830000+00:00,4.9,36.622,71.259,Afghanistan,86.2,0,60.0,swarm
1073,2651,10,2020-10-01 01:13:36.524000+00:00,2020-10-09 17:01:15.531000+00:00,8.7,us6000c3kz,2020-10-01 01:13:36.524000+00:00,6.4,-19.5385,-174.1217,Tonga,113.0,0,0.0,aftershock sequence
1074,163,10,2002-03-31 19:07:45.900000+00:00,2002-04-01 07:12:21.060000+00:00,0.5,usp000b1fw,2002-03-31 22:49:09.570000+00:00,5.4,53.876,-35.366,Reykjanes Ridge,70.1,0,30.0,swarm
1075,3454,10,2026-01-26 11:25:47.370000+00:00,2026-01-30 12:04:02.255000+00:00,4.0,us7000rs3x,2026-01-26 11:25:47.370000+00:00,5.5,-29.494,-177.2589,New Zealand,95.4,0,0.0,aftershock sequence
1076,3187,10,2024-02-04 23:22:42.705000+00:00,2024-02-21 13:05:35.944000+00:00,16.6,us7000lxuk,2024-02-08 20:01:44.491000+00:00,5.1,26.1803,-110.7543,Mexico,36.4,0,20.0,aftershock sequence
1077,444,10,2004-11-13 00:24:18.970000+00:00,2004-11-26 17:18:11.020000+00:00,13.7,usp000d8an,2004-11-13 00:24:18.970000+00:00,5.9,-10.251,164.657,Solomon Islands,93.4,0,0.0,aftershock sequence
1078,1618,10,2013-11-11 13:54:06.900000+00:00,2013-12-06 03:06:40.640000+00:00,24.6,usb000l5n7,2013-11-24 08:47:49.340000+00:00,5.3,-24.4162,179.2569,Fiji Islands,150.1,0,50.0,swarm
1079,1183,10,2010-06-28 06:27:32.280000+00:00,2010-07-04 00:54:22.600000+00:00,5.8,usp000het5,2010-07-02 06:04:03.130000+00:00,6.3,-13.643,166.485,Vanuatu,57.1,0,10.0,aftershock sequence
1080,1758,10,2014-08-07 20:20:00.700000+00:00,2014-08-26 18:16:28.730000+00:00,18.9,usb000s5f5,2014-08-22 17:39:25.770000+00:00,5.1,-7.389,154.4573,Papua New Guinea,151.0,0,60.0,swarm
1081,3486,10,2026-04-13 03:13:27.005000+00:00,2026-04-29 01:44:15.487000+00:00,15.9,us6000sred,2026-04-19 17:34:47.284000+00:00,6.1,-15.2155,-173.4844,Tonga,87.3,0,70.0,swarm
1082,2563,10,2020-02-01 14:14:04.053000+00:00,2020-02-10 16:54:27.452000+00:00,9.1,us70007jwn,2020-02-06 13:40:05.791000+00:00,6.0,5.4543,126.5692,Philippines,75.8,0,20.0,aftershock sequence
1083,2638,10,2020-08-28 15:47:05.845000+00:00,2020-09-07 03:21:16.867000+00:00,9.5,us7000beek,2020-08-28 15:47:05.845000+00:00,5.6,-36.8973,177.1856,New Zealand,33.8,0,0.0,aftershock sequence
1084,2643,10,2020-09-02 18:49:39.192000+00:00,2020-09-13 07:24:23.975000+00:00,10.5,us7000bi01,2020-09-04 17:45:21.829000+00:00,5.6,8.3579,-82.9722,Panama,93.1,0,10.0,aftershock sequence
1085,2644,10,2020-09-05 09:45:40.791000+00:00,2020-09-14 02:47:44.604000+00:00,8.7,us7000bk82,2020-09-09 07:18:40.291000+00:00,5.7,4.1773,126.6447,Philippines,72.0,0,20.0,aftershock sequence
1086,2831,10,2021-11-28 14:54:40.558000+00:00,2021-12-02 09:44:33.200000+00:00,3.8,us6000g83u,2021-12-01 06:04:53.753000+00:00,4.9,35.143,141.3281,Japan,23.9,0,60.0,swarm
1087,2397,10,2019-01-13 01:16:18.730000+00:00,2019-01-19 11:12:59.860000+00:00,6.4,us2000j4gj,2019-01-16 10:49:27.270000+00:00,5.5,3.4827,128.6337,Indonesia,26.8,0,40.0,swarm
1088,2399,10,2019-01-16 08:16:57.310000+00:00,2019-01-30 06:23:49+00:00,13.9,us1000iry2,2019-01-30 06:23:49+00:00,5.3,-15.1799,-173.0213,Tonga,174.4,0,90.0,swarm
1089,769,10,2007-05-05 10:46:26.360000+00:00,2007-05-20 20:41:15.990000+00:00,15.4,usp000fbqh,2007-05-10 21:54:47.960000+00:00,5.1,47.076,153.441,Kuril Islands,78.8,0,40.0,swarm
1090,750,10,2007-03-24 10:14:39.560000+00:00,2007-03-31 09:25:24.900000+00:00,7.0,usp000f7sy,2007-03-29 17:09:07.050000+00:00,5.8,-31.604,-71.708,Chile,36.5,0,20.0,aftershock sequence
1091,3041,10,2023-02-23 00:37:38.163000+00:00,2023-02-28 04:20:59.239000+00:00,5.2,us6000jqxc,2023-02-23 00:37:38.163000+00:00,6.9,38.0552,73.2287,Tajikistan,44.9,1,0.0,aftershock sequence
1092,2569,10,2020-02-18 02:58:08.578000+00:00,2020-03-01 11:07:09.732000+00:00,12.3,us70007th0,2020-02-20 09:54:07.296000+00:00,5.4,5.5936,125.5446,Philippines,147.0,0,10.0,aftershock sequence
1093,2572,10,2020-03-03 11:52:59.636000+00:00,2020-03-18 14:02:52.043000+00:00,15.1,us60008bj6,2020-03-07 05:43:45.580000+00:00,5.5,-17.8921,167.85,Vanuatu,76.7,0,50.0,swarm
1094,1163,10,2010-04-04 12:43:15.560000+00:00,2010-04-12 20:33:29.640000+00:00,8.3,usp000hat0,2010-04-06 22:15:01.580000+00:00,7.8,2.383,97.048,Indonesia,132.3,1,10.0,aftershock sequence
1095,1165,10,2010-04-13 21:39:58.350000+00:00,2010-04-15 18:30:19.260000+00:00,1.9,usp000hbbt,2010-04-13 23:49:38.330000+00:00,6.9,33.165,96.548,China,56.4,1,10.0,aftershock sequence
1096,1176,10,2010-06-03 20:28:51.070000+00:00,2010-06-22 15:47:44.680000+00:00,18.8,usp000hdn1,2010-06-06 02:20:01.870000+00:00,5.4,-32.929,-179.346,Kermadec Islands,170.6,0,10.0,aftershock sequence
1097,1188,10,2010-07-12 01:27:40.660000+00:00,2010-07-20 22:49:07.740000+00:00,8.9,usp000hf8z,2010-07-14 08:32:21.490000+00:00,6.6,-38.067,-73.31,Chile,145.6,1,20.0,aftershock sequence
1098,3225,10,2024-04-30 14:30:39.343000+00:00,2024-05-03 18:29:49.006000+00:00,3.2,us6000mv76,2024-04-30 14:30:39.343000+00:00,5.5,-55.7099,-27.0196,South Sandwich Islands,52.2,0,0.0,aftershock sequence
1099,2255,10,2018-01-14 09:18:45.540000+00:00,2018-02-05 22:30:59.220000+00:00,22.6,us2000cjfy,2018-01-14 09:18:45.540000+00:00,7.1,-15.7675,-74.7092,Peru,51.5,1,0.0,aftershock sequence
1100,2084,10,2016-09-20 19:46:33.380000+00:00,2016-10-04 07:38:46.490000+00:00,13.5,us10006scr,2016-09-24 21:28:41.700000+00:00,6.9,-19.7819,-178.2443,Fiji,93.9,1,10.0,aftershock sequence
1101,84,10,2001-04-17 17:58:08.130000+00:00,2001-04-19 17:41:34.750000+00:00,2.0,usp000adha,2001-04-18 23:31:38.720000+00:00,5.4,-27.513,-176.388,Kermadec Islands,55.5,0,30.0,swarm
1102,68,10,2001-01-16 13:25:09.830000+00:00,2001-01-18 16:23:21.610000+00:00,2.1,usp000a7t0,2001-01-16 13:25:09.830000+00:00,6.9,-4.022,101.776,Indonesia,48.0,1,0.0,aftershock sequence
1103,589,10,2006-01-21 23:02:20.990000+00:00,2006-02-06 23:09:15.680000+00:00,16.0,usp000e8vj,2006-01-26 01:16:15.990000+00:00,5.6,-30.688,-177.791,New Zealand,110.1,0,20.0,aftershock sequence
1104,2071,10,2016-08-13 05:11:55.050000+00:00,2016-08-31 15:39:07.260000+00:00,18.4,us20006ugf,2016-08-27 04:51:05.460000+00:00,5.4,-56.2915,-26.8872,South Sandwich Islands,131.1,0,60.0,swarm
1105,2631,10,2020-08-11 07:26:41.593000+00:00,2020-08-18 21:57:50.655000+00:00,7.6,us6000bgbr,2020-08-18 00:03:48.566000+00:00,6.6,12.0257,124.1272,Philippines,115.9,1,30.0,swarm
1106,1121,10,2009-11-21 04:29:05.210000+00:00,2009-11-28 18:59:09.380000+00:00,7.6,usp000h4gy,2009-11-28 06:04:22.200000+00:00,6.0,-10.403,118.885,Indonesia,38.1,0,50.0,swarm
1107,1604,10,2013-10-22 14:08:39.070000+00:00,2013-11-11 20:57:15.390000+00:00,20.3,usb000kx82,2013-10-23 17:20:34.270000+00:00,4.8,-18.0224,-178.4219,Fiji,95.7,0,10.0,aftershock sequence
1108,2280,10,2018-04-25 16:05:58.270000+00:00,2018-04-26 18:05:58.380000+00:00,1.1,us1000ds4b,2018-04-25 16:05:58.270000+00:00,4.9,-53.4495,24.8632,Africa,21.8,0,0.0,aftershock sequence
1109,197,10,2002-07-26 22:33:23.380000+00:00,2002-08-07 23:59:14.540000+00:00,12.1,usp000b923,2002-07-31 00:16:44.610000+00:00,6.5,7.929,-82.793,Panama,50.5,1,10.0,aftershock sequence
1110,1460,10,2012-09-25 02:55:49.650000+00:00,2012-10-06 11:43:14.920000+00:00,11.4,usp000jtbv,2012-10-01 18:40:54.590000+00:00,5.1,36.916,141.028,Japan,183.0,0,50.0,swarm
1111,3036,10,2023-02-06 02:22:37.823000+00:00,2023-02-17 10:17:48.035000+00:00,11.3,us6000jn4j,2023-02-10 16:07:15.017000+00:00,5.0,-30.1399,-177.9685,New Zealand,89.7,0,30.0,swarm
1112,1953,10,2015-11-15 05:11:55.110000+00:00,2015-11-24 03:15:04.340000+00:00,8.9,us100040m3,2015-11-24 02:46:18.280000+00:00,5.4,-24.7604,-175.5726,Tonga,125.8,0,80.0,swarm
1113,518,10,2005-06-18 23:20:12.290000+00:00,2005-06-23 07:46:24.700000+00:00,4.4,usp000dtdf,2005-06-19 02:01:06.540000+00:00,5.7,-23.949,-111.983,Easter Island,48.1,0,30.0,swarm
1114,29,10,2000-07-01 04:30:17.310000+00:00,2000-07-08 00:19:12.590000+00:00,6.8,usp0009vy1,2000-07-06 19:30:20.330000+00:00,5.4,11.884,-85.988,Nicaragua,111.5,0,20.0,aftershock sequence
1115,30,10,2000-07-07 10:17:48.100000+00:00,2000-07-24 22:10:35.340000+00:00,17.5,usp0009wf1,2000-07-14 00:07:32.180000+00:00,5.4,23.984,121.542,Taiwan,129.0,0,30.0,swarm
1116,505,10,2005-05-09 13:41:57.560000+00:00,2005-05-22 18:57:21.740000+00:00,13.2,usp000dqxx,2005-05-16 03:54:14.620000+00:00,6.6,-32.589,-179.353,Kermadec Islands,128.5,1,40.0,swarm
1117,15,10,2000-04-25 15:28:11.090000+00:00,2000-05-08 18:26:46.200000+00:00,13.1,usp0009rwx,2000-04-26 12:55:04.020000+00:00,5.6,40.178,143.236,Japan,67.2,0,20.0,aftershock sequence
1118,1983,10,2016-01-24 14:53:42.370000+00:00,2016-02-01 05:16:48.860000+00:00,7.6,us20004uks,2016-01-26 03:10:20.750000+00:00,6.1,-5.2952,153.2454,Papua New Guinea,162.6,0,10.0,aftershock sequence
1119,1961,10,2015-11-24 22:45:38.880000+00:00,2015-11-27 00:52:54.610000+00:00,2.1,us100040ww,2015-11-24 22:45:38.880000+00:00,7.6,-10.5372,-70.9437,Peru,227.7,3,0.0,aftershock sequence
1120,3445,10,2026-01-10 14:58:23.726000+00:00,2026-01-18 15:18:16.831000+00:00,8.0,us7000rnwd,2026-01-10 14:58:23.726000+00:00,6.4,3.7767,126.9922,Philippines,115.6,0,0.0,aftershock sequence
1121,1537,10,2013-04-14 00:19:52.860000+00:00,2013-04-25 04:57:15.190000+00:00,11.2,usb000g6lc,2013-04-14 01:32:22.640000+00:00,6.6,-6.475,154.607,Papua New Guinea,31.6,1,10.0,aftershock sequence
1122,2334,10,2018-09-24 02:48:04.640000+00:00,2018-10-04 19:37:58.290000+00:00,10.7,us1000h4l1,2018-09-30 10:52:23.010000+00:00,6.7,-18.3604,-178.0633,Fiji,190.7,1,50.0,swarm
1123,995,10,2008-10-12 07:05:42.570000+00:00,2008-10-29 03:26:37.200000+00:00,16.8,usp000gkje,2008-10-19 05:10:33.910000+00:00,6.9,-21.863,-173.819,Tonga,77.7,1,10.0,aftershock sequence
1124,970,10,2008-08-15 10:25:16.530000+00:00,2008-08-20 13:35:02.140000+00:00,5.1,usp000geqv,2008-08-15 10:25:16.530000+00:00,6.0,12.897,124.319,Philippines,36.5,0,0.0,aftershock sequence
1125,345,10,2004-01-28 07:18:22.570000+00:00,2004-02-08 18:23:49.080000+00:00,11.5,usp000cjum,2004-01-28 10:10:26.880000+00:00,5.5,-5.612,151.801,Papua New Guinea,159.9,0,10.0,aftershock sequence
1126,2769,10,2021-07-23 01:16:38.682000+00:00,2021-08-01 14:45:59.717000+00:00,9.6,us6000f0u9,2021-07-30 22:39:16.357000+00:00,5.3,-16.7312,-173.6202,Tonga,185.8,0,80.0,swarm
1127,172,10,2002-05-03 03:04:18.090000+00:00,2002-05-13 16:31:32.930000+00:00,10.6,usp000b3xw,2002-05-08 04:12:49.110000+00:00,5.5,52.3,160.182,Russia,33.5,0,10.0,aftershock sequence
1128,176,9,2002-05-23 15:52:15.280000+00:00,2002-05-29 08:05:28.500000+00:00,5.7,usp000b4us,2002-05-23 15:52:15.280000+00:00,6.0,-30.749,-71.197,Chile,44.1,0,0.0,aftershock sequence
1129,173,9,2002-05-09 02:05:04.990000+00:00,2002-05-26 04:44:23.860000+00:00,17.1,usp000b47r,2002-05-13 03:11:25.640000+00:00,5.4,-5.613,151.316,Papua New Guinea,105.3,0,44.4,swarm
1130,449,9,2004-11-19 17:23:40.750000+00:00,2004-11-20 16:10:18.160000+00:00,0.9,usp000d8s9,2004-11-19 17:23:40.750000+00:00,4.8,32.061,48.88,Iran,15.3,0,0.0,aftershock sequence
1131,953,9,2008-06-25 14:06:40.380000+00:00,2008-07-12 01:00:38.010000+00:00,16.5,usp000gb6n,2008-07-03 03:02:37.560000+00:00,6.2,-23.37,-179.778,Fiji Islands,61.2,0,33.3,swarm
1132,2774,9,2021-08-01 00:18:19.597000+00:00,2021-08-01 13:03:09.045000+00:00,0.5,us6000f17k,2021-08-01 10:40:27.217000+00:00,5.2,62.6943,-25.2607,Iceland,24.9,0,66.7,swarm
1133,2765,9,2021-07-16 07:37:54.329000+00:00,2021-07-26 03:48:10.146000+00:00,9.8,us6000exs5,2021-07-21 21:15:12.269000+00:00,6.7,7.3926,-82.779,Panama,139.3,1,33.3,swarm
1134,348,9,2004-02-03 23:09:31.630000+00:00,2004-02-13 14:33:41.390000+00:00,9.6,usp000ckbz,2004-02-03 23:09:31.630000+00:00,5.9,-3.728,140.376,Indonesia,66.4,0,0.0,aftershock sequence
1135,969,9,2008-08-13 08:08:31.620000+00:00,2008-08-15 03:37:32.710000+00:00,1.8,usp000gekh,2008-08-13 18:30:57.270000+00:00,5.7,83.55,114.516,Severnaya Zemlya,65.2,0,33.3,swarm
1136,1690,9,2014-04-08 15:02:07.890000+00:00,2014-04-20 19:30:11.090000+00:00,12.2,usb000pnul,2014-04-17 14:44:01.140000+00:00,5.2,37.4254,142.2446,Japan,135.7,0,66.7,swarm
1137,1988,9,2016-02-08 20:39:45.610000+00:00,2016-02-09 07:22:44.580000+00:00,0.4,us20004yvg,2016-02-08 23:03:26.190000+00:00,5.4,28.3818,-43.7644,Mid-Atlantic Ridge,79.8,0,22.2,swarm
1138,1970,9,2015-12-06 17:09:29.330000+00:00,2015-12-24 12:37:45+00:00,17.8,us100044gf,2015-12-06 17:09:29.330000+00:00,5.6,-18.1602,-178.694,Fiji,124.2,0,0.0,aftershock sequence
1139,3124,9,2023-09-11 00:31:08.267000+00:00,2023-09-22 16:19:32.469000+00:00,11.7,us7000kx7j,2023-09-21 21:11:48.933000+00:00,6.1,-14.0192,167.2467,Vanuatu,110.3,0,77.8,swarm
1140,955,9,2008-07-06 12:01:31.730000+00:00,2008-07-08 11:06:26.580000+00:00,2.0,usp000gbfq,2008-07-06 12:01:31.730000+00:00,5.4,15.286,122.423,Philippines,37.3,0,0.0,aftershock sequence
1141,1998,9,2016-03-03 19:28:31.880000+00:00,2016-03-20 09:15:06.240000+00:00,16.6,us10004xbl,2016-03-14 07:26:40.610000+00:00,5.6,-56.4283,-27.0089,South Sandwich Islands,68.1,0,55.6,swarm
1142,1993,9,2016-02-17 10:54:11.240000+00:00,2016-02-25 11:27:54.270000+00:00,8.0,us10004rn7,2016-02-22 06:36:59.400000+00:00,6.0,-30.4242,-72.2967,Chile,105.8,0,44.4,swarm
1143,2956,9,2022-08-15 19:21:15.369000+00:00,2022-08-19 18:36:37.514000+00:00,4.0,us6000ib9s,2022-08-16 10:39:54.057000+00:00,5.1,44.394,149.4882,Russia,99.9,0,22.2,swarm
1144,896,9,2008-02-16 16:53:21.680000+00:00,2008-02-28 21:49:38.680000+00:00,12.2,usp000fzr0,2008-02-23 04:41:18.890000+00:00,4.9,36.461,70.925,Afghanistan,176.2,0,44.4,swarm
1145,3241,9,2024-06-09 09:45:35.358000+00:00,2024-06-10 04:42:14.809000+00:00,0.8,us7000mrbr,2024-06-09 09:55:49.381000+00:00,6.2,-53.8559,-133.9509,Pacific-Antarctic Ridge,82.5,0,33.3,swarm
1146,2101,9,2016-11-23 07:55:40.390000+00:00,2016-11-27 22:38:31.650000+00:00,4.6,us10007c4w,2016-11-24 18:43:47.710000+00:00,6.9,11.9097,-88.8968,El Salvador,124.2,1,11.1,aftershock sequence
1147,3509,9,2026-06-03 09:18:22.844000+00:00,2026-06-10 06:05:51.236000+00:00,6.9,us7000sr7l,2026-06-07 10:41:56.538000+00:00,6.0,49.9805,157.2497,Russia,130.8,0,22.2,swarm
1148,3505,9,2026-05-27 21:09:27.789000+00:00,2026-06-05 21:03:48.648000+00:00,9.0,us7000sqb3,2026-05-27 22:36:38.889000+00:00,4.8,16.2134,119.0068,Philippines,50.4,0,11.1,aftershock sequence
1149,2627,9,2020-08-08 08:44:00.894000+00:00,2020-08-17 16:31:52.303000+00:00,9.3,us6000bb1f,2020-08-08 08:44:00.894000+00:00,4.9,30.4109,94.7817,India,67.7,0,0.0,aftershock sequence
1150,1456,9,2012-08-31 15:13:37.930000+00:00,2012-09-04 06:22:04.370000+00:00,3.6,usp000jraf,2012-08-31 18:38:55.080000+00:00,5.3,13.239,50.47,Somalia,52.9,0,66.7,swarm
1151,196,9,2002-07-17 07:10:36.770000+00:00,2002-07-28 19:01:19.330000+00:00,11.5,usp000b8y6,2002-07-28 19:01:19.330000+00:00,5.5,-17.933,-178.342,Fiji,104.1,0,88.9,swarm
1152,1580,9,2013-08-08 16:57:24.330000+00:00,2013-08-20 20:24:47.680000+00:00,12.1,usb000j5v9,2013-08-18 12:35:14.750000+00:00,4.8,-11.9695,165.4617,Solomon Islands,111.8,0,44.4,swarm
1153,2268,9,2018-03-08 17:39:51.100000+00:00,2018-03-12 00:00:35.650000+00:00,3.3,us1000d1kv,2018-03-08 17:39:51.100000+00:00,6.8,-4.3762,153.1996,Papua New Guinea,93.2,1,0.0,aftershock sequence
1154,1608,9,2013-11-01 17:03:13.610000+00:00,2013-11-08 12:30:00.560000+00:00,6.8,usb000kr3t,2013-11-01 18:57:44.280000+00:00,4.8,-33.786,-178.5062,Kermadec Islands,246.0,0,22.2,swarm
1155,2630,9,2020-08-15 06:40:37.719000+00:00,2020-08-27 21:39:41.883000+00:00,12.6,us6000bf3f,2020-08-15 06:40:37.719000+00:00,5.8,-22.7578,-112.3155,Easter Island,117.5,0,0.0,aftershock sequence
1156,2074,9,2016-08-20 05:14:57.910000+00:00,2016-08-21 23:13:09.630000+00:00,1.7,us10006fdp,2016-08-20 09:01:26.210000+00:00,6.0,40.3942,143.6796,Japan,102.7,0,22.2,swarm
1157,586,9,2006-01-19 18:43:15.280000+00:00,2006-02-07 10:14:27.340000+00:00,18.6,usp000e8qf,2006-01-23 06:02:58.140000+00:00,6.4,-17.391,167.715,Vanuatu,101.9,0,33.3,swarm
1158,1129,9,2009-12-10 04:34:20.750000+00:00,2009-12-25 22:04:26.980000+00:00,15.7,usp000h5c5,2009-12-25 22:04:26.980000+00:00,5.6,-15.963,-173.059,Tonga,101.7,0,88.9,swarm
1159,1816,9,2014-12-14 18:54:18.460000+00:00,2014-12-31 21:17:04.370000+00:00,17.1,usc000taa1,2014-12-27 18:53:47.210000+00:00,5.5,-17.9261,-179.49,Fiji,171.9,0,66.7,swarm
1160,1811,9,2014-12-05 10:17:42.790000+00:00,2014-12-15 04:57:43.520000+00:00,9.8,usc000t4gc,2014-12-07 21:16:35.740000+00:00,6.1,13.6717,-91.4731,Guatemala,65.7,0,44.4,swarm
1161,62,9,2000-12-19 13:11:47.370000+00:00,2000-12-20 05:26:21.720000+00:00,0.7,usp000a6bm,2000-12-19 13:11:47.370000+00:00,6.2,11.765,144.76,Guam,16.6,0,0.0,aftershock sequence
1162,58,9,2000-11-25 18:09:11.420000+00:00,2000-11-30 05:09:51.060000+00:00,4.5,usp000a4xu,2000-11-25 18:09:11.420000+00:00,6.8,40.245,49.946,Azerbaijan,48.7,2,0.0,aftershock sequence
1163,1803,9,2014-11-16 22:33:20.450000+00:00,2014-11-26 22:00:38.390000+00:00,10.0,usc000sxye,2014-11-16 22:33:20.450000+00:00,6.7,-37.6478,179.6621,New Zealand,49.5,1,0.0,aftershock sequence
1164,2252,9,2018-01-06 23:58:29.950000+00:00,2018-01-19 15:42:38.460000+00:00,12.7,us2000ciek,2018-01-11 17:53:34.070000+00:00,5.5,-23.9514,179.9604,Fiji Islands,118.6,0,33.3,swarm
1165,1623,9,2013-11-25 05:10:07.810000+00:00,2013-11-25 10:37:55.450000+00:00,0.2,usb000l5zn,2013-11-25 06:27:33.300000+00:00,7.0,-53.9451,-55.0033,Falkland Islands,72.0,1,22.2,swarm
1166,3233,9,2024-05-13 19:03:08.365000+00:00,2024-05-31 03:31:27.299000+00:00,17.4,us6000mycb,2024-05-13 19:03:08.365000+00:00,4.9,23.3153,143.8503,Japan,106.2,0,0.0,aftershock sequence
1167,887,9,2008-01-22 17:14:52.070000+00:00,2008-02-02 03:19:17.850000+00:00,10.4,usp000fx81,2008-01-22 17:14:57.950000+00:00,6.2,1.011,97.442,Indonesia,47.9,0,11.1,aftershock sequence
1168,885,9,2008-01-19 20:51:04.800000+00:00,2008-01-23 08:12:21.240000+00:00,3.5,usp000fx5n,2008-01-21 12:24:27.060000+00:00,5.8,-34.863,-111.851,East Pacific Rise,44.0,0,66.7,swarm
1169,3314,9,2025-02-10 00:09:42.753000+00:00,2025-02-14 18:53:13.303000+00:00,4.8,us7000pcjx,2025-02-10 00:09:42.753000+00:00,5.9,-17.5011,167.8757,Vanuatu,43.8,0,0.0,aftershock sequence
1170,307,9,2003-09-21 18:16:13.410000+00:00,2003-10-01 17:11:48.610000+00:00,10.0,usp000c87f,2003-09-21 18:16:13.410000+00:00,6.6,19.917,95.672,Myanmar,26.3,1,0.0,aftershock sequence
1171,2591,9,2020-04-25 02:53:06.698000+00:00,2020-04-30 15:32:27.313000+00:00,5.5,us60009c06,2020-04-25 02:53:06.698000+00:00,6.1,-6.5337,154.2347,Papua New Guinea,93.0,0,0.0,aftershock sequence
1172,289,9,2003-07-08 15:21:28.990000+00:00,2003-07-15 17:50:00.100000+00:00,7.1,usp000c2k2,2003-07-15 17:50:00.100000+00:00,5.1,3.044,-31.318,Mid-Atlantic Ridge,34.4,0,88.9,swarm
1173,2580,9,2020-03-25 04:59:44.279000+00:00,2020-04-07 16:12:21.430000+00:00,13.5,us70008gqs,2020-03-26 20:24:54.588000+00:00,5.4,-56.6059,-26.8921,South Sandwich Islands,165.2,0,11.1,aftershock sequence
1174,2574,9,2020-02-28 07:41:50.508000+00:00,2020-03-12 22:25:13.713000+00:00,13.6,us600085x5,2020-02-28 07:41:50.508000+00:00,5.7,-18.9008,-172.9039,Tonga,133.4,0,0.0,aftershock sequence
1175,858,9,2007-10-27 21:09:46.610000+00:00,2007-11-20 12:25:59.080000+00:00,23.6,usp000frdp,2007-10-27 21:09:46.610000+00:00,5.0,36.449,70.367,Afghanistan,99.0,0,0.0,aftershock sequence
1176,2109,9,2016-12-13 00:24:11.190000+00:00,2016-12-20 07:56:21.800000+00:00,7.3,us200080ti,2016-12-14 21:26:47.300000+00:00,5.3,-21.922,-174.5094,Tonga,183.0,0,33.3,swarm
1177,1777,9,2014-09-11 03:03:29.970000+00:00,2014-09-26 10:21:41.250000+00:00,15.3,usb000scu5,2014-09-16 01:08:18.240000+00:00,5.2,-20.9309,-178.9048,Fiji,150.8,0,22.2,swarm
1178,1774,9,2014-09-10 02:46:06.430000+00:00,2014-09-13 12:18:55.180000+00:00,3.4,usb000say6,2014-09-10 02:46:06.430000+00:00,6.2,-0.2422,125.104,Indonesia,23.6,0,0.0,aftershock sequence
1179,413,9,2004-08-28 13:41:25.600000+00:00,2004-08-30 18:55:52.660000+00:00,2.2,usp000d30e,2004-08-28 13:41:25.600000+00:00,6.5,-35.173,-70.525,Chile,59.2,1,0.0,aftershock sequence
1180,2410,9,2019-01-28 04:06:38.540000+00:00,2019-02-18 17:49:50.930000+00:00,21.6,us2000jepg,2019-02-07 10:03:06.650000+00:00,5.2,2.2963,128.7661,Indonesia,70.8,0,44.4,swarm
1181,1427,9,2012-06-04 20:38:29.060000+00:00,2012-06-17 09:07:53.240000+00:00,12.5,usp000jmjm,2012-06-09 21:00:18.070000+00:00,5.9,24.572,122.248,Taiwan,127.1,0,22.2,swarm
1182,1426,9,2012-05-29 07:00:03+00:00,2012-06-03 19:20:43+00:00,5.5,usp000jm2n,2012-05-29 07:00:03+00:00,5.8,44.851,11.086,Italy,12.7,0,0.0,aftershock sequence
1183,1411,9,2012-04-19 15:46:50.720000+00:00,2012-04-24 23:48:49.790000+00:00,5.3,usp000jjaq,2012-04-21 01:16:52.740000+00:00,6.7,-1.617,134.276,Indonesia,40.4,1,11.1,aftershock sequence
1184,1409,9,2012-04-13 15:52:47.890000+00:00,2012-04-26 17:26:16.050000+00:00,13.1,usp000jhzj,2012-04-14 22:05:26.430000+00:00,6.2,-18.972,168.741,Vanuatu,83.3,0,11.1,aftershock sequence
1185,1408,9,2012-04-13 10:10:04.620000+00:00,2012-04-29 07:17:02.790000+00:00,15.9,usp000jhut,2012-04-13 10:10:04.620000+00:00,5.2,16.236,-98.138,Mexico,67.5,0,0.0,aftershock sequence
1186,2424,9,2019-03-10 16:23:49.780000+00:00,2019-03-11 20:12:46.245000+00:00,1.2,usd0009ffl,2019-03-10 18:04:59.100000+00:00,5.9,58.3514,-31.9495,Reykjanes Ridge,37.0,0,22.2,swarm
1187,749,9,2007-03-17 03:52:48.410000+00:00,2007-03-20 12:42:35.750000+00:00,3.4,usp000f71p,2007-03-20 09:25:49.200000+00:00,5.2,-33.502,-178.266,Kermadec Islands,134.2,0,22.2,swarm
1188,746,9,2007-03-13 09:37:32.350000+00:00,2007-03-26 14:35:40.740000+00:00,13.2,usp000f715,2007-03-20 03:10:30.470000+00:00,5.5,9.191,126.121,Philippines,126.0,0,77.8,swarm
1189,776,9,2007-05-29 04:34:56.200000+00:00,2007-06-01 22:01:24.120000+00:00,3.7,usp000fcze,2007-05-29 09:36:05.600000+00:00,6.1,-1.065,127.343,Indonesia,32.7,0,11.1,aftershock sequence
1190,1444,9,2012-07-22 05:39:13.390000+00:00,2012-08-07 14:47:52.750000+00:00,16.4,usp000jpjk,2012-07-28 20:03:56.800000+00:00,6.5,-4.651,153.173,Papua New Guinea,114.2,1,44.4,swarm
1191,1441,9,2012-07-20 01:19:57.940000+00:00,2012-07-21 07:19:58.440000+00:00,1.3,usp000jp79,2012-07-20 06:10:25.170000+00:00,6.0,49.407,155.907,Russia,30.8,0,33.3,swarm
1192,1440,9,2012-07-17 08:45:47.730000+00:00,2012-07-17 20:06:43.690000+00:00,0.5,usp000jp3w,2012-07-17 12:38:45.500000+00:00,5.2,-31.431,-178.991,Kermadec Islands,47.3,0,22.2,swarm
1193,1461,9,2012-09-29 10:11:18.150000+00:00,2012-10-03 11:04:59.670000+00:00,4.0,usp000jtc6,2012-10-01 22:21:46.020000+00:00,6.1,39.808,143.099,Japan,99.2,0,33.3,swarm
1194,2633,9,2020-08-18 22:23:59.497000+00:00,2020-08-29 05:35:41.698000+00:00,10.3,us6000bgvu,2020-08-18 22:29:24.731000+00:00,6.9,-4.2069,101.2411,Indonesia,58.6,2,11.1,aftershock sequence
1195,2422,9,2019-02-25 19:36:49.420000+00:00,2019-03-05 21:52:53.194000+00:00,8.1,us1000jaur,2019-03-05 15:58:20.273000+00:00,5.4,14.3229,-93.0411,Mexico,92.3,0,66.7,swarm
1196,632,9,2006-05-24 09:10:26.970000+00:00,2006-05-28 01:44:13.210000+00:00,3.7,usp000ehud,2006-05-24 09:10:26.970000+00:00,5.5,-20.376,168.925,Vanuatu,68.5,0,0.0,aftershock sequence
1197,2115,9,2016-12-20 11:29:56.860000+00:00,2016-12-27 18:18:05.100000+00:00,7.3,us10007mn3,2016-12-25 14:22:27.010000+00:00,7.6,-43.4064,-73.9413,Chile,126.1,1,11.1,aftershock sequence
1198,2421,9,2019-02-26 18:53:46.882000+00:00,2019-03-12 00:35:41.800000+00:00,13.2,us1000ja9v,2019-03-04 04:49:29.210000+00:00,4.8,-56.1101,-27.4271,South Sandwich Islands,80.1,0,44.4,swarm
1199,763,9,2007-04-20 00:26:40.600000+00:00,2007-04-22 10:28:51.650000+00:00,2.4,usp000fa44,2007-04-20 01:45:56.110000+00:00,6.3,25.71,125.108,Japan,21.9,0,22.2,swarm
1200,791,9,2007-06-23 19:14:45.930000+00:00,2007-06-26 08:01:48.770000+00:00,2.5,usp000fep8,2007-06-23 21:52:03.080000+00:00,5.6,-16.917,-177.069,Fiji,125.1,0,55.6,swarm
1201,1609,9,2013-11-02 18:53:46.900000+00:00,2013-11-07 23:58:12.920000+00:00,5.2,usb000krlz,2013-11-02 18:53:46.900000+00:00,6.2,-19.1711,-172.6411,Tonga,87.3,0,0.0,aftershock sequence
1202,3218,9,2024-04-12 04:03:43.164000+00:00,2024-04-20 01:44:04.495000+00:00,7.9,us7000mbuv,2024-04-13 05:44:39.593000+00:00,5.5,33.5479,81.8672,Xizang,15.3,0,33.3,swarm
1203,3209,9,2024-03-29 09:31:14.113000+00:00,2024-03-30 09:48:17.120000+00:00,1.0,us7000m8ww,2024-03-30 09:48:17.120000+00:00,5.1,-4.0264,-103.9175,East Pacific Rise,53.5,0,88.9,swarm
1204,156,9,2002-03-14 06:54:26.540000+00:00,2002-03-18 15:04:15.220000+00:00,4.3,usp000b09y,2002-03-14 16:08:31.400000+00:00,5.9,51.531,-173.083,Alaska,15.2,0,11.1,aftershock sequence
1205,1582,9,2013-08-09 22:56:03.670000+00:00,2013-08-27 17:09:24.290000+00:00,17.8,usb000j04d,2013-08-09 22:56:03.670000+00:00,5.0,36.9071,141.0419,Japan,146.7,0,0.0,aftershock sequence
1206,3076,9,2023-04-23 02:15:49.567000+00:00,2023-04-30 06:15:27.443000+00:00,7.2,us7000jwhe,2023-04-28 03:13:48.476000+00:00,6.6,-25.1498,178.4274,Fiji Islands,111.7,1,11.1,aftershock sequence
1207,3072,9,2023-04-22 17:09:44.703000+00:00,2023-04-26 20:43:02.390000+00:00,4.1,us7000jvl3,2023-04-24 20:00:57.265000+00:00,7.1,-0.8082,98.5112,Indonesia,28.6,1,66.7,swarm
1208,304,9,2003-09-06 14:36:14.280000+00:00,2003-09-07 19:51:27.480000+00:00,1.2,usp000c6zs,2003-09-07 13:19:20.450000+00:00,6.4,-22.472,172.123,Loyalty Islands,68.5,0,22.2,swarm
1209,324,9,2003-10-31 19:27:22.220000+00:00,2003-11-14 06:00:29.960000+00:00,13.4,usp000cbrv,2003-10-31 19:27:22.220000+00:00,5.2,-30.619,-176.615,Kermadec Islands,78.1,0,0.0,aftershock sequence
1210,317,9,2003-10-10 13:06:46.960000+00:00,2003-10-22 22:35:57.910000+00:00,12.4,usp000caku,2003-10-17 10:19:06.820000+00:00,6.4,-5.471,154.155,Papua New Guinea,143.4,0,11.1,aftershock sequence
1211,752,9,2007-03-25 00:41:57.820000+00:00,2007-03-28 04:05:31.580000+00:00,3.1,usp000f7b5,2007-03-25 00:41:57.820000+00:00,6.7,37.336,136.588,Japan,33.2,1,0.0,aftershock sequence
1212,3164,9,2023-12-08 02:53:41.956000+00:00,2023-12-24 14:52:56.063000+00:00,16.5,us7000lict,2023-12-12 12:54:04.740000+00:00,5.7,-20.0152,-173.3704,Tonga,101.0,0,22.2,swarm
1213,3329,9,2025-03-28 00:34:21.875000+00:00,2025-04-15 11:44:53.474000+00:00,18.5,us7000pnf2,2025-03-28 17:17:27.868000+00:00,6.6,0.7561,-29.7635,Mid-Atlantic Ridge,23.1,1,11.1,aftershock sequence
1214,777,9,2007-05-26 16:54:40.010000+00:00,2007-06-06 10:47:06.230000+00:00,10.7,usp000fd5b,2007-06-01 15:23:00.610000+00:00,5.0,-33.826,-178.901,Kermadec Islands,115.3,0,55.6,swarm
1215,3396,9,2025-09-24 22:21:55.716000+00:00,2025-09-30 11:06:21.244000+00:00,5.5,us6000rcqw,2025-09-25 03:51:39.565000+00:00,6.3,9.9355,-70.7081,Venezuela,29.2,0,44.4,swarm
1216,3388,9,2025-08-31 15:10:46.879000+00:00,2025-09-13 12:52:27.086000+00:00,12.9,us7000qtpj,2025-09-04 04:10:19.917000+00:00,5.9,-24.1304,-67.1572,Argentina,28.5,0,33.3,swarm
1217,2064,9,2016-07-31 14:12:58.560000+00:00,2016-08-05 12:43:52.400000+00:00,4.9,us1000694i,2016-08-01 07:42:51.250000+00:00,5.6,-23.9646,82.5565,South Indian Ocean,40.5,0,11.1,aftershock sequence
1218,2061,9,2016-07-23 12:38:46.490000+00:00,2016-08-11 09:36:42.730000+00:00,18.9,us20006h33,2016-07-23 12:38:46.490000+00:00,5.1,-24.025,-179.5219,Fiji Islands,150.0,0,0.0,aftershock sequence
1219,1843,9,2015-02-19 13:18:32.810000+00:00,2015-02-21 17:38:18.990000+00:00,2.2,usc000trf9,2015-02-19 13:18:32.810000+00:00,6.4,-16.4311,168.1483,Vanuatu,49.2,0,0.0,aftershock sequence
1220,3292,9,2024-11-30 13:15:40.557000+00:00,2024-12-13 17:43:47.916000+00:00,13.2,us7000nv4l,2024-11-30 13:15:40.557000+00:00,5.1,-24.0403,179.7868,Fiji Islands,170.4,0,0.0,aftershock sequence
1221,2691,9,2021-01-21 02:06:22.531000+00:00,2021-02-03 16:49:11.561000+00:00,13.6,us7000d2lc,2021-01-23 03:19:51.503000+00:00,5.8,-6.2986,147.6412,Papua New Guinea,116.1,0,11.1,aftershock sequence
1222,1495,9,2012-12-23 06:13:05.330000+00:00,2013-01-07 06:49:06.750000+00:00,15.0,usp000jy0p,2013-01-07 06:49:06.750000+00:00,5.1,24.566,122.865,Japan,230.9,0,88.9,swarm
1223,1590,9,2013-09-03 20:19:06.340000+00:00,2013-09-04 15:26:32+00:00,0.8,usb000jg6b,2013-09-03 20:19:06.340000+00:00,6.1,51.244,-130.3971,Canada,33.9,0,0.0,aftershock sequence
1224,1469,9,2012-10-15 16:48:11.920000+00:00,2012-10-26 19:33:12.940000+00:00,11.1,usp000jue6,2012-10-25 10:32:28.190000+00:00,5.6,38.306,141.699,Japan,187.5,0,66.7,swarm
1225,476,9,2005-02-07 10:35:01.980000+00:00,2005-02-24 18:47:13.390000+00:00,17.3,usp000dgb2,2005-02-17 01:19:16.590000+00:00,5.6,-56.132,-27.418,South Sandwich Islands,152.9,0,66.7,swarm
1226,2052,9,2016-07-01 06:48:03.180000+00:00,2016-07-23 21:30:07.330000+00:00,22.6,us10005zzf,2016-07-05 04:39:26.610000+00:00,4.9,1.6967,127.2666,Indonesia,157.2,0,22.2,swarm
1227,2044,9,2016-06-21 05:24:23.700000+00:00,2016-06-30 11:14:19.800000+00:00,9.2,us2000662k,2016-06-22 20:10:14.520000+00:00,5.2,-55.5441,-26.8748,South Sandwich Islands,103.4,0,22.2,swarm
1228,1853,9,2015-03-11 14:46:33.110000+00:00,2015-03-29 07:50:54.290000+00:00,17.7,us10001nab,2015-03-17 22:12:28.940000+00:00,6.2,1.6686,126.5217,Indonesia,51.1,0,11.1,aftershock sequence
1229,1878,9,2015-05-26 23:26:58.710000+00:00,2015-05-31 19:59:17.220000+00:00,4.9,us10002ccf,2015-05-26 23:41:40.800000+00:00,5.7,-58.7355,-25.2138,South Sandwich Islands,40.2,0,22.2,swarm
1230,1875,9,2015-05-17 14:10:49.870000+00:00,2015-05-19 00:34:28.400000+00:00,1.4,us100029zi,2015-05-17 16:15:15.610000+00:00,5.2,12.9436,146.1194,Guam,44.6,0,22.2,swarm
1231,2797,9,2021-09-15 12:44:13.074000+00:00,2021-09-24 07:57:36.354000+00:00,8.8,us7000fbl2,2021-09-15 20:14:52.566000+00:00,5.4,-28.2103,-177.7521,Kermadec Islands,125.4,0,11.1,aftershock sequence
1232,2237,9,2017-11-30 07:24:50.750000+00:00,2017-12-20 05:49:50.440000+00:00,19.9,us2000c286,2017-12-08 23:42:13.830000+00:00,5.7,-16.1147,-173.9172,Tonga,134.3,0,33.3,swarm
1233,1656,9,2014-01-20 08:26:20.430000+00:00,2014-02-08 22:23:25.830000+00:00,19.6,usc000mnwr,2014-01-27 15:41:37.970000+00:00,4.8,-19.7225,-177.479,Tonga,233.9,0,44.4,swarm
1234,2549,9,2020-01-05 18:58:52.561000+00:00,2020-01-17 11:03:22.341000+00:00,11.7,us70006v1l,2020-01-05 18:58:52.561000+00:00,5.2,6.1322,126.1063,Philippines,152.0,0,0.0,aftershock sequence
1235,2857,9,2022-01-25 01:21:35.058000+00:00,2022-01-31 15:40:38.260000+00:00,6.6,us7000gery,2022-01-25 01:24:33.513000+00:00,6.0,-55.3696,-28.7839,South Sandwich Islands,83.3,0,11.1,aftershock sequence
1236,1768,9,2014-08-23 18:33:13.220000+00:00,2014-09-06 14:34:31.710000+00:00,13.8,usc000s7xk,2014-08-29 07:35:09.230000+00:00,4.9,36.8653,141.2365,Japan,160.6,0,66.7,swarm
1237,1355,9,2011-12-20 12:16:14.320000+00:00,2012-01-04 01:07:25.230000+00:00,14.5,usp000jczw,2012-01-03 15:40:02.350000+00:00,5.2,12.689,143.737,Guam,86.7,0,77.8,swarm
1238,3204,9,2024-03-14 20:00:06.954000+00:00,2024-03-14 22:00:10.899000+00:00,0.1,us6000miy6,2024-03-14 21:10:24.786000+00:00,6.2,29.7971,-42.6608,Mid-Atlantic Ridge,33.9,0,33.3,swarm
1239,1571,9,2013-07-15 14:03:39.880000+00:00,2013-07-27 04:28:47.310000+00:00,11.6,usb000ief9,2013-07-15 14:03:39.880000+00:00,7.3,-60.857,-25.07,South Sandwich Islands,127.7,1,0.0,aftershock sequence
1240,1569,9,2013-07-12 00:18:56.480000+00:00,2013-07-19 22:26:12.640000+00:00,7.9,usp000k1x5,2013-07-12 00:22:18.810000+00:00,4.9,12.601,143.702,Guam,65.2,0,11.1,aftershock sequence
1241,952,9,2008-06-30 06:17:43.020000+00:00,2008-07-14 08:53:07.410000+00:00,14.1,usp000gazv,2008-06-30 06:17:43.020000+00:00,7.0,-58.227,-22.099,South Sandwich Islands,36.8,1,0.0,aftershock sequence
1242,1057,9,2009-03-22 05:03:31.140000+00:00,2009-03-27 10:00:47.140000+00:00,5.2,usp000gv9v,2009-03-22 06:06:35.970000+00:00,5.3,-12.826,-14.553,Mid-Atlantic Ridge,64.1,0,33.3,swarm
1243,1055,9,2009-03-13 03:11:32.750000+00:00,2009-03-27 20:20:47.760000+00:00,14.7,usp000gv4p,2009-03-19 02:17:29.570000+00:00,5.2,-0.704,133.126,Indonesia,112.8,0,22.2,swarm
1244,3293,9,2024-12-08 16:26:06.296000+00:00,2024-12-15 13:52:20.080000+00:00,6.9,us7000nx3l,2024-12-08 18:07:49.830000+00:00,5.6,-9.3184,-109.9235,East Pacific Rise,80.5,0,33.3,swarm
1245,1896,9,2015-07-10 04:12:42.540000+00:00,2015-07-13 09:59:25.310000+00:00,3.2,us20002whh,2015-07-10 04:12:42.540000+00:00,6.7,-9.307,158.403,Solomon Islands,51.0,1,0.0,aftershock sequence
1246,2936,9,2022-07-06 16:50:45.038000+00:00,2022-07-24 19:30:51.052000+00:00,18.1,us6000i2fn,2022-07-14 17:50:27.142000+00:00,5.8,-15.0115,166.9262,Vanuatu,55.2,0,44.4,swarm
1247,3408,9,2025-10-21 09:11:06.370000+00:00,2025-11-04 03:20:53.547000+00:00,13.8,us6000rkw7,2025-11-01 01:51:23.344000+00:00,5.2,-55.5579,-26.6984,South Sandwich Islands,84.0,0,77.8,swarm
1248,1369,9,2012-01-15 13:40:19.540000+00:00,2012-01-18 19:45:19.600000+00:00,3.3,usp000jdhq,2012-01-15 13:40:19.540000+00:00,6.6,-60.948,-56.113,South Shetland Islands,79.6,1,0.0,aftershock sequence
1249,2428,9,2019-03-16 18:39:53.495000+00:00,2019-03-17 09:03:33.120000+00:00,0.6,us1000jh51,2019-03-16 19:19:41.630000+00:00,4.7,42.9401,-29.456,Azores Islands,69.8,0,22.2,swarm
1250,1398,9,2012-03-08 03:51:35.040000+00:00,2012-03-26 16:58:52.770000+00:00,18.5,usp000jfxt,2012-03-08 03:51:35.040000+00:00,5.2,-17.895,167.152,Vanuatu,65.2,0,0.0,aftershock sequence
1251,795,9,2007-07-02 08:55:40.120000+00:00,2007-07-05 20:02:49.300000+00:00,3.5,usp000ffdd,2007-07-03 18:43:22.440000+00:00,5.1,-26.785,-176.397,Fiji Islands,77.6,0,22.2,swarm
1252,1743,9,2014-07-26 14:12:19.950000+00:00,2014-08-03 04:06:03.740000+00:00,7.6,usb000rzlc,2014-08-03 04:06:03.740000+00:00,5.7,28.0487,128.0642,Japan,34.6,0,88.9,swarm
1253,1236,9,2011-01-15 11:23:52.870000+00:00,2011-01-22 07:38:56.510000+00:00,6.8,usp000htap,2011-01-18 11:33:45.070000+00:00,5.9,2.632,96.404,Indonesia,103.1,0,55.6,swarm
1254,1235,9,2011-01-07 02:30:32.380000+00:00,2011-01-12 06:38:04.460000+00:00,5.2,usp000hsv8,2011-01-10 06:02:51.950000+00:00,5.9,-35.594,-73.064,Chile,146.6,0,44.4,swarm
1255,2168,9,2017-05-01 12:31:55.590000+00:00,2017-05-04 03:13:45.440000+00:00,2.6,us10008mgu,2017-05-01 14:18:15.290000+00:00,6.3,59.8295,-136.7042,Alaska,10.5,0,22.2,swarm
1256,3343,9,2025-04-27 18:59:57.943000+00:00,2025-05-11 14:18:00.325000+00:00,13.8,us7000pyba,2025-05-09 19:07:19.428000+00:00,5.0,-33.1025,-178.8044,Kermadec Islands,229.4,0,66.7,swarm
1257,274,9,2003-05-26 09:24:33.400000+00:00,2003-05-31 09:41:49.230000+00:00,5.0,usp000by66,2003-05-26 09:24:33.400000+00:00,7.0,38.849,141.568,Japan,70.6,1,0.0,aftershock sequence
1258,866,9,2007-11-25 16:02:15.750000+00:00,2007-11-27 18:04:02.960000+00:00,2.1,usp000ft98,2007-11-25 16:02:15.750000+00:00,6.5,-8.292,118.37,Indonesia,62.2,2,0.0,aftershock sequence
1259,127,9,2001-10-23 06:05:38.250000+00:00,2001-10-29 02:37:41.480000+00:00,5.9,usp000artq,2001-10-28 17:58:27.520000+00:00,5.6,51.434,-174.94,Alaska,41.2,0,44.4,swarm
1260,141,9,2001-12-23 22:52:54.330000+00:00,2002-01-03 02:25:10.340000+00:00,10.1,usp000av52,2001-12-23 22:52:54.330000+00:00,6.8,-9.613,159.53,Solomon Islands,77.5,1,0.0,aftershock sequence
1261,2229,9,2017-11-10 10:48:28.330000+00:00,2017-11-18 13:03:12.240000+00:00,8.1,us2000bnmq,2017-11-15 00:24:32.670000+00:00,5.8,13.0996,143.7117,Guam,144.8,0,66.7,swarm
1262,3001,9,2022-11-09 09:38:42.828000+00:00,2022-11-14 12:39:24.481000+00:00,5.1,us7000ingi,2022-11-09 09:51:04.068000+00:00,7.0,-26.0901,178.3427,Fiji Islands,57.5,3,22.2,swarm
1263,567,9,2005-12-03 01:44:11.220000+00:00,2005-12-04 11:13:56.180000+00:00,1.4,usp000e5eh,2005-12-03 16:10:39.550000+00:00,5.9,29.338,130.29,Japan,28.0,0,11.1,aftershock sequence
1264,336,9,2003-12-18 05:41:57.610000+00:00,2003-12-22 04:32:52.130000+00:00,4.0,usp000cffv,2003-12-18 05:41:57.610000+00:00,5.9,-6.347,151.384,Papua New Guinea,130.2,0,0.0,aftershock sequence
1265,3285,9,2024-10-21 06:09:38.610000+00:00,2024-11-06 15:55:08.907000+00:00,16.4,us7000nq9w,2024-11-06 15:55:08.907000+00:00,5.9,-18.1047,-177.8948,Fiji,93.4,0,88.9,swarm
1266,2721,9,2021-03-20 06:57:47.697000+00:00,2021-03-26 23:10:18.539000+00:00,6.7,us6000dwwt,2021-03-26 22:59:37.627000+00:00,5.1,-50.1552,112.6437,southeast Indian Ridge,33.2,0,77.8,swarm
1267,2805,9,2021-09-27 06:17:21.478000+00:00,2021-10-03 14:31:27.622000+00:00,6.3,us7000fes8,2021-09-27 06:17:21.478000+00:00,6.0,35.244,25.2697,Greece,26.3,0,0.0,aftershock sequence
1268,566,9,2005-11-27 10:22:19.190000+00:00,2005-12-01 17:29:28.600000+00:00,4.3,usp000e501,2005-11-27 10:22:19.190000+00:00,5.9,26.774,55.858,Iran,22.4,0,0.0,aftershock sequence
1269,69,9,2001-01-14 12:57:48.630000+00:00,2001-01-29 15:44:45.790000+00:00,15.1,usp000a81a,2001-01-20 09:13:27.880000+00:00,5.3,-4.266,152.718,Papua New Guinea,188.0,0,33.3,swarm
1270,2353,9,2018-10-20 04:21:08.900000+00:00,2018-10-30 04:28:11.870000+00:00,10.0,us1000hi6a,2018-10-28 08:09:56.510000+00:00,5.2,4.1174,126.5228,Philippines,165.3,0,66.7,swarm
1271,2345,9,2018-10-12 05:46:45.580000+00:00,2018-10-26 18:29:49.540000+00:00,14.5,us1000hhn5,2018-10-26 18:29:49.540000+00:00,4.9,-18.0428,-178.0055,Fiji,138.0,0,88.9,swarm
1272,426,9,2004-10-03 14:44:21.540000+00:00,2004-10-14 18:35:49.300000+00:00,11.2,usp000d60h,2004-10-08 14:36:06.110000+00:00,6.5,13.925,120.534,Philippines,52.2,1,22.2,swarm
1273,1273,9,2011-05-12 21:15:39.840000+00:00,2011-05-13 06:46:10.740000+00:00,0.4,usp000j1gr,2011-05-13 01:04:36.760000+00:00,5.5,12.434,143.987,Guam,24.5,0,44.4,swarm
1274,1294,9,2011-07-05 19:02:38.790000+00:00,2011-07-16 04:37:52.550000+00:00,10.4,usp000j46y,2011-07-05 19:02:38.790000+00:00,5.7,-14.811,-176.025,Wallis and Futuna,195.5,0,0.0,aftershock sequence
1275,2874,9,2022-02-25 01:35:50.827000+00:00,2022-03-03 06:37:03.223000+00:00,6.2,us6000gzyg,2022-02-25 01:39:26.554000+00:00,6.1,0.219,100.1006,Indonesia,130.4,0,11.1,aftershock sequence
1276,1718,9,2014-05-31 12:43:00.610000+00:00,2014-06-14 11:08:15.470000+00:00,13.9,usc000rfh0,2014-06-14 11:08:15.470000+00:00,5.0,-11.1391,161.473,Solomon Islands,133.9,0,88.9,swarm
1277,248,9,2003-01-16 00:51:03.500000+00:00,2003-01-16 06:52:04.440000+00:00,0.3,usp000bnkx,2003-01-16 00:53:15.720000+00:00,6.3,44.284,-129.024,Oregon,30.3,0,11.1,aftershock sequence
1278,242,9,2002-12-12 04:16:02.190000+00:00,2002-12-19 21:13:00.950000+00:00,7.7,usp000bkuv,2002-12-17 04:32:53.070000+00:00,6.2,-56.952,-24.825,South Sandwich Islands,115.2,0,22.2,swarm
1279,240,9,2002-12-08 13:39:50.990000+00:00,2002-12-15 00:32:14.590000+00:00,6.5,usp000bkg3,2002-12-11 03:49:40.190000+00:00,6.3,-3.81,135.123,Indonesia,43.8,0,11.1,aftershock sequence
1280,2895,9,2022-04-06 05:29:43.954000+00:00,2022-04-13 16:53:45.278000+00:00,7.5,us7000h035,2022-04-06 05:29:43.954000+00:00,5.5,7.423,94.3078,Indonesia,24.5,0,0.0,aftershock sequence
1281,2894,9,2022-04-04 23:38:24.332000+00:00,2022-04-08 17:19:43.180000+00:00,3.7,us7000h05d,2022-04-06 15:27:56.729000+00:00,5.5,-26.9954,-176.3672,Fiji Islands,125.8,0,22.2,swarm
1282,808,9,2007-07-22 13:56:13.450000+00:00,2007-08-06 11:35:15.700000+00:00,14.9,usp000fh3s,2007-07-26 05:40:16.100000+00:00,6.9,2.872,127.464,Indonesia,89.2,1,11.1,aftershock sequence
1283,2005,9,2016-03-27 18:01:30.960000+00:00,2016-04-02 23:23:42.040000+00:00,6.2,us20005cr4,2016-03-27 18:01:30.960000+00:00,5.8,52.175,-168.6554,Alaska,54.7,0,0.0,aftershock sequence
1284,3141,9,2023-10-23 08:03:13.533000+00:00,2023-11-02 12:03:56.728000+00:00,10.2,us6000lhgd,2023-10-23 10:10:14.193000+00:00,6.0,-29.9334,-177.45,New Zealand,151.7,0,11.1,aftershock sequence
1285,1894,9,2015-07-03 01:07:47.290000+00:00,2015-07-03 03:11:12.520000+00:00,0.1,us10002n4w,2015-07-03 01:07:47.290000+00:00,6.4,37.4593,78.1542,China,21.5,0,0.0,aftershock sequence
1286,382,9,2004-05-04 20:12:18.250000+00:00,2004-05-17 16:00:32.340000+00:00,12.8,usp000cuyb,2004-05-13 17:18:55.430000+00:00,5.4,-30.124,-177.548,New Zealand,100.1,0,33.3,swarm
1287,2790,9,2021-09-06 10:27:24.779000+00:00,2021-09-17 12:43:56.319000+00:00,11.1,us7000f8jd,2021-09-06 10:38:59.105000+00:00,4.9,5.5061,126.6961,Philippines,81.4,0,11.1,aftershock sequence
1288,1023,9,2008-12-25 11:45:06.810000+00:00,2009-01-01 20:50:31.900000+00:00,7.4,usp000grqc,2008-12-28 13:31:36.320000+00:00,5.4,48.284,154.365,Russia,93.8,0,11.1,aftershock sequence
1289,1018,9,2008-12-12 13:25:53.560000+00:00,2008-12-18 02:50:15.400000+00:00,5.6,usp000gqj1,2008-12-13 22:37:20.330000+00:00,5.6,-14.103,166.572,Vanuatu,27.9,0,22.2,swarm
1290,3105,9,2023-07-16 01:13:39.507000+00:00,2023-07-21 00:33:27.200000+00:00,5.0,us7000kga2,2023-07-17 04:42:13.423000+00:00,5.6,-1.5393,126.4716,Indonesia,26.9,0,11.1,aftershock sequence
1291,1883,9,2015-06-03 07:58:15.340000+00:00,2015-06-07 16:04:41.630000+00:00,4.3,us20002ltj,2015-06-03 21:18:42.270000+00:00,4.8,10.7912,126.2881,Philippines,120.8,0,66.7,swarm
1292,2759,9,2021-07-04 01:01:37.759000+00:00,2021-07-14 20:32:33.235000+00:00,10.8,us7000eijt,2021-07-04 01:29:15.977000+00:00,6.0,-28.7361,-71.4818,Chile,51.6,0,11.1,aftershock sequence
1293,3097,9,2023-06-19 11:18:11.960000+00:00,2023-06-28 21:41:02.988000+00:00,9.4,us7000k9jv,2023-06-19 11:18:11.960000+00:00,6.2,-4.4729,144.8345,Papua New Guinea,85.6,0,0.0,aftershock sequence
1294,2459,9,2019-06-02 10:36:29.673000+00:00,2019-06-04 01:15:38.573000+00:00,1.6,us70003ud5,2019-06-02 10:36:29.673000+00:00,6.0,-21.2068,-173.9096,Tonga,40.3,0,0.0,aftershock sequence
1295,643,9,2006-06-05 18:24:12.590000+00:00,2006-06-25 11:28:08.540000+00:00,19.7,usp000ek3p,2006-06-10 23:37:35.560000+00:00,4.9,1.224,97.138,Indonesia,104.2,0,22.2,swarm
1296,834,9,2007-09-24 03:21:47.550000+00:00,2007-10-05 23:04:05.120000+00:00,11.8,usp000fp01,2007-09-24 03:21:47.550000+00:00,5.0,9.187,126.492,Philippines,99.6,0,0.0,aftershock sequence
1297,831,9,2007-09-01 19:14:22.640000+00:00,2007-09-10 00:20:18.410000+00:00,8.2,usp000fm5s,2007-09-01 19:14:22.640000+00:00,6.1,24.902,-109.689,Mexico,74.8,0,0.0,aftershock sequence
1298,3357,9,2025-06-07 23:20:45.671000+00:00,2025-06-20 17:49:31.701000+00:00,12.8,us6000qisj,2025-06-07 23:20:45.671000+00:00,6.2,-47.8272,115.9955,Indian-Antarctic Ridge,23.5,0,0.0,aftershock sequence
1299,1290,9,2011-06-26 12:16:38.600000+00:00,2011-06-27 04:57:09.610000+00:00,0.7,usp000j3sp,2011-06-26 12:16:38.600000+00:00,6.3,-2.384,136.631,Indonesia,23.3,0,0.0,aftershock sequence
1300,3022,9,2023-01-09 17:47:35.037000+00:00,2023-01-22 06:16:02.380000+00:00,12.5,us7000j36j,2023-01-09 17:47:35.037000+00:00,7.6,-7.0586,130.009,Indonesia,133.7,1,0.0,aftershock sequence
1301,3379,9,2025-07-30 15:55:27.470000+00:00,2025-08-17 06:26:21.187000+00:00,17.6,us6000qxuj,2025-08-02 22:51:51.806000+00:00,4.9,-14.685,167.5855,Vanuatu,68.9,0,11.1,aftershock sequence
1302,708,9,2006-11-23 13:24:56.390000+00:00,2006-12-02 16:57:50.730000+00:00,9.1,usp000eyth,2006-11-25 12:10:21.950000+00:00,5.5,53.588,-163.748,Alaska,66.8,0,11.1,aftershock sequence
1303,1551,9,2013-05-27 18:32:44.130000+00:00,2013-06-10 08:26:03.700000+00:00,13.6,usb000hdx2,2013-06-05 04:47:26.240000+00:00,6.1,-11.401,166.299,Solomon Islands,143.1,0,44.4,swarm
1304,694,9,2006-10-20 08:12:07.330000+00:00,2006-10-31 15:35:19.810000+00:00,11.3,usp000evqy,2006-10-21 19:35:51.700000+00:00,5.3,21.946,143.074,Mariana Islands,23.2,0,33.3,swarm
1305,1016,9,2008-12-02 09:04:23.850000+00:00,2008-12-19 08:06:12.970000+00:00,17.0,usp000gqvd,2008-12-18 15:50:15.280000+00:00,5.3,2.299,127.169,Indonesia,141.7,0,77.8,swarm
1306,1011,9,2008-11-17 12:55:22.790000+00:00,2008-11-18 07:05:12.730000+00:00,0.8,usp000gnwz,2008-11-17 12:55:22.790000+00:00,5.7,79.648,-116.056,Arctic Ocean,28.4,0,0.0,aftershock sequence
1307,1007,9,2008-11-07 07:19:35.710000+00:00,2008-11-08 17:29:01.820000+00:00,1.4,usp000gn4r,2008-11-07 07:19:35.710000+00:00,6.4,-14.829,168.032,Vanuatu,38.4,0,0.0,aftershock sequence
1308,3269,9,2024-09-06 17:30:38.508000+00:00,2024-09-18 02:49:20.091000+00:00,11.4,us7000ndgu,2024-09-13 08:23:56.652000+00:00,5.1,-35.1072,-179.2287,North Island of New Zealand,193.3,0,44.4,swarm
1309,1937,9,2015-10-08 10:50:11.360000+00:00,2015-10-19 17:08:22.520000+00:00,11.3,us10003nib,2015-10-14 05:43:08.300000+00:00,6.0,48.8595,156.2259,Russia,70.8,0,11.1,aftershock sequence
1310,2217,9,2017-09-22 14:33:20.020000+00:00,2017-10-10 02:09:19.740000+00:00,17.5,us2000av40,2017-09-26 21:29:06.440000+00:00,5.4,-23.5728,-179.9169,Fiji Islands,172.8,0,44.4,swarm
1311,1670,9,2014-02-13 12:11:40.060000+00:00,2014-03-02 10:42:24.750000+00:00,16.9,usb000mzf6,2014-03-02 10:42:24.750000+00:00,4.9,-19.449,-174.7344,Tonga,150.9,0,88.9,swarm
1312,1306,9,2011-08-06 11:23:30.350000+00:00,2011-08-26 05:25:18.230000+00:00,19.8,usp000j6dd,2011-08-13 07:14:47.590000+00:00,5.5,-30.551,-177.932,New Zealand,138.8,0,22.2,swarm
1313,2481,9,2019-07-14 05:39:23.420000+00:00,2019-07-20 00:18:02.751000+00:00,5.8,us70004jxe,2019-07-14 05:39:23.420000+00:00,6.6,-18.2242,120.3584,Australia,27.3,1,0.0,aftershock sequence
1314,402,9,2004-07-09 03:39:31.120000+00:00,2004-07-10 10:47:33.110000+00:00,1.3,usp000cztr,2004-07-09 03:39:31.120000+00:00,5.3,-26.847,-113.694,Easter Island,62.2,0,0.0,aftershock sequence
1315,394,9,2004-06-01 10:28:16.650000+00:00,2004-06-15 18:43:48.940000+00:00,14.3,usp000cx1y,2004-06-04 02:38:28+00:00,5.6,-16.052,-173.854,Tonga,119.9,0,33.3,swarm
1316,2200,9,2017-08-12 13:53:33.840000+00:00,2017-08-20 21:29:32.400000+00:00,8.3,us2000a8vd,2017-08-16 19:21:54.810000+00:00,5.3,-29.64,-176.1624,Kermadec Islands,64.5,0,55.6,swarm
1317,2189,9,2017-07-10 16:46:44.130000+00:00,2017-07-14 05:19:38.990000+00:00,3.5,us20009vvi,2017-07-13 03:36:08.640000+00:00,6.4,-4.7787,153.2109,Papua New Guinea,99.3,0,22.2,swarm
1318,2187,9,2017-07-02 09:58:50.820000+00:00,2017-07-14 09:32:04.690000+00:00,12.0,us100095ut,2017-07-02 09:58:50.820000+00:00,5.8,-27.368,-176.4143,Kermadec Islands,112.0,0,0.0,aftershock sequence
1319,3546,9,2026-08-01 20:02:47.387000+00:00,2026-08-15 00:43:29.486000+00:00,13.2,us6000tkvj,2026-08-15 00:43:29.486000+00:00,5.5,50.3726,156.5089,Russia,202.9,0,88.9,swarm
1320,3532,9,2026-07-11 06:52:29.453000+00:00,2026-07-24 00:37:03.351000+00:00,12.7,us7000sznc,2026-07-11 06:52:29.453000+00:00,5.4,-59.5703,-26.5035,South Sandwich Islands,167.3,0,0.0,aftershock sequence
1321,43,9,2000-09-10 17:08:18.540000+00:00,2000-09-13 13:41:12.960000+00:00,2.9,usp000a010,2000-09-10 19:06:15.630000+00:00,6.1,-1.112,129.332,Indonesia,69.7,0,22.2,swarm
1322,3537,8,2026-07-21 12:14:35.333000+00:00,2026-07-25 21:39:01.899000+00:00,4.4,us7000t25y,2026-07-21 12:14:35.333000+00:00,5.6,-29.2885,-176.9584,Kermadec Islands,66.6,0,0.0,aftershock sequence
1323,33,8,2000-07-21 01:53:35.810000+00:00,2000-07-24 13:38:19.050000+00:00,3.5,usp0009wwb,2000-07-21 01:53:35.810000+00:00,6.4,9.416,-85.329,Costa Rica,54.6,0,0.0,aftershock sequence
1324,1958,8,2015-11-20 01:08:44.960000+00:00,2015-11-27 17:47:47.900000+00:00,7.7,us10003zrf,2015-11-20 05:31:52.490000+00:00,5.8,26.3565,142.6429,Japan,37.5,0,12.5,aftershock sequence
1325,1959,8,2015-11-23 08:35:23.640000+00:00,2015-11-29 01:51:47.200000+00:00,5.7,us100042qn,2015-11-28 22:32:50.320000+00:00,5.4,3.8456,126.8672,Philippines,110.7,0,62.5,swarm
1326,2001,8,2016-03-03 11:36:26.230000+00:00,2016-03-16 16:27:34.440000+00:00,13.2,us10004xp4,2016-03-15 04:40:39.110000+00:00,5.2,35.6879,-3.634,Morocco,49.5,0,75.0,swarm
1327,960,8,2008-07-19 02:39:28.700000+00:00,2008-07-25 00:39:23.290000+00:00,5.9,usp000gcjg,2008-07-19 02:39:28.700000+00:00,7.0,37.552,142.214,Japan,62.3,1,0.0,aftershock sequence
1328,964,8,2008-07-28 21:37:32.570000+00:00,2008-08-01 22:28:22.290000+00:00,4.0,usp000gdbu,2008-07-28 21:40:47.360000+00:00,6.0,-10.578,163.103,Solomon Islands,57.0,0,12.5,aftershock sequence
1329,55,8,2000-11-07 00:18:04.910000+00:00,2000-11-14 07:04:26.370000+00:00,7.3,usp000a345,2000-11-07 00:18:04.910000+00:00,6.8,-55.627,-29.876,South Sandwich Islands,115.2,1,0.0,aftershock sequence
1330,31,8,2000-07-07 18:35:44.130000+00:00,2000-07-17 22:03:25.550000+00:00,10.1,usp0009wnn,2000-07-17 08:18:48.010000+00:00,5.1,70.897,-13.322,Svalbard and Jan Mayen,27.6,0,75.0,swarm
1331,3128,8,2023-09-22 16:12:18.561000+00:00,2023-09-23 00:37:41.867000+00:00,0.4,us6000lb50,2023-09-22 16:24:36.341000+00:00,4.6,-25.794,70.4326,Mid-Indian Ridge,61.1,0,12.5,aftershock sequence
1332,3545,8,2026-07-30 14:23:36.175000+00:00,2026-08-01 12:30:49.350000+00:00,1.9,us6000thbq,2026-07-31 20:19:26.519000+00:00,5.3,-2.8643,130.1655,Indonesia,85.5,0,25.0,swarm
1333,17,8,2000-05-02 15:03:36.800000+00:00,2000-05-10 14:45:43.690000+00:00,8.0,usp0009s7z,2000-05-02 15:03:36.800000+00:00,6.0,17.439,147.516,Mariana Islands,21.7,0,0.0,aftershock sequence
1334,1,8,2000-01-14 22:31:08.580000+00:00,2000-01-20 14:26:43.940000+00:00,5.7,usp0009man,2000-01-18 13:01:28.680000+00:00,5.1,-5.324,154.053,Papua New Guinea,14.2,0,62.5,swarm
1335,19,8,2000-05-06 22:07:00.590000+00:00,2000-05-11 11:57:15.030000+00:00,4.6,usp0009sr1,2000-05-10 16:52:09.810000+00:00,5.1,44.315,12.002,Italy,19.3,0,75.0,swarm
1336,2188,8,2017-07-06 13:46:12.100000+00:00,2017-07-21 00:03:29.930000+00:00,14.4,us2000a1bk,2017-07-21 00:03:29.930000+00:00,4.9,-23.5023,179.9397,Fiji Islands,134.6,0,87.5,swarm
1337,1674,8,2014-02-28 16:31:29+00:00,2014-03-09 15:48:43+00:00,9.0,usb000n0mp,2014-03-04 10:51:15.570000+00:00,5.7,-33.6046,-71.957,Chile,155.3,0,37.5,swarm
1338,1675,8,2014-02-28 23:27:21.520000+00:00,2014-03-11 07:22:40.300000+00:00,10.3,usb000myuk,2014-03-01 02:16:38.860000+00:00,5.2,32.1843,-40.2552,Mid-Atlantic Ridge,26.9,0,25.0,swarm
1339,396,8,2004-06-10 11:13:42.600000+00:00,2004-06-17 06:50:16.590000+00:00,6.8,usp000cxkf,2004-06-10 11:13:42.600000+00:00,5.2,-23.206,-175.359,Tonga,126.5,0,0.0,aftershock sequence
1340,2465,8,2019-06-11 19:20:24.232000+00:00,2019-06-25 00:53:49.902000+00:00,13.2,us600044zz,2019-06-24 02:53:39.830000+00:00,7.3,-6.4078,129.1692,Banda Sea,144.5,1,50.0,swarm
1341,2480,8,2019-07-08 00:59:25.751000+00:00,2019-07-23 09:38:31.261000+00:00,15.4,us70004j9u,2019-07-12 20:42:55.276000+00:00,5.8,9.3281,126.043,Philippines,91.0,0,12.5,aftershock sequence
1342,2205,8,2017-09-01 09:34:31.820000+00:00,2017-09-01 11:20:51.130000+00:00,0.1,us2000adtb,2017-09-01 11:07:37.020000+00:00,5.5,57.058,-34.0711,Reykjanes Ridge,53.0,0,62.5,swarm
1343,2209,8,2017-09-02 23:56:52.630000+00:00,2017-09-11 13:26:35.640000+00:00,8.6,us2000aekg,2017-09-02 23:56:52.630000+00:00,5.3,42.6474,-111.4492,Idaho,11.2,0,0.0,aftershock sequence
1344,1662,8,2014-01-28 20:24:05.010000+00:00,2014-02-04 19:12:22.270000+00:00,7.0,usc000mfm0,2014-02-02 09:26:37.820000+00:00,6.5,-32.9076,-177.8806,Kermadec Islands,141.5,1,12.5,aftershock sequence
1345,1663,8,2014-02-03 10:10:56.470000+00:00,2014-02-17 00:46:57.600000+00:00,13.6,usc000mjye,2014-02-07 08:40:13.550000+00:00,6.5,-15.0691,167.3721,Vanuatu,59.9,1,12.5,aftershock sequence
1346,671,8,2006-08-16 18:38:59.340000+00:00,2006-08-21 08:34:22.920000+00:00,4.6,usp000er2w,2006-08-16 18:38:59.340000+00:00,5.9,-28.815,61.736,Southwest Indian Ridge,33.3,0,0.0,aftershock sequence
1347,675,8,2006-08-25 19:31:43.250000+00:00,2006-08-29 21:12:55.870000+00:00,4.1,usp000eryq,2006-08-28 14:24:07.590000+00:00,5.6,-10.756,165.057,Solomon Islands,168.8,0,25.0,swarm
1348,3019,8,2022-12-26 05:27:53.482000+00:00,2023-01-06 20:01:10.139000+00:00,11.6,us6000jbqu,2022-12-26 05:27:53.482000+00:00,5.5,-19.2301,-177.561,Fiji,169.1,0,0.0,aftershock sequence
1349,3027,8,2023-01-18 04:21:57.568000+00:00,2023-01-31 00:43:15.559000+00:00,12.8,us6000jj05,2023-01-24 20:25:34.695000+00:00,5.3,34.8772,14.3112,Malta,16.0,0,62.5,swarm
1350,2501,8,2019-09-29 02:02:51.883000+00:00,2019-10-12 15:51:06.854000+00:00,13.6,us70005nbb,2019-09-29 02:02:51.883000+00:00,6.2,5.6756,126.5481,Philippines,15.0,0,0.0,aftershock sequence
1351,1291,8,2011-06-30 04:29:49.400000+00:00,2011-07-05 18:44:43.180000+00:00,5.6,usp000j3zh,2011-06-30 09:09:18.260000+00:00,5.7,-23.535,-175.849,Tonga,106.5,0,25.0,swarm
1352,3368,8,2025-07-04 05:33:51.401000+00:00,2025-07-06 01:33:30.996000+00:00,1.8,us7000qavc,2025-07-05 19:42:20.755000+00:00,5.5,6.2844,95.0881,Indonesia,42.6,0,50.0,swarm
1353,2870,8,2022-02-22 16:13:52.258000+00:00,2022-03-08 05:26:39.525000+00:00,13.6,us6000h1en,2022-02-25 03:03:30.454000+00:00,4.8,-32.8989,-178.4561,Kermadec Islands,127.6,0,12.5,aftershock sequence
1354,1321,8,2011-09-20 06:05:36.080000+00:00,2011-10-02 00:25:16.190000+00:00,11.8,usp000j8am,2011-09-20 06:05:36.080000+00:00,5.2,-38.189,-17.075,Mid-Atlantic Ridge,97.9,0,0.0,aftershock sequence
1355,1334,8,2011-10-21 08:17:12+00:00,2011-10-27 07:26:27.690000+00:00,6.0,usp000j9nd,2011-10-21 15:40:13.140000+00:00,4.9,11.908,44.147,Djibouti,41.0,0,25.0,swarm
1356,2461,8,2019-06-10 00:51:58.519000+00:00,2019-06-23 11:37:48.142000+00:00,13.4,us600041e2,2019-06-16 12:35:47.757000+00:00,4.9,-15.1219,-174.5796,Tonga,157.6,0,50.0,swarm
1357,415,8,2004-08-25 06:06:15.880000+00:00,2004-09-04 23:56:35.550000+00:00,10.7,usp000d3je,2004-09-04 23:56:35.550000+00:00,5.9,-21.015,169.278,New Caledonia,225.0,0,87.5,swarm
1358,421,8,2004-09-10 17:20:05.120000+00:00,2004-09-23 19:24:30.880000+00:00,13.1,usp000d4xw,2004-09-23 19:24:30.880000+00:00,5.2,14.836,146.679,Northern Mariana Islands,88.7,0,87.5,swarm
1359,237,8,2002-11-23 03:55:48.980000+00:00,2002-12-04 16:49:07.710000+00:00,11.5,usp000bjfp,2002-11-26 22:46:13.810000+00:00,5.4,-21.091,-178.814,Fiji,132.0,0,12.5,aftershock sequence
1360,1708,8,2014-05-20 10:43:10.670000+00:00,2014-05-27 08:16:53.710000+00:00,6.9,usb000r2bj,2014-05-24 04:28:38.340000+00:00,4.9,-24.6472,-175.9324,Tonga,115.7,0,25.0,swarm
1361,1709,8,2014-05-22 03:30:57.490000+00:00,2014-05-26 08:52:20.960000+00:00,4.2,usb000qz7b,2014-05-22 05:22:54.630000+00:00,5.4,-11.1574,161.505,Solomon Islands,115.1,0,12.5,aftershock sequence
1362,1713,8,2014-05-23 07:28:32.020000+00:00,2014-06-02 08:19:34.080000+00:00,10.0,usb000r0z7,2014-05-23 09:06:57.580000+00:00,5.2,-6.9447,102.6381,Indonesia,177.1,0,25.0,swarm
1363,2888,8,2022-03-21 00:28:01.220000+00:00,2022-03-30 05:14:57.282000+00:00,9.2,us7000gwpf,2022-03-23 20:47:31.827000+00:00,5.4,-23.4763,-175.323,Tonga,70.2,0,62.5,swarm
1364,2515,8,2019-10-30 13:27:41.041000+00:00,2019-11-17 16:38:49.189000+00:00,18.1,us700063rx,2019-11-05 23:17:26.588000+00:00,6.0,-13.7988,167.7494,Vanuatu,119.1,0,12.5,aftershock sequence
1365,1279,8,2011-05-21 19:06:51.950000+00:00,2011-05-31 23:50:23.550000+00:00,10.2,usp000j1z7,2011-05-21 21:17:02.360000+00:00,5.9,-30.822,-178.17,New Zealand,104.3,0,12.5,aftershock sequence
1366,3465,8,2026-02-20 09:11:21.008000+00:00,2026-02-23 11:00:02.695000+00:00,3.1,us6000sams,2026-02-21 16:42:07.140000+00:00,5.9,-11.2749,162.3522,Solomon Islands,69.4,0,12.5,aftershock sequence
1367,3371,8,2025-07-11 14:09:51.404000+00:00,2025-07-25 22:55:41.483000+00:00,14.4,us6000qv7n,2025-07-25 21:29:58.920000+00:00,5.8,2.0241,126.873,Indonesia,109.7,0,75.0,swarm
1368,3006,8,2022-11-19 14:23:33.842000+00:00,2022-11-27 10:53:31.199000+00:00,7.9,us7000iref,2022-11-21 21:45:48.846000+00:00,5.2,55.5111,162.8576,Russia,29.9,0,12.5,aftershock sequence
1369,3011,8,2022-11-29 15:54:45.615000+00:00,2022-12-05 16:31:16.371000+00:00,6.0,us7000itb1,2022-11-29 15:54:45.615000+00:00,5.5,53.8201,-35.1544,Reykjanes Ridge,31.0,0,0.0,aftershock sequence
1370,2222,8,2017-10-20 09:29:17.210000+00:00,2017-10-24 00:05:47.870000+00:00,3.6,us1000avue,2017-10-23 08:32:32.530000+00:00,5.8,-52.3439,16.7811,Africa,88.5,0,25.0,swarm
1371,146,8,2002-01-22 20:15:06.360000+00:00,2002-01-26 17:52:16.580000+00:00,3.9,usp000ax39,2002-01-24 18:12:05.290000+00:00,5.7,3.533,95.658,Indonesia,48.1,0,50.0,swarm
1372,122,8,2001-10-07 02:10:54.740000+00:00,2001-10-11 07:55:51.260000+00:00,4.2,usp000aqbn,2001-10-07 02:21:09.810000+00:00,6.2,-3.296,142.934,Papua New Guinea,43.2,0,12.5,aftershock sequence
1373,1365,8,2012-01-05 16:47:08.100000+00:00,2012-01-20 08:29:04.260000+00:00,14.7,usp000jdcv,2012-01-12 05:37:28.760000+00:00,5.2,38.336,142.461,Japan,128.3,0,25.0,swarm
1374,1368,8,2012-01-13 17:49:10.120000+00:00,2012-01-16 18:20:50.470000+00:00,3.0,usp000jdet,2012-01-13 17:49:10.120000+00:00,5.1,-32.809,-178.566,Kermadec Islands,81.0,0,0.0,aftershock sequence
1375,2446,8,2019-04-22 23:00:12.908000+00:00,2019-04-28 17:33:26.981000+00:00,5.8,us70003ah3,2019-04-22 23:00:12.908000+00:00,4.7,51.7814,159.3676,Russia,64.3,0,0.0,aftershock sequence
1376,1245,8,2011-02-12 16:28:30.340000+00:00,2011-02-26 17:20:04.650000+00:00,14.0,usp000hujs,2011-02-15 19:01:03.400000+00:00,5.5,38.321,143.162,Japan,37.3,0,12.5,aftershock sequence
1377,870,8,2007-12-01 18:58:12.390000+00:00,2007-12-12 19:58:42.550000+00:00,11.0,usp000ftye,2007-12-06 21:43:47.010000+00:00,5.9,12.263,125.386,Philippines,100.7,0,12.5,aftershock sequence
1378,872,8,2007-12-13 05:20:21.850000+00:00,2007-12-17 14:29:47.670000+00:00,4.4,usp000fujd,2007-12-16 08:09:17.930000+00:00,6.7,-22.954,-70.182,Chile,68.2,1,75.0,swarm
1379,2526,8,2019-12-02 03:05:23.560000+00:00,2019-12-15 14:09:11.335000+00:00,13.5,us60006rsm,2019-12-15 14:09:11.335000+00:00,5.4,1.743,127.2823,Indonesia,123.5,0,87.5,swarm
1380,2530,8,2019-12-09 16:33:35.639000+00:00,2019-12-22 13:58:13.343000+00:00,12.9,us60006pbw,2019-12-09 17:59:47.902000+00:00,5.6,-52.8364,11.387,Africa,47.1,0,50.0,swarm
1381,2531,8,2019-12-03 19:16:49.958000+00:00,2019-12-19 04:55:21.490000+00:00,15.4,us60006ptp,2019-12-10 17:05:02.138000+00:00,5.8,30.7269,141.7195,Japan,104.3,0,12.5,aftershock sequence
1382,3351,8,2025-05-21 17:58:19.764000+00:00,2025-05-22 08:36:52.649000+00:00,0.6,us7000q0re,2025-05-22 08:34:36.774000+00:00,5.7,-37.4859,51.3609,South Indian Ocean,61.3,0,75.0,swarm
1383,1727,8,2014-06-22 07:11:02.930000+00:00,2014-06-23 22:23:47.140000+00:00,1.6,usc000rjyb,2014-06-22 07:11:02.930000+00:00,4.6,-10.6179,120.3201,Indonesia,40.0,0,0.0,aftershock sequence
1384,1748,8,2014-07-25 06:55:20.080000+00:00,2014-08-08 07:07:11.170000+00:00,14.0,usb000rx37,2014-07-25 08:32:40.500000+00:00,5.0,-25.4063,-175.2115,Tonga,82.6,0,12.5,aftershock sequence
1385,2145,8,2017-02-23 23:54:51.720000+00:00,2017-03-13 06:25:40.490000+00:00,17.3,us20008mky,2017-02-27 02:17:34.420000+00:00,4.8,39.3631,143.545,Japan,95.6,0,12.5,aftershock sequence
1386,1725,8,2014-06-19 09:38:36.080000+00:00,2014-06-27 03:50:54.310000+00:00,7.8,usb000rh54,2014-06-19 19:54:04.910000+00:00,5.8,-19.841,-70.8701,Chile,40.3,0,25.0,swarm
1387,253,8,2003-02-04 22:24:48.740000+00:00,2003-02-15 21:18:04.430000+00:00,11.0,usp000bq4s,2003-02-07 01:08:13.900000+00:00,5.2,-4.558,153.598,Papua New Guinea,107.0,0,37.5,swarm
1388,1268,8,2011-04-25 22:58:59.190000+00:00,2011-05-02 19:22:29.010000+00:00,6.8,usp000j0ws,2011-05-02 13:20:57.220000+00:00,5.5,-15.483,-174.343,Tonga,155.2,0,75.0,swarm
1389,1272,8,2011-05-10 15:15:23.800000+00:00,2011-05-15 23:25:06.190000+00:00,5.3,usp000j1nf,2011-05-15 18:37:10.370000+00:00,6.4,-6.104,154.414,Papua New Guinea,188.5,0,62.5,swarm
1390,1241,8,2011-02-01 03:27:12.870000+00:00,2011-02-11 00:48:29.040000+00:00,9.9,usp000hu22,2011-02-04 04:16:37.090000+00:00,5.3,22.577,143.595,Japan,175.2,0,25.0,swarm
1391,2447,8,2019-05-03 22:22:37.076000+00:00,2019-05-05 13:55:33.349000+00:00,1.6,us70003ghh,2019-05-03 22:22:37.076000+00:00,5.1,4.1072,126.6448,Philippines,53.1,0,0.0,aftershock sequence
1392,824,8,2007-08-18 19:38:49.320000+00:00,2007-08-21 16:20:32.730000+00:00,2.9,usp000fk5h,2007-08-19 00:04:31.290000+00:00,5.5,-60.39,-26.863,South Sandwich Islands,36.4,0,12.5,aftershock sequence
1393,796,8,2007-07-03 11:32:28.440000+00:00,2007-07-06 15:58:50.690000+00:00,3.2,usp000ffks,2007-07-06 15:58:50.690000+00:00,5.0,-34.308,-178.496,Kermadec Islands,20.8,0,87.5,swarm
1394,2433,8,2019-03-27 03:10:06.857000+00:00,2019-04-11 14:52:01.580000+00:00,15.5,us2000kapt,2019-04-05 10:28:04.509000+00:00,5.1,-12.7149,45.4442,Mayotte,41.9,0,75.0,swarm
1395,1372,8,2012-01-18 01:19:36.450000+00:00,2012-01-24 22:38:35.300000+00:00,6.9,usp000jdn4,2012-01-18 12:50:20.530000+00:00,5.8,-0.877,126.829,Indonesia,20.4,0,12.5,aftershock sequence
1396,1354,8,2011-12-23 00:58:38.310000+00:00,2011-12-23 17:37:30.390000+00:00,0.7,usp000jch9,2011-12-23 02:18:03.730000+00:00,5.9,-43.53,172.743,New Zealand,17.8,0,37.5,swarm
1397,466,8,2005-01-04 15:22:22.560000+00:00,2005-01-21 17:54:34.930000+00:00,17.1,usp000ddyd,2005-01-21 17:54:34.930000+00:00,5.9,5.186,125.245,Philippines,244.2,0,87.5,swarm
1398,1764,8,2014-08-18 15:40:47.180000+00:00,2014-08-28 15:04:50.580000+00:00,10.0,usb000s5w9,2014-08-24 20:21:23.550000+00:00,5.5,-55.323,-28.5152,South Sandwich Islands,75.4,0,37.5,swarm
1399,2123,8,2017-01-14 06:11:40.920000+00:00,2017-01-14 21:19:29.710000+00:00,0.6,us10007t8x,2017-01-14 06:11:40.920000+00:00,5.9,-18.6205,176.2365,Fiji,30.4,0,0.0,aftershock sequence
1400,2860,8,2022-02-02 05:32:32.230000+00:00,2022-02-06 13:08:25.043000+00:00,4.3,us7000gh89,2022-02-02 05:32:32.230000+00:00,5.6,-27.7569,-176.3267,Kermadec Islands,39.5,0,0.0,aftershock sequence
1401,2862,8,2022-02-07 10:58:24.222000+00:00,2022-02-16 05:41:57.391000+00:00,8.8,us7000gk21,2022-02-11 16:43:10.201000+00:00,5.3,23.9813,122.2835,Taiwan,76.0,0,37.5,swarm
1402,2543,8,2019-12-21 04:29:08.162000+00:00,2020-01-09 13:41:21.911000+00:00,19.4,us70006raz,2019-12-26 19:04:30.049000+00:00,4.8,-17.3876,-178.7528,Fiji,119.6,0,12.5,aftershock sequence
1403,1232,8,2010-12-24 11:59:42.540000+00:00,2011-01-01 06:13:36.740000+00:00,7.8,usp000hsaa,2010-12-30 14:36:54.560000+00:00,5.6,-10.819,165.376,Solomon Islands,18.5,0,37.5,swarm
1404,1653,8,2014-01-19 00:52:36.200000+00:00,2014-01-27 08:54:11.850000+00:00,8.3,usb000m5l1,2014-01-21 10:50:01.670000+00:00,5.2,49.1629,156.063,Russia,48.1,0,50.0,swarm
1405,2245,8,2017-12-21 00:40:12.580000+00:00,2017-12-24 20:06:25.940000+00:00,3.8,us1000bu46,2017-12-21 03:00:18.550000+00:00,5.8,29.2899,142.6475,Japan,31.6,0,37.5,swarm
1406,665,8,2006-07-26 15:23:52.090000+00:00,2006-08-08 10:07:13.190000+00:00,12.8,usp000eppm,2006-07-27 11:16:40.370000+00:00,6.3,1.707,97.146,Indonesia,105.4,0,12.5,aftershock sequence
1407,3178,8,2024-01-12 22:32:14.165000+00:00,2024-01-24 06:27:18.261000+00:00,11.3,us6000m3e5,2024-01-12 22:32:14.165000+00:00,5.4,-22.7238,-175.4777,Tonga,94.3,0,0.0,aftershock sequence
1408,2900,8,2022-04-21 07:42:46.508000+00:00,2022-04-29 11:40:34.008000+00:00,8.2,us6000hf75,2022-04-21 07:42:46.508000+00:00,6.6,11.5537,-86.9604,Nicaragua,54.6,1,0.0,aftershock sequence
1409,1195,8,2010-08-01 03:59:46.100000+00:00,2010-08-20 18:05:32.280000+00:00,19.6,usp000hjb6,2010-08-17 10:43:57.450000+00:00,5.3,-30.042,-177.234,New Zealand,111.5,0,75.0,swarm
1410,2853,8,2022-01-14 09:05:41.461000+00:00,2022-01-17 00:35:22.130000+00:00,2.6,us7000gbu4,2022-01-14 09:05:41.461000+00:00,6.6,-6.86,105.2887,Indonesia,96.1,1,0.0,aftershock sequence
1411,2854,8,2022-01-18 03:20:29.294000+00:00,2022-01-31 16:14:36.054000+00:00,13.5,us7000ge0c,2022-01-21 20:43:45.453000+00:00,5.3,7.5552,126.5369,Philippines,171.3,0,25.0,swarm
1412,1237,8,2011-01-12 17:55:05.770000+00:00,2011-01-23 09:58:59.880000+00:00,10.7,usp000htbn,2011-01-19 05:20:00+00:00,5.3,-33.96,-72.453,Chile,115.6,0,37.5,swarm
1413,1215,8,2010-10-19 18:48:00.890000+00:00,2010-11-06 05:09:17.440000+00:00,17.4,usp000hnyy,2010-11-03 11:18:15.570000+00:00,6.0,-4.617,134.071,Indonesia,82.3,0,62.5,swarm
1414,266,8,2003-04-12 13:06:54.540000+00:00,2003-04-19 03:40:34.950000+00:00,6.6,usp000bv10,2003-04-12 13:06:54.540000+00:00,4.9,-4.296,152.635,Papua New Guinea,153.8,0,0.0,aftershock sequence
1415,3174,8,2024-01-01 08:02:01.200000+00:00,2024-01-12 01:06:54.282000+00:00,10.7,us6000m1j9,2024-01-03 21:12:54.145000+00:00,5.0,19.9265,145.3765,Northern Mariana Islands,87.8,0,25.0,swarm
1416,3183,8,2024-01-16 12:49:25.681000+00:00,2024-02-04 15:01:10.690000+00:00,19.1,us7000lu9q,2024-01-27 02:15:26.991000+00:00,5.4,-5.4377,147.0197,Papua New Guinea,126.8,0,50.0,swarm
1417,3192,8,2024-02-02 14:13:58.354000+00:00,2024-02-13 02:54:06.176000+00:00,10.5,us7000lxyv,2024-02-09 10:57:48.482000+00:00,6.1,-29.9268,-177.2323,New Zealand,111.7,0,25.0,swarm
1418,443,8,2004-11-09 23:58:23.650000+00:00,2004-11-14 09:56:25.830000+00:00,4.4,usp000d81v,2004-11-09 23:58:23.650000+00:00,6.9,-11.15,163.706,Solomon Islands,58.3,1,0.0,aftershock sequence
1419,1629,8,2013-12-04 17:36:55.420000+00:00,2013-12-19 11:09:43.310000+00:00,14.7,usc000lm7a,2013-12-17 17:02:01.800000+00:00,5.7,-20.7074,-178.6609,Fiji,120.8,0,62.5,swarm
1420,1633,8,2013-12-17 22:43:13.820000+00:00,2013-12-26 20:31:05.800000+00:00,8.9,usc000lml8,2013-12-17 22:43:13.820000+00:00,5.0,3.412,126.9174,Indonesia,39.6,0,0.0,aftershock sequence
1421,2909,8,2022-05-07 18:56:53.564000+00:00,2022-05-11 16:20:09.282000+00:00,3.9,us7000h7vi,2022-05-08 02:28:59.589000+00:00,5.2,3.6971,126.9085,Philippines,61.8,0,37.5,swarm
1422,2116,8,2016-12-21 16:43:56.770000+00:00,2016-12-24 17:57:31.490000+00:00,3.1,us10007lqe,2016-12-21 16:43:56.770000+00:00,5.9,21.5138,145.4081,Mariana Islands,122.7,0,0.0,aftershock sequence
1423,1757,8,2014-08-04 14:09:59.480000+00:00,2014-08-21 09:01:00.340000+00:00,16.8,usb000s4vh,2014-08-21 09:01:00.340000+00:00,5.1,-17.5593,-172.875,Tonga,122.3,0,87.5,swarm
1424,119,8,2001-09-11 14:56:50.920000+00:00,2001-09-17 17:23:13.190000+00:00,6.1,usp000ap03,2001-09-11 14:56:50.920000+00:00,6.5,-0.578,133.13,Indonesia,62.3,1,0.0,aftershock sequence
1425,3481,8,2026-03-20 03:35:07.903000+00:00,2026-03-30 04:04:11.258000+00:00,10.0,us7000s8mj,2026-03-30 01:12:30.515000+00:00,4.9,26.2532,128.8657,Japan,29.7,0,37.5,swarm
1426,3492,8,2026-04-21 21:01:53.616000+00:00,2026-04-26 10:18:53.594000+00:00,4.6,us6000ssgv,2026-04-24 01:52:00.021000+00:00,5.4,-34.5977,-179.2534,Kermadec Islands,103.9,0,62.5,swarm
1427,3496,8,2026-05-05 08:00:42.675000+00:00,2026-05-08 23:45:13.199000+00:00,3.7,us7000sidq,2026-05-05 08:00:42.675000+00:00,5.8,-36.6519,177.216,New Zealand,28.1,0,0.0,aftershock sequence
1428,478,8,2005-02-17 06:12:16.480000+00:00,2005-02-23 20:03:24+00:00,6.6,usp000dgt7,2005-02-23 11:33:52.900000+00:00,6.0,-6.245,150.66,Papua New Guinea,124.1,0,37.5,swarm
1429,2554,8,2020-01-13 14:15:46.187000+00:00,2020-01-29 04:27:56.075000+00:00,15.6,us600079q1,2020-01-18 02:25:15.920000+00:00,5.1,-29.0859,-176.2914,Kermadec Islands,62.8,0,37.5,swarm
1430,2561,8,2020-01-28 15:38:34.436000+00:00,2020-01-31 04:34:38.218000+00:00,2.5,us60007jzj,2020-01-30 11:21:36.743000+00:00,5.7,35.1817,27.7814,Greece,20.1,0,75.0,swarm
1431,2562,8,2020-01-28 19:32:55.673000+00:00,2020-01-30 18:58:40.951000+00:00,2.0,us60007iig,2020-01-28 21:55:16.450000+00:00,6.1,18.9457,-80.7411,Cayman Islands,22.9,0,25.0,swarm
1432,1404,8,2012-03-21 02:34:07.900000+00:00,2012-04-16 04:54:50.700000+00:00,26.1,usp000jhb2,2012-04-06 16:15:58.010000+00:00,6.1,-4.551,153.457,Papua New Guinea,109.6,0,62.5,swarm
1433,2401,8,2019-01-21 23:59:23.860000+00:00,2019-01-23 14:47:55.870000+00:00,1.6,us2000j73a,2019-01-22 05:10:03.480000+00:00,6.3,-10.4148,119.0165,Indonesia,33.3,0,50.0,swarm
1434,1417,8,2012-04-27 19:22:22.280000+00:00,2012-05-04 06:29:41.690000+00:00,6.5,usp000jjr0,2012-04-28 19:21:03.110000+00:00,5.6,-5.328,152.11,Papua New Guinea,30.7,0,12.5,aftershock sequence
1435,1425,8,2012-05-23 13:12:03.440000+00:00,2012-06-07 12:15:40.600000+00:00,15.0,usp000jm3k,2012-05-29 18:17:33.290000+00:00,4.8,0.262,92.227,Sumatra,130.6,0,50.0,swarm
1436,787,8,2007-06-16 00:32:26.490000+00:00,2007-06-25 17:10:13.870000+00:00,9.7,usp000fek5,2007-06-22 17:32:44.740000+00:00,5.5,-11.597,166.312,Solomon Islands,125.2,0,37.5,swarm
1437,788,8,2007-06-20 14:00:27.780000+00:00,2007-06-20 18:12:30.040000+00:00,0.2,usp000feef,2007-06-20 14:00:27.780000+00:00,5.1,35.193,141.134,Japan,53.8,0,0.0,aftershock sequence
1438,789,8,2007-06-19 08:38:32.540000+00:00,2007-07-05 14:51:47.210000+00:00,16.3,usp000fefu,2007-06-21 04:39:16.360000+00:00,5.3,46.483,153.316,Kuril Islands,66.5,0,12.5,aftershock sequence
1439,3234,8,2024-05-14 15:07:59.923000+00:00,2024-05-26 06:17:05.451000+00:00,11.6,us6000myih,2024-05-14 15:07:59.923000+00:00,5.6,-54.8785,-129.1774,Pacific-Antarctic Ridge,85.3,0,0.0,aftershock sequence
1440,3053,8,2023-03-09 00:25:27.227000+00:00,2023-03-22 02:25:39.078000+00:00,13.1,us7000jlvb,2023-03-22 02:25:39.078000+00:00,5.3,-59.579,-26.2275,South Sandwich Islands,133.7,0,87.5,swarm
1441,2112,8,2016-12-12 14:42:26.930000+00:00,2016-12-21 01:04:51.620000+00:00,8.4,us200082i5,2016-12-19 07:11:39.570000+00:00,5.4,0.8754,-79.7079,Ecuador,11.0,0,25.0,swarm
1442,2855,8,2022-01-22 02:26:13.323000+00:00,2022-01-29 14:36:08.512000+00:00,7.5,us7000ge38,2022-01-22 02:26:13.323000+00:00,6.0,3.6724,126.6596,Philippines,27.6,0,0.0,aftershock sequence
1443,1205,8,2010-09-08 17:39:40.480000+00:00,2010-09-17 23:12:24.880000+00:00,9.2,usp000hkfb,2010-09-08 17:39:40.480000+00:00,5.5,44.588,149.724,Russia,100.5,0,0.0,aftershock sequence
1444,2578,8,2020-03-26 01:46:03.331000+00:00,2020-03-26 06:13:08.404000+00:00,0.2,us70008g8q,2020-03-26 05:58:33.954000+00:00,5.0,-19.7794,-11.7802,Mid-Atlantic Ridge,46.0,0,62.5,swarm
1445,1182,8,2010-06-27 12:58:05.340000+00:00,2010-07-02 08:07:20.570000+00:00,4.8,usp000henr,2010-06-28 18:19:07.700000+00:00,5.8,-8.947,160.863,Solomon Islands,22.4,0,50.0,swarm
1446,1161,8,2010-03-09 14:06:52.270000+00:00,2010-03-11 11:48:05.550000+00:00,1.9,usp000h90k,2010-03-09 14:06:52.270000+00:00,5.8,51.489,-173.531,Alaska,21.8,0,0.0,aftershock sequence
1447,1174,8,2010-05-21 05:48:55.410000+00:00,2010-05-23 14:08:10.620000+00:00,2.3,usp000hd1q,2010-05-22 09:58:56.270000+00:00,5.2,-20.613,168.417,New Caledonia,20.9,0,75.0,swarm
1448,3319,8,2025-02-22 22:49:31.294000+00:00,2025-03-08 19:06:40.805000+00:00,13.8,us7000pfir,2025-02-22 22:49:31.294000+00:00,5.0,-23.8225,-175.4707,Tonga,112.2,0,0.0,aftershock sequence
1449,283,8,2003-06-15 19:24:33.150000+00:00,2003-06-24 11:21:30.540000+00:00,8.7,usp000c0rc,2003-06-23 12:12:34.470000+00:00,6.9,51.439,176.783,Alaska,27.1,2,25.0,swarm
1450,2262,8,2018-02-16 23:39:39.280000+00:00,2018-03-01 15:41:54.750000+00:00,12.7,us2000d3km,2018-02-16 23:39:39.280000+00:00,7.2,16.3855,-97.9787,Mexico,78.5,1,0.0,aftershock sequence
1451,1595,8,2013-09-30 05:55:55.220000+00:00,2013-10-11 21:25:00.010000+00:00,11.6,usb000k2h2,2013-09-30 05:55:55.220000+00:00,6.5,-30.9255,-178.3234,New Zealand,67.5,1,0.0,aftershock sequence
1452,1600,8,2013-10-10 01:26:24.680000+00:00,2013-10-13 07:22:33.660000+00:00,3.2,usb000kb4l,2013-10-11 19:34:33.530000+00:00,4.9,52.5889,160.5673,Russia,37.8,0,75.0,swarm
1453,1579,8,2013-08-11 12:40:05.960000+00:00,2013-08-12 08:09:38.190000+00:00,0.8,usb000j0t5,2013-08-11 21:23:41.310000+00:00,5.7,30.0464,97.9565,China,11.7,0,37.5,swarm
1454,2620,8,2020-07-17 05:01:13.351000+00:00,2020-07-20 22:52:49.020000+00:00,3.7,us7000aqaw,2020-07-17 14:03:40.437000+00:00,6.1,11.8485,94.9362,India,34.4,0,37.5,swarm
1455,2096,8,2016-11-09 04:33:00.130000+00:00,2016-11-25 11:01:44.180000+00:00,16.3,us10007c8x,2016-11-25 11:01:44.180000+00:00,5.1,-31.9595,-178.6787,Kermadec Islands,147.6,0,87.5,swarm
1456,1785,8,2014-10-09 22:23:28.230000+00:00,2014-10-19 15:45:25.170000+00:00,9.7,usb000skl2,2014-10-10 07:33:07.390000+00:00,5.1,44.1831,149.0673,Russia,45.2,0,12.5,aftershock sequence
1457,1790,8,2014-10-16 09:24:30.580000+00:00,2014-10-28 00:44:03.060000+00:00,11.6,usb000sp75,2014-10-20 16:34:22.370000+00:00,5.3,-15.5429,-173.2368,Tonga,142.3,0,37.5,swarm
1458,3034,8,2023-02-04 02:48:45.563000+00:00,2023-02-10 18:20:54.332000+00:00,6.6,us6000jmnk,2023-02-09 06:27:58.161000+00:00,5.1,-2.598,140.5588,Indonesia,53.9,0,75.0,swarm
1459,3037,8,2023-02-10 13:34:10.579000+00:00,2023-02-20 18:20:04.339000+00:00,10.2,us6000jp0q,2023-02-15 02:13:12.620000+00:00,5.3,8.0014,-37.0823,Mid-Atlantic Ridge,125.2,0,12.5,aftershock sequence
1460,3038,8,2023-02-16 11:16:23.677000+00:00,2023-03-01 07:20:23.043000+00:00,12.8,us6000jqcn,2023-02-20 17:04:29.747000+00:00,6.3,36.1616,36.0251,Turkey,28.4,0,25.0,swarm
1461,3242,8,2024-06-08 16:52:06.898000+00:00,2024-06-17 14:05:10.679000+00:00,8.9,us7000mt0e,2024-06-17 14:05:10.679000+00:00,5.6,-19.0015,-172.7677,Tonga,131.6,0,87.5,swarm
1462,3250,8,2024-06-28 17:03:35.353000+00:00,2024-07-05 04:50:31.145000+00:00,6.5,us7000mwyi,2024-07-03 23:20:52.972000+00:00,5.2,-34.3912,-178.5225,Kermadec Islands,144.4,0,75.0,swarm
1463,287,8,2003-07-01 03:01:25.480000+00:00,2003-07-07 22:27:27.730000+00:00,6.8,usp000c1xd,2003-07-07 19:55:00.460000+00:00,5.6,20.372,122.001,Philippines,107.3,0,37.5,swarm
1464,2839,8,2021-12-09 00:18:35.125000+00:00,2021-12-18 12:27:18.787000+00:00,9.5,us6000gcdz,2021-12-15 13:11:42.353000+00:00,5.0,10.1759,126.3021,Philippines,52.3,0,62.5,swarm
1465,76,8,2001-02-14 14:04:25.610000+00:00,2001-02-20 14:03:43.480000+00:00,6.0,usp000a9mw,2001-02-14 14:16:59.180000+00:00,6.2,-19.691,177.39,Fiji,85.7,0,12.5,aftershock sequence
1466,87,8,2001-04-28 02:01:23.480000+00:00,2001-05-04 07:29:21.050000+00:00,6.2,usp000aebn,2001-05-03 04:31:57.060000+00:00,5.8,0.462,126.299,Indonesia,171.2,0,25.0,swarm
1467,2616,8,2020-07-06 08:07:12.502000+00:00,2020-07-18 16:03:06.493000+00:00,12.3,us7000aqwd,2020-07-18 15:32:36.835000+00:00,6.1,-15.2553,-172.694,Tonga,141.9,0,75.0,swarm
1468,1146,8,2010-01-26 15:22:06.230000+00:00,2010-01-28 03:04:41.330000+00:00,1.5,usp000h6p7,2010-01-27 12:31:35.990000+00:00,5.4,-38.904,-15.829,Tristan da Cunha,39.7,0,62.5,swarm
1469,1151,8,2010-02-10 07:18:29.350000+00:00,2010-02-12 08:01:09.410000+00:00,2.0,usp000h74t,2010-02-10 07:18:29.350000+00:00,5.5,-7.048,154.855,Papua New Guinea,54.3,0,0.0,aftershock sequence
1470,1820,8,2014-12-28 01:33:12.100000+00:00,2014-12-30 21:53:58.550000+00:00,2.8,usc000tasc,2014-12-30 13:13:36.330000+00:00,5.0,9.8986,126.2261,Philippines,74.2,0,37.5,swarm
1471,1825,8,2015-01-07 12:27:16+00:00,2015-01-13 20:03:58.210000+00:00,6.3,usc000tfcj,2015-01-13 20:03:58.210000+00:00,5.2,-6.3915,147.0644,Papua New Guinea,154.7,0,87.5,swarm
1472,1124,8,2009-11-26 15:12:47.470000+00:00,2009-12-06 03:37:53.340000+00:00,9.5,usp000h4na,2009-12-01 20:32:02.080000+00:00,5.2,2.866,126.719,Indonesia,162.5,0,50.0,swarm
1473,2636,8,2020-08-25 19:02:58.437000+00:00,2020-08-31 03:03:26.988000+00:00,5.3,us7000bcty,2020-08-25 19:08:52.908000+00:00,6.2,-5.5454,151.8365,Papua New Guinea,46.1,0,37.5,swarm
1474,2400,8,2019-01-18 15:02:53.810000+00:00,2019-01-25 08:29:17.680000+00:00,6.7,us2000j6hy,2019-01-20 01:32:52.480000+00:00,6.7,-30.0404,-71.3815,Chile,85.6,1,12.5,aftershock sequence
1475,190,8,2002-06-26 22:19:07.100000+00:00,2002-06-27 05:29:17.340000+00:00,0.3,usp000b6zw,2002-06-27 00:10:22.020000+00:00,5.0,-8.815,157.605,Solomon Islands,40.8,0,50.0,swarm
1476,745,8,2007-03-08 05:19:28.320000+00:00,2007-03-19 03:23:54.750000+00:00,10.9,usp000f6mg,2007-03-13 05:50:15.010000+00:00,5.5,4.174,126.755,Philippines,71.0,0,25.0,swarm
1477,936,8,2008-05-26 15:01:33.640000+00:00,2008-06-03 09:00:31.690000+00:00,7.7,usp000g7u8,2008-05-26 15:01:33.640000+00:00,5.6,8.423,-82.968,Panama,12.4,0,0.0,aftershock sequence
1478,909,8,2008-03-13 07:58:20.280000+00:00,2008-03-23 13:39:12.080000+00:00,10.2,usp000g1qt,2008-03-18 08:22:47.070000+00:00,6.2,-29.252,-177.44,New Zealand,131.9,0,25.0,swarm
1479,882,8,2008-01-05 10:39:14.290000+00:00,2008-01-09 14:40:00.960000+00:00,4.2,usp000fw0w,2008-01-05 11:01:06.110000+00:00,6.6,51.254,-130.746,Canada,53.3,1,12.5,aftershock sequence
1480,320,8,2003-10-23 00:25:45.950000+00:00,2003-11-17 01:35:47.510000+00:00,25.0,usp000cd16,2003-11-17 01:35:47.510000+00:00,5.2,50.188,87.652,Russia,56.7,0,87.5,swarm
1481,1102,8,2009-09-25 07:14:36.600000+00:00,2009-10-07 03:19:01.720000+00:00,11.8,usp000h237,2009-09-30 10:16:09.250000+00:00,7.6,-0.72,99.867,Indonesia,109.4,1,12.5,aftershock sequence
1482,3074,8,2023-04-25 16:18:40.001000+00:00,2023-05-05 08:04:13.767000+00:00,9.7,us7000jw5x,2023-04-27 01:55:29.909000+00:00,5.1,-58.3373,-23.7017,South Sandwich Islands,123.1,0,25.0,swarm
1483,1585,8,2013-08-27 20:44:53.360000+00:00,2013-09-03 14:32:36.760000+00:00,6.7,usb000je5n,2013-08-31 00:04:17.750000+00:00,5.6,28.2425,99.3502,China,14.0,0,25.0,swarm
1484,3459,8,2026-02-03 19:34:01.851000+00:00,2026-02-15 20:54:37.198000+00:00,12.1,us6000s7pk,2026-02-10 21:14:42.344000+00:00,5.6,-14.9714,-172.9639,Tonga,128.1,0,37.5,swarm
1485,2283,8,2018-05-03 20:30:56.470000+00:00,2018-05-05 01:20:27.840000+00:00,1.2,hv70116556,2018-05-04 22:32:54.650000+00:00,6.9,19.3181667,-154.9996667,Hawaii,35.2,1,25.0,swarm
1486,2950,8,2022-07-27 17:29:20.451000+00:00,2022-08-10 08:48:54.098000+00:00,13.6,us6000i5yp,2022-07-27 17:29:20.451000+00:00,5.5,-26.9952,-176.4446,Fiji Islands,57.3,0,0.0,aftershock sequence
1487,1483,8,2012-12-04 14:41:30.990000+00:00,2012-12-09 21:12:34.430000+00:00,5.3,usp000jwpn,2012-12-08 16:35:16.820000+00:00,5.6,-7.211,143.973,Papua New Guinea,36.7,0,37.5,swarm
1488,3290,8,2024-11-06 14:36:21.520000+00:00,2024-11-19 03:11:16.984000+00:00,12.5,us7000nrwz,2024-11-15 05:28:30.650000+00:00,6.6,-4.7548,153.2923,Papua New Guinea,89.6,1,25.0,swarm
1489,577,8,2005-12-19 13:33:23.410000+00:00,2005-12-29 08:30:34.480000+00:00,9.8,usp000e6ym,2005-12-26 13:48:01.750000+00:00,5.7,26.822,140.646,Japan,99.2,0,62.5,swarm
1490,1845,8,2015-02-14 05:52:52.670000+00:00,2015-03-05 19:48:16.550000+00:00,19.6,usc000tsa8,2015-02-22 13:02:16.300000+00:00,5.1,-17.9984,-178.3198,Fiji,68.4,0,25.0,swarm
1491,2059,8,2016-07-15 11:26:31.460000+00:00,2016-08-05 15:04:38.240000+00:00,21.2,us100068rp,2016-07-30 13:19:07.950000+00:00,5.6,-6.9459,155.8087,Papua New Guinea,82.4,0,62.5,swarm
1492,2069,8,2016-08-14 11:15:14.970000+00:00,2016-08-20 02:07:15.650000+00:00,5.6,us10006dr1,2016-08-14 11:15:14.970000+00:00,5.7,50.4696,142.2749,Russia,28.2,0,0.0,aftershock sequence
1493,2676,8,2020-12-19 09:35:16.245000+00:00,2020-12-24 08:08:57.693000+00:00,4.9,us6000d2ee,2020-12-24 04:19:14.712000+00:00,5.0,-55.9228,-26.1256,South Sandwich Islands,101.4,0,75.0,swarm
1494,1862,8,2015-04-13 14:37:50.200000+00:00,2015-04-21 14:33:12.640000+00:00,8.0,us200027mf,2015-04-19 12:06:36.500000+00:00,5.3,30.4707,142.7886,Japan,114.5,0,25.0,swarm
1495,1864,8,2015-04-13 17:13:57.400000+00:00,2015-04-27 15:14:55.200000+00:00,13.9,us200027ps,2015-04-20 01:42:58.380000+00:00,6.4,24.2026,122.3158,Japan,127.4,0,12.5,aftershock sequence
1496,3149,8,2023-11-11 23:15:22.358000+00:00,2023-11-30 07:22:36.669000+00:00,18.3,us6000lqa1,2023-11-23 15:37:08.536000+00:00,5.2,-21.9263,-68.4252,Chile,94.7,0,50.0,swarm
1497,919,8,2008-04-05 22:47:09.030000+00:00,2008-04-15 13:08:12.170000+00:00,9.6,usp000g3b2,2008-04-08 02:09:16.850000+00:00,5.5,12.59,143.788,Guam,83.3,0,12.5,aftershock sequence
1498,2689,8,2021-01-18 01:48:33.905000+00:00,2021-01-23 19:19:01.144000+00:00,5.7,us7000d18q,2021-01-19 02:46:22.380000+00:00,6.4,-31.8334,-68.7992,Argentina,100.6,0,12.5,aftershock sequence
1499,2383,8,2018-12-24 00:18:07.020000+00:00,2018-12-25 00:10:30.660000+00:00,1.0,us2000iwwp,2018-12-24 00:18:07.020000+00:00,5.6,34.0702,141.6992,Japan,29.8,0,0.0,aftershock sequence
1500,2369,8,2018-11-25 16:37:32.830000+00:00,2018-11-29 13:16:23.460000+00:00,3.9,us1000hwdw,2018-11-25 16:37:32.830000+00:00,6.3,34.3609,45.7443,Iran,32.5,0,0.0,aftershock sequence
1501,2372,8,2018-11-29 20:18:14.040000+00:00,2018-12-07 03:53:11.610000+00:00,7.3,us1000hy0k,2018-11-29 20:21:44.660000+00:00,5.8,0.2267,96.9976,Indonesia,41.2,0,12.5,aftershock sequence
1502,3412,8,2025-10-28 21:57:28.719000+00:00,2025-11-04 21:29:35.935000+00:00,7.0,us6000rkbx,2025-10-30 08:04:01.721000+00:00,5.0,-2.842,139.3141,Indonesia,84.8,0,12.5,aftershock sequence
1503,731,8,2007-02-17 06:31:20.080000+00:00,2007-02-17 17:46:28.180000+00:00,0.5,usp000f50t,2007-02-17 07:43:33.680000+00:00,5.7,-7.316,155.858,Papua New Guinea,21.5,0,12.5,aftershock sequence
1504,737,8,2007-02-23 04:16:15.220000+00:00,2007-02-27 22:23:06.470000+00:00,4.8,usp000f5m5,2007-02-25 15:00:41.150000+00:00,5.9,26.146,-110.421,Mexico,23.5,0,50.0,swarm
1505,2290,8,2018-05-12 08:45:22.320000+00:00,2018-05-24 01:04:25.990000+00:00,11.7,us1000e6hz,2018-05-16 17:22:17.290000+00:00,5.9,-33.781,-179.4968,Kermadec Islands,232.6,0,37.5,swarm
1506,2296,8,2018-05-27 06:16:32.520000+00:00,2018-05-30 09:15:27.920000+00:00,3.1,us1000ecwl,2018-05-27 06:16:32.520000+00:00,5.2,-15.8309,173.3878,Fiji,30.8,0,0.0,aftershock sequence
1507,1563,8,2013-06-18 12:05:26.010000+00:00,2013-07-09 08:54:53.090000+00:00,20.9,usc000hyhm,2013-06-23 15:19:24.930000+00:00,5.0,-4.997,151.327,Papua New Guinea,110.2,0,12.5,aftershock sequence
1508,3102,8,2023-06-28 14:42:03.570000+00:00,2023-07-10 22:44:53.703000+00:00,12.3,us6000kpxx,2023-07-03 20:57:45.120000+00:00,5.7,-13.3934,166.4775,Vanuatu,99.2,0,25.0,swarm
1509,2034,8,2016-06-04 10:44:08.890000+00:00,2016-06-12 01:35:41.100000+00:00,7.6,us200062l9,2016-06-07 19:15:15.330000+00:00,6.3,1.2789,126.3712,Indonesia,162.8,0,37.5,swarm
1510,1873,8,2015-05-13 19:18:07.690000+00:00,2015-05-19 10:48:50.600000+00:00,5.6,us100028t2,2015-05-13 19:18:07.690000+00:00,5.1,-35.429,-178.5109,North Island of New Zealand,94.0,0,0.0,aftershock sequence
1511,2703,8,2021-02-18 15:30:47.991000+00:00,2021-02-28 06:11:33.050000+00:00,9.6,us6000dip3,2021-02-18 15:30:47.991000+00:00,6.1,-14.8373,-176.7574,Wallis and Futuna,123.5,0,0.0,aftershock sequence
1512,361,8,2004-03-19 15:11:33.930000+00:00,2004-03-19 21:08:20.680000+00:00,0.2,usp000cqd6,2004-03-19 20:42:00.310000+00:00,5.7,-34.5,55.28,Southwest Indian Ridge,93.4,0,75.0,swarm
1513,946,8,2008-06-19 00:36:45.700000+00:00,2008-06-28 09:31:00.300000+00:00,9.4,usp000gaj1,2008-06-25 15:41:28+00:00,5.7,-5.266,151.69,Papua New Guinea,82.8,0,62.5,swarm
1514,1570,8,2013-07-10 18:18:03.370000+00:00,2013-07-23 02:03:47.470000+00:00,12.3,usb000ihw9,2013-07-19 16:39:18.640000+00:00,5.5,37.5,141.625,Japan,242.3,0,75.0,swarm
1515,1576,8,2013-08-06 16:46:18.250000+00:00,2013-08-09 01:36:10.820000+00:00,2.4,usb000iwi8,2013-08-06 16:46:18.250000+00:00,5.7,-16.8575,167.3184,Vanuatu,21.3,0,0.0,aftershock sequence
1516,2972,8,2022-09-19 18:05:08.217000+00:00,2022-09-23 18:25:59.283000+00:00,4.0,us7000i9bw,2022-09-19 18:05:08.217000+00:00,7.6,18.4552,-102.9561,Mexico,90.6,2,0.0,aftershock sequence
1517,2979,8,2022-09-28 01:12:24.631000+00:00,2022-10-04 18:16:11.614000+00:00,6.7,us6000inv0,2022-09-28 01:12:24.631000+00:00,5.2,9.3796,126.6106,Philippines,175.1,0,0.0,aftershock sequence
1518,718,8,2006-12-30 08:30:49.790000+00:00,2007-01-01 04:55:23.140000+00:00,1.9,usp000f1ab,2006-12-30 08:30:49.790000+00:00,6.6,13.313,51.365,Yemen,74.0,1,0.0,aftershock sequence
1519,2348,8,2018-10-17 03:39:15.330000+00:00,2018-10-17 07:00:15.220000+00:00,0.1,us1000hd7h,2018-10-17 03:57:24.690000+00:00,5.5,-43.6202,-16.3319,Mid-Atlantic Ridge,40.3,0,37.5,swarm
1520,1501,8,2013-01-20 21:25:06.230000+00:00,2013-01-24 21:23:02.640000+00:00,4.0,usp000jyn6,2013-01-20 23:32:22.460000+00:00,5.5,53.873,-35.127,Reykjanes Ridge,85.1,0,50.0,swarm
1521,1508,8,2013-01-30 02:29:17.680000+00:00,2013-01-31 04:11:14.010000+00:00,1.1,usc000ey1i,2013-01-30 02:32:19.080000+00:00,5.4,10.55,126.689,Philippines,42.8,0,12.5,aftershock sequence
1522,3520,8,2026-06-28 07:05:47.446000+00:00,2026-07-12 03:04:08.792000+00:00,13.8,us6000t8sl,2026-06-28 07:05:47.446000+00:00,5.1,-14.8593,167.3051,Vanuatu,91.5,0,0.0,aftershock sequence
1523,584,8,2006-01-05 18:01:52.260000+00:00,2006-01-13 23:54:48.450000+00:00,8.2,usp000e85n,2006-01-13 10:49:54.500000+00:00,5.1,0.982,97.532,Indonesia,142.9,0,50.0,swarm
1524,565,8,2005-11-16 23:16:01.620000+00:00,2005-12-01 03:30:58.350000+00:00,14.2,usp000e4j8,2005-11-20 12:53:02.950000+00:00,6.2,53.843,-164.093,Alaska,86.3,0,12.5,aftershock sequence
1525,2811,8,2021-10-08 16:34:54.399000+00:00,2021-10-17 05:18:52.142000+00:00,8.5,us6000ftd2,2021-10-09 20:01:51.708000+00:00,5.5,-4.6376,152.9931,Papua New Guinea,81.7,0,25.0,swarm
1526,1881,8,2015-05-28 20:18:50.300000+00:00,2015-06-11 12:03:34.910000+00:00,13.7,us20002ksc,2015-05-31 06:40:53.880000+00:00,5.0,-7.3677,154.8464,Papua New Guinea,118.3,0,25.0,swarm
1527,3104,8,2023-07-08 19:47:11.473000+00:00,2023-07-09 08:16:35.669000+00:00,0.5,us6000kr0e,2023-07-08 19:47:11.473000+00:00,5.6,21.9267,121.5692,Taiwan,26.6,0,0.0,aftershock sequence
1528,2734,8,2021-04-27 02:12:50.107000+00:00,2021-04-27 22:11:18.456000+00:00,0.8,us7000dxsy,2021-04-27 08:05:31.717000+00:00,6.1,-3.407,145.5171,Papua New Guinea,69.0,0,25.0,swarm
1529,1895,8,2015-07-09 02:16:13.240000+00:00,2015-07-13 23:44:44.550000+00:00,4.9,us20002x43,2015-07-13 11:14:04.200000+00:00,5.0,11.9371,46.3703,Yemen,33.9,0,25.0,swarm
1530,2006,8,2016-03-31 12:30:29.950000+00:00,2016-04-10 22:36:48.720000+00:00,10.4,us20005dts,2016-04-01 01:01:43.180000+00:00,5.3,12.0103,143.8174,Guam,115.2,0,25.0,swarm
1531,1934,8,2015-09-25 21:43:39.010000+00:00,2015-09-29 16:29:24.690000+00:00,3.8,us20003p94,2015-09-25 22:58:40.260000+00:00,5.2,16.9923,145.896,Northern Mariana Islands,31.9,0,25.0,swarm
1532,2019,8,2016-04-23 19:50:56.320000+00:00,2016-05-02 11:40:54.850000+00:00,8.7,us20005ldk,2016-04-24 08:37:59.850000+00:00,5.5,-59.3074,-27.027,South Sandwich Islands,87.2,0,12.5,aftershock sequence
1533,1900,8,2015-07-15 07:07:55.440000+00:00,2015-07-16 17:15:51.790000+00:00,1.4,us20002xkh,2015-07-15 08:01:07.470000+00:00,4.8,33.3473,139.4185,Japan,31.9,0,37.5,swarm
1534,2740,8,2021-05-14 06:33:07.879000+00:00,2021-05-17 12:21:56.803000+00:00,3.2,us7000e2zt,2021-05-14 06:33:07.879000+00:00,6.7,0.1364,96.6442,Indonesia,61.1,1,0.0,aftershock sequence
1535,1511,8,2013-02-02 18:31:36.580000+00:00,2013-02-08 00:17:41.130000+00:00,5.2,usc000f056,2013-02-02 18:31:36.580000+00:00,5.5,29.336,141.992,Japan,21.9,0,0.0,aftershock sequence
1536,2990,8,2022-10-12 23:51:30.910000+00:00,2022-10-30 01:49:59.771000+00:00,17.1,us6000iurl,2022-10-19 04:19:10.177000+00:00,5.1,2.1377,128.421,Indonesia,127.8,0,25.0,swarm
1537,2307,8,2018-07-18 01:20:18.670000+00:00,2018-07-25 12:10:51.770000+00:00,7.5,us2000g7um,2018-07-18 09:38:11.340000+00:00,5.1,-3.4664,145.2356,Papua New Guinea,125.8,0,12.5,aftershock sequence
1538,2308,8,2018-07-19 12:23:35.660000+00:00,2018-07-28 00:15:49.920000+00:00,8.5,us2000g8qi,2018-07-19 12:23:35.660000+00:00,5.4,-9.5608,112.8231,Indonesia,51.2,0,0.0,aftershock sequence
1539,2319,8,2018-08-15 19:28:02.430000+00:00,2018-08-29 18:44:44.780000+00:00,14.0,us1000ghgp,2018-08-26 05:43:25.350000+00:00,5.2,-5.0508,152.143,Papua New Guinea,159.4,0,75.0,swarm
1540,979,8,2008-09-10 11:00:34.090000+00:00,2008-09-18 02:10:21.400000+00:00,7.6,usp000ggsg,2008-09-10 11:00:34.090000+00:00,6.1,26.743,55.828,Iran,46.7,0,0.0,aftershock sequence
1541,980,8,2008-09-11 00:20:50.920000+00:00,2008-09-15 07:53:01.640000+00:00,4.3,usp000ggu8,2008-09-11 00:20:50.920000+00:00,6.8,41.892,143.754,Japan,88.0,1,0.0,aftershock sequence
1542,2763,8,2021-07-06 10:26:34.871000+00:00,2021-07-15 23:29:26.369000+00:00,9.5,us7000elqb,2021-07-13 22:52:05.233000+00:00,5.2,23.902,121.6227,Taiwan,11.3,0,50.0,swarm
1543,988,8,2008-09-26 20:00:51.810000+00:00,2008-10-05 06:14:39.370000+00:00,8.4,usp000gj6h,2008-10-02 23:28:09.120000+00:00,5.8,-23.019,169.861,New Caledonia,98.7,0,25.0,swarm
1544,369,8,2004-04-10 20:56:58.690000+00:00,2004-04-17 00:44:37.740000+00:00,6.2,usp000csps,2004-04-16 21:57:05.410000+00:00,6.0,-5.214,102.718,Indonesia,102.4,0,25.0,swarm
1545,352,8,2004-02-13 05:33:40.140000+00:00,2004-02-23 15:29:47+00:00,10.4,usp000cmvx,2004-02-23 15:16:16.770000+00:00,5.1,-16.565,-174.779,Tonga,82.0,0,62.5,swarm
1546,356,8,2004-02-26 13:35:16.190000+00:00,2004-03-04 01:01:04.810000+00:00,6.5,usp000cnck,2004-02-26 13:35:16.190000+00:00,5.6,-27.781,-176.54,Kermadec Islands,23.6,0,0.0,aftershock sequence
1547,2338,8,2018-09-25 03:50:12.340000+00:00,2018-10-12 00:14:27.110000+00:00,16.9,us1000h7cn,2018-10-04 23:58:48.760000+00:00,5.0,42.5988,142.0359,Japan,103.6,0,50.0,swarm
1548,3436,8,2025-12-21 05:25:25.421000+00:00,2025-12-29 11:40:07.886000+00:00,8.3,us6000rwea,2025-12-21 23:07:31.508000+00:00,5.3,-5.5178,151.7579,Papua New Guinea,80.9,0,25.0,swarm
1549,3437,8,2025-12-18 14:56:19.399000+00:00,2026-01-05 07:22:57.642000+00:00,17.7,us6000rwe5,2025-12-21 22:25:37.235000+00:00,4.8,-55.3529,-27.4001,South Sandwich Islands,132.0,0,12.5,aftershock sequence
1550,728,8,2007-02-10 00:10:13.040000+00:00,2007-02-18 12:26:10.910000+00:00,8.5,usp000f4vu,2007-02-14 19:49:58.700000+00:00,5.7,0.432,97.308,Indonesia,121.8,0,37.5,swarm
1551,2959,8,2022-08-28 17:04:39.757000+00:00,2022-08-29 13:09:53.874000+00:00,0.8,us7000i38s,2022-08-29 03:29:13.691000+00:00,6.2,-0.988,98.6046,Indonesia,17.8,0,25.0,swarm
1552,2963,8,2022-09-04 14:11:10.458000+00:00,2022-09-06 22:39:32.788000+00:00,2.4,us7000i552,2022-09-04 14:58:22.340000+00:00,5.2,32.3763,142.4687,Japan,25.1,0,12.5,aftershock sequence
1553,2968,8,2022-09-10 23:47:00.233000+00:00,2022-09-19 17:29:39.030000+00:00,8.7,us6000iitd,2022-09-10 23:47:00.233000+00:00,7.6,-6.2944,146.5038,Papua New Guinea,118.7,1,0.0,aftershock sequence
1554,698,8,2006-10-23 21:17:19.980000+00:00,2006-10-29 08:41:52.890000+00:00,5.5,usp000evvx,2006-10-23 21:17:19.980000+00:00,6.4,29.351,140.27,Japan,100.2,0,0.0,aftershock sequence
1555,707,8,2006-11-11 17:16:12.400000+00:00,2006-11-25 15:15:14.070000+00:00,13.9,usp000eyr7,2006-11-24 19:55:01.040000+00:00,5.7,-23.422,-175.572,Tonga,93.4,0,75.0,swarm
1556,53,8,2000-10-27 03:53:05.820000+00:00,2000-10-31 05:21:03.480000+00:00,4.1,usp000a2rf,2000-10-30 23:23:10.350000+00:00,5.2,32.742,92.237,China,20.6,0,50.0,swarm
1557,3,7,2000-02-09 13:48:10.740000+00:00,2000-02-11 22:41:59.570000+00:00,2.4,usp0009na5,2000-02-10 14:18:41.290000+00:00,5.6,-27.585,65.728,Indian Ocean Triple Junction,36.5,0,42.9,swarm
1558,3531,7,2026-07-11 22:03:56.119000+00:00,2026-07-21 04:40:40.159000+00:00,9.3,us7000t1py,2026-07-19 00:39:44.621000+00:00,5.1,51.513,159.5305,Russia,79.0,0,57.1,swarm
1559,1969,7,2015-12-07 01:47:08.470000+00:00,2015-12-22 16:22:19.980000+00:00,15.6,us100044iy,2015-12-07 01:47:08.470000+00:00,5.4,-30.135,-177.6017,New Zealand,79.1,0,0.0,aftershock sequence
1560,3556,7,2026-08-30 03:55:29.362000+00:00,2026-09-04 06:45:54.513000+00:00,5.1,us7000tdrv,2026-09-02 23:46:56.213000+00:00,6.2,-56.0727,-27.8507,South Sandwich Islands,108.9,0,42.9,swarm
1561,3553,7,2026-08-22 01:34:57.440000+00:00,2026-08-28 19:09:30.809000+00:00,6.7,us6000tmq6,2026-08-22 01:34:57.440000+00:00,5.3,-12.7437,-14.759,Mid-Atlantic Ridge,43.0,0,0.0,aftershock sequence
1562,1974,7,2015-12-23 16:55:09.460000+00:00,2015-12-25 12:00:58.950000+00:00,1.8,us1000493b,2015-12-23 16:55:09.460000+00:00,5.8,-54.1759,-1.4943,Bouvet Island,78.7,0,0.0,aftershock sequence
1563,1972,7,2015-12-20 07:29:11.010000+00:00,2016-01-01 15:02:16.740000+00:00,12.3,us10004aqy,2016-01-01 15:02:16.740000+00:00,5.8,-28.6278,-177.281,Kermadec Islands,146.8,0,85.7,swarm
1564,1971,7,2015-12-14 02:15:18.100000+00:00,2015-12-25 08:55:08.880000+00:00,11.3,us20004h6f,2015-12-14 22:56:17.210000+00:00,5.0,-5.4132,153.0664,Papua New Guinea,180.9,0,28.6,swarm
1565,982,7,2008-09-19 17:29:52.710000+00:00,2008-09-23 15:20:10.330000+00:00,3.9,usp000ghc3,2008-09-19 18:34:17.880000+00:00,5.2,-23.885,-175.928,Tonga,122.1,0,14.3,aftershock sequence
1566,2762,7,2021-07-05 16:38:37.229000+00:00,2021-07-11 22:09:58.328000+00:00,6.2,us6000etnm,2021-07-05 16:38:37.229000+00:00,4.6,-29.7596,-177.0707,New Zealand,216.2,0,0.0,aftershock sequence
1567,986,7,2008-09-28 19:52:25.840000+00:00,2008-09-29 19:20:22.970000+00:00,1.0,usp000ghww,2008-09-28 22:20:21.100000+00:00,5.5,71.325,-3.882,Svalbard and Jan Mayen,22.0,0,14.3,aftershock sequence
1568,363,7,2004-03-21 12:41:51.840000+00:00,2004-03-24 04:46:48.810000+00:00,2.7,usp000cqqf,2004-03-23 21:57:07.480000+00:00,5.7,18.788,144.764,Northern Mariana Islands,16.0,0,42.9,swarm
1569,375,7,2004-04-25 11:11:33.130000+00:00,2004-05-04 13:36:56.370000+00:00,9.1,usp000ctcz,2004-04-25 11:11:33.130000+00:00,4.8,12.503,143.901,Guam,126.6,0,0.0,aftershock sequence
1570,347,7,2004-02-01 13:51:39.160000+00:00,2004-02-09 18:35:45.910000+00:00,8.2,usp000ck9h,2004-02-03 00:04:36.960000+00:00,4.8,-20.949,-178.74,Fiji,126.7,0,14.3,aftershock sequence
1571,350,7,2004-02-12 02:25:59.960000+00:00,2004-02-18 12:12:30.690000+00:00,6.4,usp000cm1s,2004-02-12 13:47:32.620000+00:00,5.8,-19.226,-173.518,Tonga,43.6,0,14.3,aftershock sequence
1572,358,7,2004-02-25 11:15:23.850000+00:00,2004-03-12 15:21:39.720000+00:00,16.2,usp000cpqx,2004-03-12 09:18:47.750000+00:00,5.3,3.821,126.424,Philippines,34.3,0,71.4,swarm
1573,3132,7,2023-09-26 22:18:10.262000+00:00,2023-10-13 02:25:28.772000+00:00,16.2,us6000lf9b,2023-10-13 02:25:28.772000+00:00,5.4,-56.3268,-26.6345,South Sandwich Islands,137.1,0,85.7,swarm
1574,3134,7,2023-10-03 08:55:50.480000+00:00,2023-10-11 18:37:21.967000+00:00,8.4,us6000lcgj,2023-10-03 09:21:03.018000+00:00,5.7,29.4973,81.242,Nepal,28.9,0,14.3,aftershock sequence
1575,1938,7,2015-10-12 10:50:37.970000+00:00,2015-10-23 17:31:22.600000+00:00,11.3,us10003pie,2015-10-18 16:18:35.520000+00:00,6.0,-16.2018,-173.2608,Tonga,22.2,0,14.3,aftershock sequence
1576,1940,7,2015-10-13 01:48:29.690000+00:00,2015-10-18 15:25:36.830000+00:00,5.6,us10003phr,2015-10-18 13:00:20.020000+00:00,5.0,2.8811,126.4992,Indonesia,158.1,0,71.4,swarm
1577,1916,7,2015-08-22 02:49:28.030000+00:00,2015-08-27 10:50:57+00:00,5.3,us1000355w,2015-08-26 21:56:37.460000+00:00,5.2,27.0723,-44.4539,Mid-Atlantic Ridge,26.1,0,28.6,swarm
1578,1917,7,2015-08-31 01:27:36.840000+00:00,2015-09-05 01:15:30.860000+00:00,5.0,us1000369f,2015-08-31 06:07:39.990000+00:00,5.0,-31.0612,-177.6529,Kermadec Islands,166.2,0,28.6,swarm
1579,1920,7,2015-09-05 19:13:05.490000+00:00,2015-09-12 22:16:08.130000+00:00,7.1,us20003iv3,2015-09-11 21:19:18.660000+00:00,5.5,-5.9797,146.6564,Papua New Guinea,132.9,0,42.9,swarm
1580,1922,7,2015-09-08 08:03:53.500000+00:00,2015-09-15 17:47:34.300000+00:00,7.4,us20003h7g,2015-09-08 08:03:53.500000+00:00,5.7,14.337,-94.137,Mexico,122.9,0,0.0,aftershock sequence
1581,2977,7,2022-09-25 17:57:21.119000+00:00,2022-10-01 06:12:03.987000+00:00,5.5,us7000ib0w,2022-09-26 01:27:10.155000+00:00,4.9,-20.577,-11.6782,Mid-Atlantic Ridge,77.6,0,57.1,swarm
1582,683,7,2006-09-16 14:08:34.070000+00:00,2006-10-01 00:18:01.750000+00:00,14.4,usp000eu6c,2006-10-01 00:18:01.750000+00:00,4.9,-17.806,-178.03,Fiji,88.6,0,85.7,swarm
1583,3205,7,2024-03-22 04:22:45.531000+00:00,2024-03-22 21:42:01.922000+00:00,0.7,us6000mkfz,2024-03-22 08:52:58.999000+00:00,6.4,-5.8754,112.3646,Indonesia,10.5,0,28.6,swarm
1584,425,7,2004-10-02 15:22:11.420000+00:00,2004-10-06 11:34:00.320000+00:00,3.8,usp000d5mk,2004-10-02 18:14:01.460000+00:00,5.1,28.07,128.081,Japan,38.4,0,28.6,swarm
1585,430,7,2004-10-12 05:17:18.270000+00:00,2004-10-23 04:04:00.640000+00:00,10.9,usp000d6v8,2004-10-23 04:04:00.640000+00:00,5.2,-5.034,154.276,Papua New Guinea,228.5,0,85.7,swarm
1586,2350,7,2018-10-22 05:39:39.590000+00:00,2018-10-22 16:27:00.900000+00:00,0.4,us1000hfgv,2018-10-22 06:16:26.450000+00:00,6.8,49.3346,-129.289,Canada,36.6,3,14.3,aftershock sequence
1587,1506,7,2013-01-21 19:46:58.580000+00:00,2013-02-06 09:31:48.840000+00:00,15.6,usp000jyv9,2013-01-27 18:41:50.860000+00:00,5.0,36.562,140.446,Japan,117.3,0,14.3,aftershock sequence
1588,2993,7,2022-10-23 19:19:59.963000+00:00,2022-11-05 00:15:02.501000+00:00,12.2,us7000imm3,2022-11-05 00:15:02.501000+00:00,5.3,-21.1287,-177.6535,Tonga,140.1,0,85.7,swarm
1589,2298,7,2018-06-01 17:20:32.900000+00:00,2018-06-15 13:18:58.340000+00:00,13.8,us1000ehd9,2018-06-02 11:53:06.460000+00:00,5.8,-14.9539,-172.8952,Samoa,67.7,0,14.3,aftershock sequence
1590,2302,7,2018-06-10 23:15:48.230000+00:00,2018-06-29 17:07:10.130000+00:00,18.7,us1000etvt,2018-06-17 13:41:34.010000+00:00,5.4,-22.1384,-179.4413,Fiji Islands,106.2,0,28.6,swarm
1591,2306,7,2018-07-10 05:23:44.860000+00:00,2018-07-19 11:52:06.120000+00:00,9.3,us2000g0vx,2018-07-10 05:23:44.860000+00:00,4.9,36.2766,141.6769,Japan,104.3,0,0.0,aftershock sequence
1592,2309,7,2018-07-25 19:45:05.050000+00:00,2018-08-06 20:47:50.760000+00:00,12.0,us2000gdsq,2018-07-25 19:45:05.050000+00:00,5.7,-56.0621,-27.6807,South Sandwich Islands,122.3,0,0.0,aftershock sequence
1593,1559,7,2013-06-15 17:34:27.810000+00:00,2013-06-17 15:12:54.120000+00:00,1.9,usc000hrnr,2013-06-15 17:34:27.810000+00:00,6.5,11.763,-86.926,Nicaragua,91.2,1,0.0,aftershock sequence
1594,3447,7,2026-01-13 07:34:07.739000+00:00,2026-01-18 03:25:11.754000+00:00,4.8,us7000rpcg,2026-01-13 07:34:07.739000+00:00,6.2,44.554,149.3153,Russia,19.2,0,0.0,aftershock sequence
1595,1519,7,2013-03-01 17:00:48.900000+00:00,2013-03-06 09:52:54.280000+00:00,4.7,usc000fga1,2013-03-05 06:06:34.010000+00:00,5.8,-5.214,152.559,Papua New Guinea,60.2,0,42.9,swarm
1596,1524,7,2013-03-20 10:51:39.560000+00:00,2013-03-21 02:38:40.800000+00:00,0.7,usb000fphd,2013-03-20 11:02:16.680000+00:00,4.8,58.308,-32.041,Reykjanes Ridge,22.7,0,28.6,swarm
1597,1466,7,2012-10-03 13:50:16.930000+00:00,2012-10-18 19:36:18.900000+00:00,15.2,usp000jtfw,2012-10-03 13:50:16.930000+00:00,4.7,3.182,126.475,Indonesia,112.8,0,0.0,aftershock sequence
1598,1472,7,2012-10-29 06:13:28.690000+00:00,2012-11-01 16:25:19.790000+00:00,3.4,usp000juq5,2012-10-29 06:28:33.130000+00:00,5.5,-8.185,123.465,Indonesia,24.9,0,14.3,aftershock sequence
1599,2384,7,2018-12-24 15:19:04.020000+00:00,2018-12-29 19:21:16.820000+00:00,5.2,us2000ixw6,2018-12-26 23:36:20.710000+00:00,5.1,-23.2352,-174.9055,Tonga,99.2,0,14.3,aftershock sequence
1600,2363,7,2018-11-02 12:43:36.970000+00:00,2018-11-18 15:06:51.280000+00:00,16.1,us2000i7iz,2018-11-06 16:11:39.670000+00:00,5.5,-22.1851,-174.5298,Tonga,92.7,0,28.6,swarm
1601,2366,7,2018-11-15 03:46:49.860000+00:00,2018-11-21 08:46:05.120000+00:00,6.2,us1000huth,2018-11-21 07:40:20.470000+00:00,4.9,10.4894,-86.1721,Costa Rica,12.8,0,57.1,swarm
1602,199,7,2002-08-13 07:47:42.590000+00:00,2002-08-14 16:31:51.400000+00:00,1.4,usp000b9tj,2002-08-13 08:37:22.770000+00:00,5.8,14.749,55.85,Owen Fracture Zone,19.9,0,14.3,aftershock sequence
1603,3414,7,2025-10-28 04:57:33.536000+00:00,2025-11-04 23:49:27.228000+00:00,7.8,us6000rlji,2025-11-04 23:49:27.228000+00:00,5.7,49.7248,155.8574,Russia,45.1,0,85.7,swarm
1604,2929,7,2022-06-16 13:00:42.438000+00:00,2022-07-01 04:17:36.488000+00:00,14.6,us6000hyju,2022-06-29 19:17:58.929000+00:00,5.3,-58.4454,-26.2151,South Sandwich Islands,153.2,0,71.4,swarm
1605,2931,7,2022-06-27 20:06:59.838000+00:00,2022-06-30 06:27:16.706000+00:00,2.4,us7000hkud,2022-06-28 13:43:28.871000+00:00,5.3,21.9759,120.3109,Taiwan,35.4,0,57.1,swarm
1606,2932,7,2022-07-02 12:53:31.403000+00:00,2022-07-17 16:15:43.162000+00:00,15.1,us6000hzdw,2022-07-02 12:53:31.403000+00:00,4.9,33.1734,141.9893,Japan,92.6,0,0.0,aftershock sequence
1607,732,7,2007-02-11 04:39:18.390000+00:00,2007-02-22 06:27:35.440000+00:00,11.1,usp000f4ng,2007-02-11 04:39:18.390000+00:00,5.1,36.728,72.971,Afghanistan,185.1,0,0.0,aftershock sequence
1608,2287,7,2018-05-09 07:57:54.950000+00:00,2018-05-20 02:47:34.240000+00:00,10.8,us1000e17w,2018-05-09 07:57:54.950000+00:00,6.0,-5.8822,151.7836,Papua New Guinea,76.6,0,0.0,aftershock sequence
1609,2289,7,2018-05-07 21:45:39.110000+00:00,2018-05-18 06:35:54.120000+00:00,10.4,us1000e4vp,2018-05-14 18:14:47.390000+00:00,5.5,-55.9159,-27.0565,South Sandwich Islands,124.8,0,42.9,swarm
1610,2291,7,2018-05-05 20:24:44.630000+00:00,2018-05-20 09:45:43.540000+00:00,14.6,us1000dyzb,2018-05-05 20:24:44.630000+00:00,4.9,-6.2005,142.3517,Papua New Guinea,81.6,0,0.0,aftershock sequence
1611,2293,7,2018-05-07 19:25:38.580000+00:00,2018-05-20 21:50:14.020000+00:00,13.1,us1000e8t0,2018-05-20 00:42:14.570000+00:00,5.6,-21.0684,-173.9833,Tonga,75.2,0,57.1,swarm
1612,2973,7,2022-09-20 06:09:49.206000+00:00,2022-09-22 21:17:08.224000+00:00,2.6,us7000i9qh,2022-09-21 02:50:13.507000+00:00,4.9,-33.2031,78.0897,Mid-Indian Ridge,20.0,0,42.9,swarm
1613,1434,7,2012-06-17 22:36:03.830000+00:00,2012-07-01 04:23:31.310000+00:00,13.2,usp000jnbr,2012-06-28 15:57:22.830000+00:00,4.9,-7.171,129.39,Indonesia,107.8,0,71.4,swarm
1614,2388,7,2018-12-27 11:25:34.650000+00:00,2018-12-30 15:07:39.720000+00:00,3.2,us2000iy2a,2018-12-27 11:25:34.650000+00:00,5.1,-56.623,-24.8291,South Sandwich Islands,26.8,0,0.0,aftershock sequence
1615,2391,7,2019-01-05 01:55:38.270000+00:00,2019-01-05 10:54:57.590000+00:00,0.4,us2000j0hh,2019-01-05 10:54:57.590000+00:00,5.4,-0.8253,127.6071,Indonesia,26.4,0,85.7,swarm
1616,213,7,2002-10-06 01:18:35.800000+00:00,2002-10-07 20:03:54.580000+00:00,1.8,usp000be0c,2002-10-07 20:03:54.580000+00:00,5.7,58.311,-31.946,Reykjanes Ridge,19.4,0,85.7,swarm
1617,194,7,2002-07-06 02:56:54.570000+00:00,2002-07-17 19:14:43.180000+00:00,11.7,usp000b7x5,2002-07-11 07:36:26.060000+00:00,5.8,24.075,122.288,Taiwan,82.5,0,14.3,aftershock sequence
1618,766,7,2007-04-24 08:23:44.050000+00:00,2007-05-02 11:41:00.710000+00:00,8.1,usp000fauw,2007-04-29 03:44:32.620000+00:00,5.5,-8.308,157.173,Solomon Islands,94.8,0,42.9,swarm
1619,770,7,2007-05-06 21:11:52.500000+00:00,2007-05-13 11:26:42.910000+00:00,6.6,usp000fbdn,2007-05-06 21:11:52.500000+00:00,6.5,-19.401,-179.354,Fiji,28.2,1,0.0,aftershock sequence
1620,753,7,2007-03-26 06:36:34.950000+00:00,2007-03-30 02:45:01.380000+00:00,3.8,usp000f7g0,2007-03-26 07:27:55.830000+00:00,5.5,22.036,142.975,Japan,16.4,0,28.6,swarm
1621,160,7,2002-03-22 07:49:41.400000+00:00,2002-04-01 20:53:23.450000+00:00,10.5,usp000b0y4,2002-03-24 08:03:18.270000+00:00,5.4,-13.706,167.209,Vanuatu,225.9,0,28.6,swarm
1622,161,7,2002-03-30 20:51:56.850000+00:00,2002-04-10 12:17:33.170000+00:00,10.6,usp000b1v1,2002-04-06 11:24:07.760000+00:00,4.9,-55.76,-26.06,South Sandwich Islands,95.3,0,57.1,swarm
1623,162,7,2002-03-26 16:25:02.490000+00:00,2002-04-15 18:46:12.730000+00:00,20.1,usp000b1e2,2002-03-31 06:52:50.490000+00:00,7.1,24.279,122.179,Taiwan,53.9,1,14.3,aftershock sequence
1624,166,7,2002-04-07 12:38:20.980000+00:00,2002-04-11 23:47:36.540000+00:00,4.5,usp000b27n,2002-04-11 21:56:56.390000+00:00,6.2,-14.392,167.687,Vanuatu,50.9,0,28.6,swarm
1625,3456,7,2026-01-25 06:22:34.142000+00:00,2026-02-03 02:50:47.991000+00:00,8.9,us7000rrx3,2026-01-25 06:22:34.142000+00:00,5.1,-6.1987,130.5864,Indonesia,122.1,0,0.0,aftershock sequence
1626,3460,7,2026-02-11 18:00:28.722000+00:00,2026-02-13 07:56:51.762000+00:00,1.6,us6000s8i0,2026-02-12 16:45:03.491000+00:00,5.4,44.0306,148.7822,Russia,107.2,0,14.3,aftershock sequence
1627,3462,7,2026-02-11 18:34:14.781000+00:00,2026-02-27 05:45:09.785000+00:00,15.5,us6000s9mt,2026-02-16 23:47:21.153000+00:00,5.0,-5.6101,133.7994,Indonesia,89.9,0,28.6,swarm
1628,1494,7,2012-12-27 10:41:16.780000+00:00,2012-12-31 15:33:50.670000+00:00,4.2,usp000jxmd,2012-12-30 12:21:21.870000+00:00,5.3,14.446,-92.991,Mexico,197.2,0,57.1,swarm
1629,2418,7,2019-02-15 23:21:45.930000+00:00,2019-02-27 05:11:59.230000+00:00,11.2,us2000jimp,2019-02-15 23:21:45.930000+00:00,4.6,53.9876,160.1438,Russia,112.2,0,0.0,aftershock sequence
1630,1413,7,2012-04-22 08:36:20.040000+00:00,2012-05-04 10:55:37.020000+00:00,12.1,usp000jjzx,2012-05-04 10:55:37.020000+00:00,5.0,50.648,-130.241,Canada,31.9,0,85.7,swarm
1631,1421,7,2012-05-13 22:34:08.220000+00:00,2012-05-21 08:39:22.510000+00:00,7.4,usp000jkfn,2012-05-15 19:22:24.390000+00:00,5.2,-24.568,-175.967,Tonga,74.8,0,14.3,aftershock sequence
1632,1423,7,2012-05-20 02:03:52+00:00,2012-05-21 16:37:31+00:00,1.6,usp000jkn8,2012-05-20 02:03:52+00:00,6.0,44.89,11.23,Italy,21.5,0,0.0,aftershock sequence
1633,1430,7,2012-06-10 08:38:02.020000+00:00,2012-06-27 06:47:30.170000+00:00,16.9,usp000jn1y,2012-06-21 20:32:46.580000+00:00,5.2,39.38,143.364,Japan,128.8,0,42.9,swarm
1634,782,7,2007-06-04 03:06:59.040000+00:00,2007-06-19 06:11:34.510000+00:00,15.1,usp000fdav,2007-06-04 03:06:59.040000+00:00,5.2,-55.986,-27.696,South Sandwich Islands,100.7,0,0.0,aftershock sequence
1635,784,7,2007-06-11 17:56:30.780000+00:00,2007-06-14 20:28:37.420000+00:00,3.1,usp000fdyq,2007-06-13 16:50:10.290000+00:00,4.8,37.407,72.277,Afghanistan,150.7,0,42.9,swarm
1636,790,7,2007-06-23 00:31:35.840000+00:00,2007-06-28 18:50:03.560000+00:00,5.8,usp000ff1u,2007-06-28 18:50:03.560000+00:00,5.5,-22.299,171.544,Loyalty Islands,107.8,0,85.7,swarm
1637,2259,7,2018-01-29 12:14:42.010000+00:00,2018-02-05 09:29:48.380000+00:00,6.9,us1000ce69,2018-02-02 06:23:56.090000+00:00,5.3,53.1093,-35.1806,Reykjanes Ridge,69.5,0,42.9,swarm
1638,1593,7,2013-09-19 00:20:58.710000+00:00,2013-09-25 16:00:18.690000+00:00,6.7,usb000jy2v,2013-09-23 17:28:07.800000+00:00,5.4,-4.9422,153.6421,Papua New Guinea,221.0,0,57.1,swarm
1639,1607,7,2013-10-28 11:55:59.420000+00:00,2013-11-05 14:43:31.900000+00:00,8.1,usc000kqkr,2013-10-29 11:01:54.920000+00:00,5.1,-20.0571,-178.2861,Fiji,104.2,0,14.3,aftershock sequence
1640,2276,7,2018-04-14 16:53:11.530000+00:00,2018-04-14 21:37:46.210000+00:00,0.2,us2000e0b2,2018-04-14 16:53:11.530000+00:00,5.1,40.4683,-29.3172,Portugal,40.3,0,0.0,aftershock sequence
1641,2923,7,2022-06-09 16:03:26.522000+00:00,2022-06-14 10:11:10.177000+00:00,4.8,us7000hg9p,2022-06-09 17:28:35.801000+00:00,5.9,32.3726,101.8721,China,25.1,0,42.9,swarm
1642,2926,7,2022-06-15 10:26:39.451000+00:00,2022-06-22 08:30:49.526000+00:00,6.9,us7000hiab,2022-06-18 02:49:51.878000+00:00,5.2,-32.1439,-177.9036,Kermadec Islands,140.3,0,14.3,aftershock sequence
1643,1454,7,2012-08-30 10:53:58.420000+00:00,2012-08-30 19:04:24.310000+00:00,0.3,usp000jr4w,2012-08-30 12:18:43.090000+00:00,5.6,-50.143,114.08,Indian-Antarctic Ridge,38.1,0,28.6,swarm
1644,1433,7,2012-06-17 17:40:48.950000+00:00,2012-06-27 09:40:07.130000+00:00,9.7,usp000jmwn,2012-06-18 00:02:40.650000+00:00,5.0,41.84,-29.151,Azores Islands,95.0,0,28.6,swarm
1645,1391,7,2012-02-18 14:00:22.320000+00:00,2012-03-04 06:55:36.900000+00:00,14.7,usp000jfjh,2012-02-28 22:52:37.850000+00:00,5.4,37.203,144.137,Japan,54.0,0,42.9,swarm
1646,218,7,2002-10-19 12:09:05.380000+00:00,2002-10-23 16:19:23.090000+00:00,4.2,usp000bev1,2002-10-19 12:09:05.380000+00:00,6.3,44.297,149.96,Russia,76.0,0,0.0,aftershock sequence
1647,778,7,2007-05-30 20:07:52.170000+00:00,2007-06-10 01:01:45.020000+00:00,10.2,usp000fdme,2007-06-08 13:16:24.410000+00:00,5.1,-7.725,129.259,Timor Leste,187.7,0,71.4,swarm
1648,431,7,2004-10-12 13:14:08.280000+00:00,2004-11-02 10:32:50.960000+00:00,20.9,usp000d7h7,2004-11-02 10:32:50.960000+00:00,5.6,-30.956,-178.846,New Zealand,144.2,0,85.7,swarm
1649,3210,7,2024-03-24 06:22:24.947000+00:00,2024-04-08 15:56:22.005000+00:00,15.4,us6000mkxk,2024-03-24 06:22:24.947000+00:00,5.2,8.7566,126.3895,Philippines,51.8,0,0.0,aftershock sequence
1650,3179,7,2024-01-18 05:12:15.019000+00:00,2024-01-28 23:23:51.695000+00:00,10.8,us6000m4d4,2024-01-18 05:12:15.019000+00:00,5.3,-59.652,-26.2875,South Sandwich Islands,117.6,0,0.0,aftershock sequence
1651,3182,7,2024-01-18 03:10:34.206000+00:00,2024-01-28 04:28:14.111000+00:00,10.1,us6000m4c1,2024-01-18 03:10:34.206000+00:00,4.9,-23.7536,178.8005,Fiji Islands,203.9,0,0.0,aftershock sequence
1652,3188,7,2024-02-05 08:50:57.371000+00:00,2024-02-06 00:00:44.195000+00:00,0.6,us7000lx2q,2024-02-05 13:53:14.479000+00:00,5.4,55.4453,-35.1272,Reykjanes Ridge,23.9,0,14.3,aftershock sequence
1653,441,7,2004-11-08 15:35:07.650000+00:00,2004-11-12 05:27:07.180000+00:00,3.6,usp000d7yk,2004-11-08 15:55:01.150000+00:00,6.3,24.104,122.542,Japan,46.7,0,14.3,aftershock sequence
1654,1625,7,2013-11-30 15:20:55.450000+00:00,2013-12-04 01:04:38.730000+00:00,3.4,usb000l8mb,2013-12-01 01:24:13.520000+00:00,6.4,-7.0269,128.3791,Timor Leste,135.5,0,14.3,aftershock sequence
1655,1617,7,2013-11-15 18:51:19.860000+00:00,2013-11-19 09:46:42.010000+00:00,3.6,usb000l4iw,2013-11-18 16:29:44.040000+00:00,4.8,26.7632,144.1752,Japan,86.0,0,57.1,swarm
1656,1619,7,2013-11-19 22:13:01.500000+00:00,2013-11-20 12:59:44.470000+00:00,0.6,usb000l2j8,2013-11-19 23:18:00.500000+00:00,5.7,-63.2943,-164.9357,Pacific-Antarctic Ridge,59.3,0,42.9,swarm
1657,2910,7,2022-05-14 12:21:53.047000+00:00,2022-05-18 13:36:44.687000+00:00,4.1,us6000hl40,2022-05-14 12:22:56.540000+00:00,5.2,-28.6691,-176.6664,Kermadec Islands,93.8,0,14.3,aftershock sequence
1658,2914,7,2022-05-20 06:57:33.538000+00:00,2022-05-26 02:25:07.346000+00:00,5.8,us6000hmk3,2022-05-20 06:57:33.538000+00:00,4.9,-30.0733,-177.5667,New Zealand,96.1,0,0.0,aftershock sequence
1659,2413,7,2019-02-08 20:32:11.010000+00:00,2019-02-12 02:50:40.860000+00:00,3.3,us2000jftd,2019-02-10 01:08:46.379000+00:00,5.0,2.6007,127.0663,Indonesia,24.1,0,28.6,swarm
1660,2415,7,2019-02-13 09:25:31.340000+00:00,2019-02-16 02:53:21.620000+00:00,2.7,us2000jh67,2019-02-13 10:02:52.683000+00:00,5.0,45.4153,151.3855,Russia,90.3,0,14.3,aftershock sequence
1661,794,7,2007-07-01 23:45:28.280000+00:00,2007-07-04 13:51:41.780000+00:00,2.6,usp000ff8t,2007-07-01 23:45:28.280000+00:00,5.2,-55.314,-28.066,South Sandwich Islands,10.8,0,0.0,aftershock sequence
1662,799,7,2007-07-15 11:11:47.560000+00:00,2007-07-19 15:13:17.240000+00:00,4.2,usp000fgn0,2007-07-19 15:10:24.220000+00:00,5.3,10.291,125.149,Philippines,144.8,0,71.4,swarm
1663,411,7,2004-08-20 04:47:39.740000+00:00,2004-08-20 21:19:58.660000+00:00,0.7,usp000d2j9,2004-08-20 20:33:04.150000+00:00,5.3,35.05,141.115,Japan,11.0,0,28.6,swarm
1664,1397,7,2012-03-12 06:06:40.640000+00:00,2012-03-12 12:59:09.830000+00:00,0.3,usp000jg4d,2012-03-12 06:06:40.640000+00:00,5.6,36.741,73.152,Afghanistan,33.0,0,0.0,aftershock sequence
1665,2426,7,2019-03-07 02:59:44.860000+00:00,2019-03-18 14:46:26.906000+00:00,11.5,us1000jk7b,2019-03-13 04:27:51.636000+00:00,5.1,-12.7461,45.4003,Mayotte,68.8,0,28.6,swarm
1666,2432,7,2019-03-26 12:01:47.542000+00:00,2019-03-29 04:07:20.564000+00:00,2.7,us1000jlpq,2019-03-26 12:01:47.542000+00:00,5.5,12.5488,-89.1992,El Salvador,43.6,0,0.0,aftershock sequence
1667,2437,7,2019-04-01 20:49:49.056000+00:00,2019-04-17 02:19:01.011000+00:00,15.2,us7000364b,2019-04-15 01:33:00.259000+00:00,5.1,19.3023,120.9802,Philippines,261.2,0,71.4,swarm
1668,1370,7,2012-01-10 11:54:31.270000+00:00,2012-01-22 09:15:47.350000+00:00,11.9,usp000jdty,2012-01-22 05:53:42.080000+00:00,6.0,-56.759,-25.147,South Sandwich Islands,79.9,0,57.1,swarm
1669,1647,7,2014-01-09 06:39:33.450000+00:00,2014-01-18 08:01:07.070000+00:00,9.1,usc000lz8g,2014-01-09 06:39:33.450000+00:00,5.8,-11.5917,166.5235,Solomon Islands,85.9,0,0.0,aftershock sequence
1670,1648,7,2014-01-11 14:50:59.790000+00:00,2014-01-19 22:50:18.890000+00:00,8.3,usb000m3xq,2014-01-18 22:19:28.530000+00:00,5.4,26.3228,-44.5103,Mid-Atlantic Ridge,24.1,0,28.6,swarm
1671,1650,7,2014-01-15 01:44:53.810000+00:00,2014-01-22 15:31:24.840000+00:00,7.6,usc000mi0q,2014-01-20 16:27:34.480000+00:00,4.7,31.3227,143.1241,Japan,52.3,0,57.1,swarm
1672,1651,7,2014-01-15 08:36:16.570000+00:00,2014-01-20 17:33:52.270000+00:00,5.4,usb000m4u9,2014-01-20 15:33:13.200000+00:00,5.2,9.0142,138.2293,Micronesia,10.0,0,42.9,swarm
1673,2240,7,2017-12-12 08:43:18.320000+00:00,2017-12-19 13:02:32.880000+00:00,7.2,us2000c3ag,2017-12-12 08:43:18.320000+00:00,6.0,30.7372,57.2795,Iran,14.9,0,0.0,aftershock sequence
1674,2247,7,2017-12-29 21:16:05.420000+00:00,2018-01-02 22:58:14.040000+00:00,4.1,us1000bxw9,2017-12-29 21:20:53.180000+00:00,5.7,-53.0916,-117.4105,East Pacific Rise,80.0,0,14.3,aftershock sequence
1675,2995,7,2022-10-25 14:59:00.085000+00:00,2022-10-26 09:12:44.497000+00:00,0.8,us6000iwds,2022-10-25 14:59:00.085000+00:00,6.4,17.6609,120.8147,Philippines,47.0,0,0.0,aftershock sequence
1676,1416,7,2012-04-27 05:37:11.740000+00:00,2012-05-08 15:29:46.690000+00:00,11.4,usp000jjsh,2012-04-29 15:02:18.420000+00:00,5.6,39.745,142.037,Japan,135.8,0,28.6,swarm
1677,801,7,2007-07-10 13:45:02.720000+00:00,2007-07-27 20:45:53.250000+00:00,17.3,usp000fg90,2007-07-15 17:58:06.620000+00:00,5.4,-6.88,155.793,Papua New Guinea,142.3,0,14.3,aftershock sequence
1678,1338,7,2011-10-30 05:24:07.260000+00:00,2011-11-11 10:02:46.280000+00:00,12.2,usp000jajm,2011-11-08 08:34:59.690000+00:00,5.0,37.651,143.962,Japan,102.6,0,57.1,swarm
1679,1341,7,2011-11-07 00:43:31.940000+00:00,2011-11-09 09:07:35.170000+00:00,2.4,usp000jag6,2011-11-07 01:43:37.370000+00:00,5.3,-3.59,149.631,Papua New Guinea,103.5,0,14.3,aftershock sequence
1680,1343,7,2011-11-16 00:43:58.130000+00:00,2011-11-18 07:32:59.860000+00:00,2.3,usp000jax9,2011-11-16 00:43:58.130000+00:00,5.3,34.14,141.468,Japan,39.2,0,0.0,aftershock sequence
1681,3369,7,2025-07-01 11:51:44.510000+00:00,2025-07-15 18:42:43.315000+00:00,14.3,us7000qa5h,2025-07-02 07:15:26.742000+00:00,5.6,-17.6546,-178.9462,Fiji,68.8,0,14.3,aftershock sequence
1682,3376,7,2025-07-25 12:57:20.082000+00:00,2025-07-30 17:21:03.426000+00:00,5.2,us6000qw06,2025-07-29 16:11:34.441000+00:00,5.0,9.357,93.9629,India,38.7,0,42.9,swarm
1683,3003,7,2022-11-07 16:24:58.496000+00:00,2022-11-19 00:47:17.046000+00:00,11.3,us7000ipjf,2022-11-14 01:11:20.167000+00:00,5.1,53.9688,-35.4727,Reykjanes Ridge,33.3,0,28.6,swarm
1684,3005,7,2022-11-16 06:01:32.035000+00:00,2022-11-24 02:11:25.771000+00:00,7.8,us7000iqpn,2022-11-18 13:37:08.687000+00:00,6.9,-4.9043,100.7862,Indonesia,78.5,1,28.6,swarm
1685,2226,7,2017-10-27 12:03:57.870000+00:00,2017-11-03 04:11:03.100000+00:00,6.7,us2000bezd,2017-11-01 18:56:17.460000+00:00,5.0,-56.4813,-25.5412,South Sandwich Islands,152.3,0,42.9,swarm
1686,139,7,2001-12-12 14:02:35.040000+00:00,2001-12-13 11:55:04.700000+00:00,0.9,usp000aufx,2001-12-12 14:02:35.040000+00:00,7.1,-42.813,124.688,Australia,42.5,1,0.0,aftershock sequence
1687,144,7,2002-01-17 20:01:29.260000+00:00,2002-01-22 15:32:05.590000+00:00,4.8,usp000awz7,2002-01-22 15:32:05.590000+00:00,5.2,-1.515,28.993,Democratic Republic of the Congo,79.9,0,85.7,swarm
1688,124,7,2001-10-16 15:27:27.700000+00:00,2001-10-24 09:51:50.880000+00:00,7.8,usp000ar3u,2001-10-17 11:29:09.920000+00:00,6.0,19.354,-64.932,U.S. Virgin Islands,24.1,0,14.3,aftershock sequence
1689,2444,7,2019-04-17 08:21:55.206000+00:00,2019-04-17 23:50:48.845000+00:00,0.6,us7000388e,2019-04-17 23:26:36.826000+00:00,5.1,-9.5595,150.8671,Papua New Guinea,19.5,0,71.4,swarm
1690,2449,7,2019-05-01 08:52:29.532000+00:00,2019-05-09 06:44:21.527000+00:00,7.9,us70003gpy,2019-05-04 17:57:30.906000+00:00,4.9,-18.1538,-172.0072,Tonga,240.3,0,28.6,swarm
1691,2451,7,2019-05-06 21:03:18.806000+00:00,2019-05-13 16:41:26.250000+00:00,6.8,us70003hpz,2019-05-06 21:03:18.806000+00:00,4.8,-25.0493,179.9261,Fiji Islands,221.7,0,0.0,aftershock sequence
1692,817,7,2007-08-12 21:54:21.690000+00:00,2007-08-20 12:32:37.790000+00:00,7.6,usp000fk6j,2007-08-19 13:12:39.300000+00:00,5.0,0.888,97.539,Indonesia,130.3,0,42.9,swarm
1693,406,7,2004-07-28 23:28:02.250000+00:00,2004-07-31 17:46:16.030000+00:00,2.8,usp000d161,2004-07-31 04:48:22.830000+00:00,5.2,20.154,122.37,Philippines,22.5,0,42.9,swarm
1694,812,7,2007-08-02 03:21:42.820000+00:00,2007-08-10 13:31:25.560000+00:00,8.4,usp000fhn5,2007-08-02 03:21:42.820000+00:00,6.7,51.307,-179.971,Alaska,55.5,1,0.0,aftershock sequence
1695,2469,7,2019-06-20 07:31:33.775000+00:00,2019-06-27 14:14:04.483000+00:00,7.3,us600043jq,2019-06-20 07:31:33.775000+00:00,5.1,-21.1889,-179.0563,Fiji,136.5,0,0.0,aftershock sequence
1696,2470,7,2019-06-18 12:12:46.540000+00:00,2019-07-03 08:32:24.164000+00:00,14.8,us700047xj,2019-07-01 07:51:30.465000+00:00,5.1,-56.3458,-26.7183,South Sandwich Islands,158.5,0,71.4,swarm
1697,2490,7,2019-08-11 02:13:26.332000+00:00,2019-08-20 01:08:53.855000+00:00,9.0,us600053la,2019-08-11 02:13:26.332000+00:00,5.0,30.3447,94.8731,India,15.9,0,0.0,aftershock sequence
1698,1672,7,2014-02-26 04:10:15.810000+00:00,2014-03-05 19:41:52.680000+00:00,7.6,usb000mxzr,2014-02-28 02:28:36.840000+00:00,5.0,20.1818,120.3231,Philippines,17.9,0,28.6,swarm
1699,666,7,2006-07-29 03:05:12.480000+00:00,2006-08-10 12:05:56.040000+00:00,12.4,usp000eqna,2006-08-10 12:05:56.040000+00:00,4.8,36.627,71.274,Afghanistan,57.9,0,85.7,swarm
1700,667,7,2006-08-09 00:43:41.010000+00:00,2006-08-12 03:32:29.040000+00:00,3.1,usp000eqjv,2006-08-09 08:01:29.270000+00:00,5.4,-6.291,154.615,Papua New Guinea,82.4,0,14.3,aftershock sequence
1701,672,7,2006-08-20 03:41:48.040000+00:00,2006-08-22 07:37:05.110000+00:00,2.2,usp000erc2,2006-08-20 03:41:48.040000+00:00,7.0,-61.029,-34.371,Scotia Sea,26.7,1,0.0,aftershock sequence
1702,676,7,2006-08-26 23:40:39.470000+00:00,2006-08-27 01:06:54.540000+00:00,0.1,usp000erub,2006-08-26 23:40:39.470000+00:00,5.7,51.331,-179.573,Alaska,34.8,0,0.0,aftershock sequence
1703,1348,7,2011-11-30 00:27:06.990000+00:00,2011-12-06 13:34:06.390000+00:00,6.5,usp000jbmj,2011-11-30 00:27:06.990000+00:00,6.0,15.455,118.999,Philippines,31.6,0,0.0,aftershock sequence
1704,1326,7,2011-09-28 16:43:54.280000+00:00,2011-10-12 20:49:48.140000+00:00,14.2,usp000j990,2011-10-12 17:22:05.940000+00:00,5.0,37.765,144.421,Japan,97.1,0,71.4,swarm
1705,1333,7,2011-10-13 21:05:13.260000+00:00,2011-10-31 18:12:06.130000+00:00,17.9,usp000j9g3,2011-10-17 20:34:01.080000+00:00,4.9,39.527,143.503,Japan,88.8,0,14.3,aftershock sequence
1706,1336,7,2011-10-26 19:33:02.690000+00:00,2011-10-26 20:31:43.800000+00:00,0.0,usp000j9yc,2011-10-26 20:31:43.800000+00:00,5.3,14.22,53.832,Yemen,16.3,0,85.7,swarm
1707,418,7,2004-09-03 23:40:36.670000+00:00,2004-09-09 11:28:02.290000+00:00,5.5,usp000d3rh,2004-09-06 15:31:37.290000+00:00,5.5,9.134,126.328,Philippines,51.1,0,71.4,swarm
1708,393,7,2004-05-27 15:45:52.440000+00:00,2004-06-10 20:33:06.170000+00:00,14.2,usp000cwnu,2004-05-30 21:11:25.390000+00:00,5.9,-31.052,-177.117,Kermadec Islands,175.5,0,14.3,aftershock sequence
1709,656,7,2006-07-06 03:57:50.730000+00:00,2006-07-06 10:08:55.680000+00:00,0.3,usp000emz5,2006-07-06 03:57:50.730000+00:00,5.8,39.119,71.836,Tajikistan,30.9,0,0.0,aftershock sequence
1710,658,7,2006-07-03 16:33:48.420000+00:00,2006-07-15 23:30:21.780000+00:00,12.3,usp000en3h,2006-07-07 21:13:24.440000+00:00,5.1,-6.943,129.538,Banda Sea,119.6,0,14.3,aftershock sequence
1711,3018,7,2022-12-25 19:37:24.668000+00:00,2022-12-31 00:32:51.895000+00:00,5.2,us6000jbn5,2022-12-25 19:45:58.709000+00:00,5.4,-26.4266,-115.3527,East Pacific Rise,50.4,0,28.6,swarm
1712,3025,7,2023-01-10 08:21:24.477000+00:00,2023-01-19 15:11:32.465000+00:00,9.3,us7000j3d1,2023-01-10 08:21:24.477000+00:00,5.0,-10.692,166.0739,Solomon Islands,182.9,0,0.0,aftershock sequence
1713,2498,7,2019-09-23 08:24:39.022000+00:00,2019-09-29 21:04:31.289000+00:00,6.5,us70005nie,2019-09-29 15:57:53.236000+00:00,6.7,-35.4758,-73.163,Chile,87.7,1,14.3,aftershock sequence
1714,258,7,2003-03-14 07:06:13.310000+00:00,2003-03-17 15:32:44.340000+00:00,3.4,usp000bsm6,2003-03-14 07:06:13.310000+00:00,6.3,-0.406,132.951,Indonesia,43.3,0,0.0,aftershock sequence
1715,3360,7,2025-06-13 04:30:13.823000+00:00,2025-06-15 06:02:54.738000+00:00,2.1,us6000qk7h,2025-06-14 03:10:59.726000+00:00,5.7,-36.397,-110.8137,East Pacific Rise,68.5,0,28.6,swarm
1716,233,7,2002-11-11 13:19:38.260000+00:00,2002-11-29 10:21:47.760000+00:00,17.9,usp000bj2z,2002-11-21 00:42:04.110000+00:00,4.9,5.784,125.798,Philippines,153.7,0,42.9,swarm
1717,2871,7,2022-02-24 04:12:20.425000+00:00,2022-03-02 22:53:58.871000+00:00,6.8,us6000h1jt,2022-03-02 22:53:58.871000+00:00,5.5,-4.9697,152.2405,Papua New Guinea,88.5,0,85.7,swarm
1718,835,7,2007-09-19 18:40:42.200000+00:00,2007-09-28 00:41:47.030000+00:00,8.3,usp000fp59,2007-09-26 12:36:26.890000+00:00,6.8,-4.99,153.5,Papua New Guinea,79.1,1,14.3,aftershock sequence
1719,838,7,2007-09-24 18:55:36.340000+00:00,2007-10-08 18:37:53.700000+00:00,14.0,usp000fq4z,2007-10-08 18:37:53.700000+00:00,5.7,-20.706,-177.398,Tonga,125.3,0,85.7,swarm
1720,647,7,2006-06-24 19:14:09.590000+00:00,2006-06-30 01:25:26.990000+00:00,5.3,usp000em5w,2006-06-24 19:14:09.590000+00:00,4.9,19.038,120.107,Philippines,43.1,0,0.0,aftershock sequence
1721,1694,7,2014-04-18 04:13:12.040000+00:00,2014-04-24 02:17:31.480000+00:00,5.9,usb000pptc,2014-04-18 04:13:12.040000+00:00,6.1,-11.1387,164.8139,Solomon Islands,99.7,0,0.0,aftershock sequence
1722,2186,7,2017-07-03 09:17:23.540000+00:00,2017-07-10 08:41:22.850000+00:00,7.0,us1000976a,2017-07-06 08:03:57.550000+00:00,6.5,11.1269,124.6286,Philippines,121.1,1,14.3,aftershock sequence
1723,2193,7,2017-07-20 22:31:11.260000+00:00,2017-07-22 17:25:45.970000+00:00,1.8,us20009ynd,2017-07-20 22:31:11.260000+00:00,6.6,36.9293,27.4139,Greece,68.3,1,0.0,aftershock sequence
1724,1673,7,2014-02-27 11:31:23.500000+00:00,2014-03-03 06:10:08.810000+00:00,3.8,usb000mzqn,2014-03-02 22:17:14.400000+00:00,6.0,14.1833,-93.1535,Mexico,110.5,0,42.9,swarm
1725,1715,7,2014-05-27 03:34:39.030000+00:00,2014-06-05 20:19:29+00:00,9.7,usc000rayg,2014-06-04 17:04:28+00:00,5.0,-20.652,-70.761,Chile,97.4,0,57.1,swarm
1726,1716,7,2014-05-29 06:39:04.480000+00:00,2014-05-30 22:58:29.110000+00:00,1.7,usc000r8gs,2014-05-29 06:39:04.480000+00:00,5.3,-30.2212,-177.8757,New Zealand,73.7,0,0.0,aftershock sequence
1727,2171,7,2017-05-08 15:31:26.530000+00:00,2017-05-09 09:54:28.650000+00:00,0.8,us10008qh7,2017-05-08 15:47:29.150000+00:00,5.9,51.045,-176.9868,Alaska,18.0,0,42.9,swarm
1728,414,7,2004-08-28 16:09:35.170000+00:00,2004-09-01 20:00:45.510000+00:00,4.2,usp000d315,2004-08-28 17:00:58.250000+00:00,5.7,-8.689,157.253,Solomon Islands,22.7,0,42.9,swarm
1729,1300,7,2011-07-21 18:01:48.840000+00:00,2011-07-30 12:17:24.310000+00:00,8.8,usp000j5ey,2011-07-25 05:30:27.120000+00:00,5.2,-21.292,-174.453,Tonga,153.7,0,57.1,swarm
1730,1301,7,2011-07-22 20:58:58.460000+00:00,2011-07-24 03:56:37.680000+00:00,1.3,usp000j5cn,2011-07-23 16:34:41.820000+00:00,5.5,13.107,145.253,Guam,55.5,0,28.6,swarm
1731,2509,7,2019-10-22 15:50:12.478000+00:00,2019-10-28 05:42:23.394000+00:00,5.6,us700061nb,2019-10-22 15:50:12.478000+00:00,4.6,-20.0873,66.3041,Mauritius - Reunion,32.9,0,0.0,aftershock sequence
1732,1275,7,2011-05-07 13:28:46.390000+00:00,2011-05-23 10:19:53.330000+00:00,15.9,usp000j1x2,2011-05-21 00:16:25.560000+00:00,5.9,-56.074,-27.11,South Sandwich Islands,40.9,0,42.9,swarm
1733,1276,7,2011-05-13 19:00:22.030000+00:00,2011-05-31 03:15:58.550000+00:00,17.3,usp000j2e6,2011-05-30 00:06:24.720000+00:00,5.3,-15.182,-173.559,Tonga,114.9,0,71.4,swarm
1734,1285,7,2011-06-07 11:21:02.160000+00:00,2011-06-15 07:05:43.540000+00:00,7.8,usp000j36s,2011-06-15 07:05:43.540000+00:00,5.0,-62.033,-57.939,South Shetland Islands,82.2,0,85.7,swarm
1735,2522,7,2019-11-23 12:11:15.564000+00:00,2019-11-25 01:58:29.628000+00:00,1.6,us70006c6w,2019-11-23 12:11:15.564000+00:00,6.2,1.6436,132.8148,Palau,12.4,0,0.0,aftershock sequence
1736,2181,7,2017-06-09 09:36:17.500000+00:00,2017-06-21 02:19:13.470000+00:00,11.7,us20009mjp,2017-06-15 00:26:17.550000+00:00,6.0,-30.5156,-178.0563,New Zealand,84.6,0,14.3,aftershock sequence
1737,3470,7,2026-03-01 18:38:48.537000+00:00,2026-03-13 19:55:21.446000+00:00,12.1,us7000s2z5,2026-03-08 13:17:08.549000+00:00,5.8,39.4398,143.0609,Japan,130.8,0,57.1,swarm
1738,3476,7,2026-03-15 12:09:26.277000+00:00,2026-03-19 19:10:58.807000+00:00,4.3,us6000shc9,2026-03-19 07:43:29.161000+00:00,5.6,49.1909,156.2389,Russia,113.4,0,14.3,aftershock sequence
1739,112,7,2001-08-05 20:01:08.950000+00:00,2001-08-10 13:21:47.390000+00:00,4.7,usp000akwv,2001-08-06 03:52:59.510000+00:00,6.7,-55.537,-123.422,East Pacific Rise,40.2,1,14.3,aftershock sequence
1740,2184,7,2017-07-03 21:26:26.430000+00:00,2017-07-10 02:58:50.670000+00:00,6.2,us100098gm,2017-07-10 02:58:50.670000+00:00,5.2,-4.3146,129.7578,Indonesia,60.9,0,85.7,swarm
1741,1246,7,2011-02-21 23:51:42.350000+00:00,2011-02-25 04:40:10.750000+00:00,3.2,usp000huvq,2011-02-21 23:51:42.350000+00:00,6.1,-43.583,172.68,New Zealand,5.0,0,0.0,aftershock sequence
1742,1248,7,2011-02-23 11:03:54.690000+00:00,2011-03-04 18:23:48.520000+00:00,9.3,usp000hv5c,2011-02-28 01:29:25+00:00,5.8,-37.36,-73.695,Chile,135.7,0,28.6,swarm
1743,868,7,2007-11-28 14:18:11.190000+00:00,2007-12-05 12:11:23.080000+00:00,6.9,usp000ftj1,2007-11-29 19:00:20.420000+00:00,7.4,14.944,-61.274,Martinique,83.3,1,14.3,aftershock sequence
1744,842,7,2007-10-02 18:00:06.870000+00:00,2007-10-02 22:44:14.630000+00:00,0.2,usp000fpqs,2007-10-02 18:00:06.870000+00:00,6.3,54.511,-161.708,Alaska,44.0,0,0.0,aftershock sequence
1745,2528,7,2019-12-05 14:39:13.681000+00:00,2019-12-12 18:59:40.446000+00:00,7.2,us60006n19,2019-12-06 13:04:46.540000+00:00,6.0,-15.2594,-175.1035,Tonga,111.8,0,42.9,swarm
1746,272,7,2003-05-13 15:31:19.610000+00:00,2003-05-21 22:20:49.410000+00:00,8.3,usp000bxh2,2003-05-19 10:43:22.680000+00:00,6.0,-18.044,-178.67,Fiji,187.1,0,42.9,swarm
1747,276,7,2003-05-26 23:13:29.720000+00:00,2003-05-27 16:06:46.810000+00:00,0.7,usp000by7z,2003-05-26 23:13:29.720000+00:00,6.9,6.761,123.707,Philippines,33.1,1,0.0,aftershock sequence
1748,278,7,2003-05-31 12:11:59.340000+00:00,2003-06-11 14:17:42.260000+00:00,11.1,usp000byrp,2003-06-01 17:50:21.990000+00:00,5.6,28.197,142.773,Japan,34.5,0,14.3,aftershock sequence
1749,3340,7,2025-04-29 13:35:26.180000+00:00,2025-05-09 18:33:04.851000+00:00,10.2,us7000pvtd,2025-04-29 13:35:26.180000+00:00,5.2,-27.8016,-176.5263,Kermadec Islands,73.8,0,0.0,aftershock sequence
1750,3352,7,2025-05-23 10:07:07.563000+00:00,2025-06-02 03:48:26.530000+00:00,9.7,us6000qgib,2025-05-28 21:22:47.981000+00:00,5.0,-15.8553,167.0117,Vanuatu,177.7,0,42.9,swarm
1751,249,7,2003-01-19 18:34:42.280000+00:00,2003-01-24 14:19:07.600000+00:00,4.8,usp000bnum,2003-01-19 18:34:42.280000+00:00,5.5,-5.198,153.633,Papua New Guinea,97.9,0,0.0,aftershock sequence
1752,2153,7,2017-04-03 17:40:18.560000+00:00,2017-04-08 19:55:32.780000+00:00,5.1,us10008e3k,2017-04-03 17:40:18.560000+00:00,6.5,-22.6784,25.1558,Botswana,59.6,1,0.0,aftershock sequence
1753,2157,7,2017-04-10 03:12:55.800000+00:00,2017-04-19 15:42:25.160000+00:00,9.5,us10008g5m,2017-04-10 03:12:55.800000+00:00,5.0,-56.1129,-26.3488,South Sandwich Islands,124.1,0,0.0,aftershock sequence
1754,2158,7,2017-04-11 21:21:00.860000+00:00,2017-04-15 20:40:56.390000+00:00,4.0,us10008gsq,2017-04-11 21:21:00.860000+00:00,5.8,7.6766,124.8119,Philippines,18.8,0,0.0,aftershock sequence
1755,2161,7,2017-04-10 21:42:59.830000+00:00,2017-04-22 17:55:48.220000+00:00,11.8,us10008jh4,2017-04-21 10:34:57.540000+00:00,5.0,-4.673,153.2952,Papua New Guinea,148.1,0,57.1,swarm
1756,1707,7,2014-05-16 11:01:40.020000+00:00,2014-05-17 14:47:34.970000+00:00,1.2,usb000qqlq,2014-05-16 11:01:40.020000+00:00,5.9,17.0863,-60.3648,Guadeloupe,9.1,0,0.0,aftershock sequence
1757,2126,7,2017-01-16 12:50:19.690000+00:00,2017-01-18 14:52:56.800000+00:00,2.1,us10007tmm,2017-01-17 09:21:52.470000+00:00,5.1,-56.7343,-25.8633,South Sandwich Islands,120.2,0,14.3,aftershock sequence
1758,2133,7,2017-01-29 00:07:09.920000+00:00,2017-02-13 14:35:13.800000+00:00,15.6,us20008j60,2017-02-11 11:15:57.370000+00:00,5.0,-23.7544,-179.9039,Fiji Islands,75.1,0,57.1,swarm
1759,2858,7,2022-01-27 02:08:51.196000+00:00,2022-02-06 13:03:10.588000+00:00,10.5,us7000gffj,2022-01-27 02:08:51.196000+00:00,4.7,-18.1423,-177.7383,Fiji,113.2,0,0.0,aftershock sequence
1760,2864,7,2022-02-08 05:36:06.789000+00:00,2022-02-15 02:38:16.281000+00:00,6.9,us7000gk1p,2022-02-08 08:00:30.746000+00:00,5.1,-55.2677,-144.8182,Pacific-Antarctic Ridge,52.5,0,28.6,swarm
1761,2538,7,2019-12-23 16:44:13.789000+00:00,2019-12-25 20:38:52.559000+00:00,2.2,us70006qt7,2019-12-25 03:36:01.626000+00:00,6.3,50.6106,-129.963,Canada,40.5,0,71.4,swarm
1762,2545,7,2019-12-28 01:59:38.631000+00:00,2020-01-08 04:11:45.877000+00:00,11.1,us70006s54,2019-12-29 09:12:15.869000+00:00,5.4,4.6867,125.3963,Philippines,91.2,0,14.3,aftershock sequence
1763,2135,7,2017-02-04 02:17:38.890000+00:00,2017-02-13 20:40:37.680000+00:00,9.8,us20008jbf,2017-02-12 09:32:32.700000+00:00,5.1,-2.2442,139.011,Indonesia,100.9,0,57.1,swarm
1764,1739,7,2014-07-13 20:00:36.940000+00:00,2014-07-16 11:11:15.710000+00:00,2.6,usb000rsns,2014-07-13 20:00:36.940000+00:00,5.8,-4.0484,151.2699,Papua New Guinea,36.0,0,0.0,aftershock sequence
1765,1745,7,2014-07-28 03:36:46.020000+00:00,2014-07-30 16:21:54.970000+00:00,2.5,usb000rxuc,2014-07-28 03:36:46.020000+00:00,5.6,7.5014,136.769,Palau,40.5,0,0.0,aftershock sequence
1766,1746,7,2014-07-28 19:10:13.550000+00:00,2014-08-06 15:16:15.410000+00:00,8.8,usb000s0r6,2014-08-06 11:45:22.680000+00:00,6.2,-7.2741,128.0364,Timor Leste,47.0,0,42.9,swarm
1767,2142,7,2017-02-21 07:03:45.020000+00:00,2017-03-08 07:30:44.010000+00:00,15.0,us20008lsv,2017-02-23 15:11:05.790000+00:00,5.4,-5.8455,146.745,Papua New Guinea,120.4,0,28.6,swarm
1768,2144,7,2017-02-26 14:54:46.030000+00:00,2017-03-11 19:57:48.100000+00:00,13.2,us20008mw4,2017-02-28 07:49:02.860000+00:00,5.7,37.5666,141.3347,Japan,99.3,0,28.6,swarm
1769,2150,7,2017-03-29 04:09:24.190000+00:00,2017-04-06 21:27:59.500000+00:00,8.7,us20008vhl,2017-03-29 04:09:24.190000+00:00,6.6,56.9401,162.7861,Russia,21.5,1,0.0,aftershock sequence
1770,1726,7,2014-06-20 15:46:45.400000+00:00,2014-06-23 16:25:22.710000+00:00,3.0,usc000risk,2014-06-20 15:46:45.400000+00:00,5.2,-4.7554,152.7224,Papua New Guinea,98.1,0,0.0,aftershock sequence
1771,2535,7,2019-12-20 05:44:29.647000+00:00,2019-12-20 11:27:13.929000+00:00,0.2,us70006nyq,2019-12-20 06:11:50.232000+00:00,5.1,59.6238,-30.4015,Reykjanes Ridge,20.1,0,14.3,aftershock sequence
1772,1257,7,2011-03-17 02:48:00.030000+00:00,2011-03-18 23:16:02.060000+00:00,1.9,usp000hxm2,2011-03-17 02:48:00.030000+00:00,6.2,-17.275,167.826,Vanuatu,64.4,0,0.0,aftershock sequence
1773,2847,7,2022-01-07 17:45:30.809000+00:00,2022-01-12 13:01:55.973000+00:00,4.8,us7000g9zq,2022-01-07 17:45:30.809000+00:00,6.6,37.8283,101.29,China,19.1,1,0.0,aftershock sequence
1774,2851,7,2022-01-13 13:31:59.346000+00:00,2022-01-19 14:47:57.382000+00:00,6.1,us7000gc0w,2022-01-14 16:43:22.073000+00:00,5.1,-7.8364,118.5907,Indonesia,85.3,0,28.6,swarm
1775,1238,7,2011-01-27 07:02:03.400000+00:00,2011-01-29 04:43:19+00:00,1.9,usp000htpz,2011-01-27 08:38:28.340000+00:00,6.2,28.195,59.015,Iran,26.4,0,14.3,aftershock sequence
1776,294,7,2003-07-19 11:04:55.730000+00:00,2003-07-20 13:08:05.400000+00:00,1.1,usp000c2w2,2003-07-19 13:13:48.270000+00:00,5.1,61.966,-26.746,Iceland,8.0,0,28.6,swarm
1777,295,7,2003-07-25 15:13:07.720000+00:00,2003-07-27 19:08:03.630000+00:00,2.2,usp000c3bu,2003-07-25 22:13:29.970000+00:00,6.1,38.415,140.996,Japan,41.6,0,28.6,swarm
1778,3322,7,2025-03-12 15:09:44.490000+00:00,2025-03-22 07:01:27.043000+00:00,9.7,us6000pybu,2025-03-12 15:09:44.490000+00:00,5.5,8.3112,127.3806,Philippines,129.1,0,0.0,aftershock sequence
1779,3325,7,2025-03-14 23:42:32.269000+00:00,2025-03-27 00:41:25.987000+00:00,12.0,us6000pyxv,2025-03-14 23:42:32.269000+00:00,5.9,-55.8177,-27.07,South Sandwich Islands,125.2,0,0.0,aftershock sequence
1780,265,7,2003-04-05 10:28:35.960000+00:00,2003-04-09 07:37:04.530000+00:00,3.9,usp000bum1,2003-04-07 02:12:15.560000+00:00,5.8,-21.068,174.066,Vanuatu,35.5,0,42.9,swarm
1781,268,7,2003-04-17 00:48:38.580000+00:00,2003-04-21 05:51:26.310000+00:00,4.2,usp000bvbg,2003-04-17 00:48:38.580000+00:00,6.4,37.529,96.476,China,15.9,0,0.0,aftershock sequence
1782,1221,7,2010-11-24 08:38:28.710000+00:00,2010-12-08 15:31:05.820000+00:00,14.3,usp000hqpa,2010-12-08 15:31:05.820000+00:00,5.5,-6.686,129.898,Banda Sea,161.3,0,85.7,swarm
1783,486,7,2005-02-28 08:12:11.780000+00:00,2005-03-11 19:10:35.800000+00:00,11.5,usp000dhkn,2005-03-05 19:06:51.460000+00:00,5.7,24.637,121.935,Taiwan,88.1,0,14.3,aftershock sequence
1784,487,7,2005-03-06 01:39:06.870000+00:00,2005-03-06 17:37:22.410000+00:00,0.7,usp000dhmv,2005-03-06 04:39:59.430000+00:00,6.1,-11.045,163.045,Solomon Islands,37.1,0,57.1,swarm
1785,3168,7,2023-12-21 11:29:51.481000+00:00,2023-12-21 20:45:23.021000+00:00,0.4,usd0010b47,2023-12-21 14:04:11.571000+00:00,5.2,35.2431,141.0136,Japan,31.1,0,28.6,swarm
1786,3170,7,2023-12-28 09:15:16.131000+00:00,2024-01-01 04:49:01.244000+00:00,3.8,us6000m05c,2023-12-28 09:15:16.131000+00:00,6.5,44.596,149.0388,Russia,24.2,1,0.0,aftershock sequence
1787,3171,7,2023-12-29 00:38:04.868000+00:00,2023-12-29 14:48:58.685000+00:00,0.6,us6000m0b4,2023-12-29 01:18:50.036000+00:00,5.7,-7.1134,67.98,Mid-Indian Ridge,22.3,0,28.6,swarm
1788,95,7,2001-06-04 21:51:18.840000+00:00,2001-06-19 13:19:21.330000+00:00,14.6,usp000agh4,2001-06-12 22:26:44.390000+00:00,4.7,-17.89,-178.54,Fiji,102.8,0,42.9,swarm
1789,1780,7,2014-09-17 05:53:44.730000+00:00,2014-10-03 07:40:12.310000+00:00,16.1,usb000sg60,2014-09-26 05:04:43.880000+00:00,4.7,-15.4428,-173.7388,Tonga,84.3,0,42.9,swarm
1790,2856,7,2022-01-24 13:16:23.425000+00:00,2022-01-27 14:59:20.922000+00:00,3.1,us7000gek3,2022-01-24 13:16:23.425000+00:00,5.3,18.4578,-73.3389,Haiti,13.5,0,0.0,aftershock sequence
1791,860,7,2007-11-06 05:35:21.500000+00:00,2007-11-23 00:40:14.740000+00:00,16.8,usp000fsnf,2007-11-15 22:33:02.460000+00:00,4.8,11.298,-86.778,Nicaragua,139.7,0,42.9,swarm
1792,862,7,2007-11-10 15:48:11.620000+00:00,2007-11-25 05:30:12.020000+00:00,14.6,usp000fsgw,2007-11-14 04:29:55.710000+00:00,5.3,1.485,127.038,Indonesia,125.8,0,14.3,aftershock sequence
1793,863,7,2007-11-12 21:21:05.940000+00:00,2007-11-24 13:48:40.020000+00:00,11.7,usp000ft42,2007-11-23 01:26:47.440000+00:00,5.9,-4.63,151.869,Papua New Guinea,97.9,0,71.4,swarm
1794,1204,7,2010-09-06 03:20:46+00:00,2010-09-20 13:44:41.600000+00:00,14.4,usp000hkg9,2010-09-09 07:28:01.720000+00:00,6.2,-37.034,-73.412,Chile,180.5,0,28.6,swarm
1795,2576,7,2020-03-25 02:49:21.160000+00:00,2020-03-26 05:22:10.624000+00:00,1.1,us70008fi4,2020-03-25 02:49:21.160000+00:00,7.5,48.9638,157.6955,Russia,89.3,1,0.0,aftershock sequence
1796,2117,7,2016-12-27 13:15:25.900000+00:00,2016-12-27 16:08:20.810000+00:00,0.1,us10007n1k,2016-12-27 15:25:28.600000+00:00,5.1,-3.7478,152.0948,Papua New Guinea,37.2,0,57.1,swarm
1797,1761,7,2014-08-10 22:39:37.460000+00:00,2014-08-24 09:04:03.530000+00:00,13.4,usb000s1rh,2014-08-10 22:39:37.460000+00:00,5.1,27.8239,142.8172,Japan,81.5,0,0.0,aftershock sequence
1798,621,7,2006-04-18 09:19:22.960000+00:00,2006-04-30 19:33:18.940000+00:00,12.4,usp000efvc,2006-04-30 19:33:18.940000+00:00,6.0,-15.523,-173.101,Tonga,110.0,0,85.7,swarm
1799,625,7,2006-05-01 07:47:59.890000+00:00,2006-05-10 15:06:40.700000+00:00,9.3,usp000efy7,2006-05-01 07:47:59.890000+00:00,5.9,8.165,-82.882,Panama,89.6,0,0.0,aftershock sequence
1800,627,7,2006-05-10 02:42:51.030000+00:00,2006-05-17 16:56:46.980000+00:00,7.6,usp000egqf,2006-05-10 02:42:51.030000+00:00,6.4,52.515,-169.256,Alaska,57.1,0,0.0,aftershock sequence
1801,2558,7,2020-01-25 19:24:52.714000+00:00,2020-01-26 10:20:56.683000+00:00,0.6,us60007fvs,2020-01-25 19:24:52.714000+00:00,5.3,-35.4781,-179.7067,North Island of New Zealand,67.6,0,0.0,aftershock sequence
1802,2568,7,2020-02-11 10:21:46.079000+00:00,2020-02-25 06:42:21.927000+00:00,13.8,us70007uvu,2020-02-22 19:46:11.305000+00:00,5.6,-21.8248,-174.6574,Tonga,77.5,0,57.1,swarm
1803,3252,7,2024-07-08 14:03:32.102000+00:00,2024-07-13 03:35:42.741000+00:00,4.6,us7000mytc,2024-07-12 09:30:31.763000+00:00,5.8,-15.5516,-74.8003,Peru,46.3,0,57.1,swarm
1804,2843,7,2021-12-24 15:28:37.923000+00:00,2022-01-03 14:49:51.428000+00:00,10.0,us6000gfgd,2021-12-26 15:42:57.107000+00:00,6.1,-18.1104,-179.352,Fiji,191.1,0,28.6,swarm
1805,2601,7,2020-05-26 17:17:58.914000+00:00,2020-05-30 03:51:48.657000+00:00,3.4,us6000a2de,2020-05-30 03:21:51.597000+00:00,5.5,25.9839,-44.9551,Mid-Atlantic Ridge,10.6,0,14.3,aftershock sequence
1806,2603,7,2020-06-06 22:11:53.245000+00:00,2020-06-19 09:24:26.508000+00:00,12.5,us6000a7cs,2020-06-07 03:39:50.648000+00:00,5.1,-23.714,69.7635,Mid-Indian Ridge,93.1,0,14.3,aftershock sequence
1807,1185,7,2010-07-07 06:50:40.970000+00:00,2010-07-10 09:12:30.020000+00:00,3.1,usp000hezn,2010-07-07 06:50:40.970000+00:00,5.9,-6.169,154.424,Papua New Guinea,90.9,0,0.0,aftershock sequence
1808,308,7,2003-09-22 04:45:36.240000+00:00,2003-09-28 09:55:03.070000+00:00,6.2,usp000c89d,2003-09-22 04:45:36.240000+00:00,6.4,19.777,-70.673,Dominican Republic,61.1,0,0.0,aftershock sequence
1809,312,7,2003-09-27 23:36:06.900000+00:00,2003-10-05 02:46:39.400000+00:00,7.1,usp000c8vy,2003-09-27 23:36:06.900000+00:00,5.6,44.666,150.348,Russia,57.7,0,0.0,aftershock sequence
1810,407,7,2004-07-30 07:37:36.370000+00:00,2004-08-08 11:45:10.940000+00:00,9.2,usp000d14d,2004-07-30 07:37:49.210000+00:00,5.3,3.634,126.798,Indonesia,155.5,0,14.3,aftershock sequence
1811,3231,7,2024-05-04 05:09:53.979000+00:00,2024-05-14 09:38:14.328000+00:00,10.2,us6000mxzs,2024-05-12 03:26:20.091000+00:00,5.4,-30.039,-177.9539,New Zealand,131.3,0,71.4,swarm
1812,3042,7,2023-02-18 23:03:04.877000+00:00,2023-02-28 16:14:14.239000+00:00,9.7,us6000jq07,2023-02-18 23:03:04.877000+00:00,5.2,-17.5398,-178.7009,Fiji,161.0,0,0.0,aftershock sequence
1813,3043,7,2023-02-24 02:35:44.995000+00:00,2023-03-01 11:12:07.279000+00:00,5.4,us7000jgfd,2023-03-01 05:36:14.834000+00:00,6.6,-4.8255,149.5041,Papua New Guinea,168.9,1,57.1,swarm
1814,3055,7,2023-03-14 06:47:34.436000+00:00,2023-03-29 16:47:02.108000+00:00,15.4,us7000jm54,2023-03-23 09:19:53.459000+00:00,5.3,38.0109,36.4273,Turkey,88.0,0,42.9,swarm
1815,3057,7,2023-03-18 17:05:14.215000+00:00,2023-03-24 04:38:09.911000+00:00,5.5,us7000jmc2,2023-03-24 04:25:29.944000+00:00,5.3,30.0034,141.8525,Japan,26.8,0,42.9,swarm
1816,3060,7,2023-04-02 18:04:11.261000+00:00,2023-04-14 18:09:25.208000+00:00,12.0,us6000k1id,2023-04-02 18:04:11.261000+00:00,7.0,-4.3229,143.1658,Papua New Guinea,18.3,1,0.0,aftershock sequence
1817,604,7,2006-03-11 16:22:09.760000+00:00,2006-03-28 13:11:34.180000+00:00,16.9,usp000ebyr,2006-03-11 16:22:09.760000+00:00,4.8,2.574,95.896,Indonesia,166.0,0,0.0,aftershock sequence
1818,1799,7,2014-11-07 01:59:19.990000+00:00,2014-11-21 13:43:32.220000+00:00,14.5,usc000sv8v,2014-11-07 01:59:19.990000+00:00,5.2,13.6351,-90.6693,Guatemala,64.5,0,0.0,aftershock sequence
1819,1775,7,2014-09-08 19:24:02.040000+00:00,2014-09-22 16:15:54.300000+00:00,13.9,usb000scbz,2014-09-14 18:17:35.370000+00:00,5.4,-21.1109,-173.9217,Tonga,81.3,0,28.6,swarm
1820,1778,7,2014-09-15 06:50:09.170000+00:00,2014-09-15 22:01:13.120000+00:00,0.6,usb000scmd,2014-09-15 18:27:20.610000+00:00,5.4,30.4209,-114.2749,Mexico,60.7,0,42.9,swarm
1821,1160,7,2010-03-08 02:32:34.710000+00:00,2010-03-08 15:04:54.010000+00:00,0.5,usp000h8x1,2010-03-08 02:32:34.710000+00:00,6.1,38.864,39.986,Turkey,21.5,0,0.0,aftershock sequence
1822,1139,7,2010-01-10 14:36:47.750000+00:00,2010-01-23 04:43:40.860000+00:00,12.6,usp000h6a2,2010-01-18 16:09:14.510000+00:00,5.7,-12.484,166.293,Solomon Islands,157.5,0,57.1,swarm
1823,1143,7,2010-01-19 07:06:37.670000+00:00,2010-01-25 04:14:59.460000+00:00,5.9,usp000h6h6,2010-01-23 09:08:55.490000+00:00,5.3,8.341,-83.01,Panama,49.8,0,14.3,aftershock sequence
1824,2618,7,2020-07-12 01:20:10.662000+00:00,2020-07-20 16:25:30.962000+00:00,8.6,us7000amnb,2020-07-13 08:13:26.396000+00:00,5.3,-33.277,-177.878,Kermadec Islands,66.2,0,28.6,swarm
1825,2628,7,2020-08-05 14:11:51.221000+00:00,2020-08-17 02:59:00.007000+00:00,11.5,us6000bemn,2020-08-14 11:50:48.215000+00:00,4.8,-15.6816,-173.7007,Tonga,125.7,0,42.9,swarm
1826,2629,7,2020-08-05 01:01:24.576000+00:00,2020-08-18 19:06:14.390000+00:00,13.8,us6000b9h2,2020-08-05 01:01:24.576000+00:00,5.0,-24.1379,-175.4365,Tonga,57.9,0,0.0,aftershock sequence
1827,2094,7,2016-11-08 04:55:45.900000+00:00,2016-11-09 12:21:29.820000+00:00,1.3,us10007681,2016-11-08 04:55:45.900000+00:00,6.0,-36.5776,-73.5603,Chile,16.6,0,0.0,aftershock sequence
1828,101,7,2001-06-24 03:59:48.060000+00:00,2001-07-01 09:11:35.440000+00:00,7.2,usp000ahq3,2001-06-29 22:33:19.120000+00:00,5.4,-15.408,-70.357,Peru,191.2,0,57.1,swarm
1829,3502,7,2026-05-20 12:48:55.330000+00:00,2026-06-04 09:56:06.434000+00:00,14.9,us6000szdy,2026-05-22 01:05:08.570000+00:00,5.9,1.0419,126.0891,Indonesia,85.4,0,14.3,aftershock sequence
1830,3503,7,2026-05-18 21:37:20.010000+00:00,2026-05-25 05:18:10.163000+00:00,6.3,us6000szgm,2026-05-22 12:16:14.327000+00:00,5.6,52.5259,-171.7222,Alaska,175.0,0,28.6,swarm
1831,3511,7,2026-06-15 22:38:34.698000+00:00,2026-06-22 12:45:13.992000+00:00,6.6,us7000su4d,2026-06-17 19:48:25.494000+00:00,5.0,-55.7142,-25.9627,South Sandwich Islands,78.5,0,57.1,swarm
1832,73,7,2001-02-01 18:49:07.480000+00:00,2001-02-06 04:54:11.460000+00:00,4.4,usp000a94j,2001-02-05 20:54:12.200000+00:00,5.2,1.643,127.852,Indonesia,121.4,0,14.3,aftershock sequence
1833,3236,7,2024-05-25 08:24:37.209000+00:00,2024-06-07 13:33:10.621000+00:00,13.2,us7000mnmx,2024-05-28 22:02:37.989000+00:00,5.0,-15.1301,-173.5833,Tonga,129.7,0,28.6,swarm
1834,3237,7,2024-05-24 17:07:12.173000+00:00,2024-06-02 01:28:36.309000+00:00,8.3,us7000mpaw,2024-05-31 17:10:59.107000+00:00,5.2,24.0165,121.5423,Taiwan,66.5,0,42.9,swarm
1835,3248,7,2024-06-16 14:47:33.155000+00:00,2024-06-29 07:22:47.284000+00:00,12.7,us6000n8tq,2024-06-28 05:36:36.902000+00:00,7.2,-15.8277,-74.454,Peru,35.0,1,42.9,swarm
1836,1171,7,2010-05-05 16:29:03.210000+00:00,2010-05-12 16:32:47.990000+00:00,7.0,usp000hcbx,2010-05-05 16:29:03.210000+00:00,6.5,-4.054,101.096,Indonesia,130.4,1,0.0,aftershock sequence
1837,1826,7,2015-01-09 23:55:42.580000+00:00,2015-01-13 01:01:37.430000+00:00,3.0,usc000ti9h,2015-01-10 19:06:53.970000+00:00,4.9,17.6717,147.9921,Mariana Islands,13.0,0,28.6,swarm
1838,2077,7,2016-08-29 04:29:57.860000+00:00,2016-09-02 08:40:21.300000+00:00,4.2,us20006uy6,2016-08-29 04:29:57.860000+00:00,7.1,-0.0456,-17.8255,Ascension Island,110.3,1,0.0,aftershock sequence
1839,1115,7,2009-11-02 10:47:13.240000+00:00,2009-11-09 06:19:14.590000+00:00,6.8,usp000h3nu,2009-11-02 10:47:13.240000+00:00,6.2,-24.121,-175.173,Tonga,103.9,0,0.0,aftershock sequence
1840,1122,7,2009-11-18 13:42:21.370000+00:00,2009-12-02 08:19:59+00:00,13.8,usp000h4cs,2009-11-24 12:47:15.660000+00:00,6.8,-20.708,-174.035,Tonga,92.4,1,14.3,aftershock sequence
1841,2834,7,2021-11-27 03:52:03.064000+00:00,2021-12-09 22:09:40.212000+00:00,12.8,us6000g8ne,2021-12-03 08:40:26.273000+00:00,5.5,-23.3794,-175.0029,Tonga,78.1,0,14.3,aftershock sequence
1842,893,7,2008-02-07 17:00:18.350000+00:00,2008-02-16 15:08:00.130000+00:00,8.9,usp000fyuj,2008-02-13 19:58:46.130000+00:00,6.2,-8.158,128.644,Timor Leste,94.3,0,14.3,aftershock sequence
1843,2081,7,2016-09-04 02:38:12.430000+00:00,2016-09-07 04:55:45.940000+00:00,3.1,us10006k8f,2016-09-04 02:38:12.430000+00:00,5.8,8.3989,125.8874,Philippines,90.9,0,0.0,aftershock sequence
1844,80,7,2001-03-08 21:11:24.580000+00:00,2001-03-23 10:53:48.170000+00:00,14.6,usp000ab48,2001-03-08 21:11:24.580000+00:00,5.4,-5.362,102.186,Indonesia,76.2,0,0.0,aftershock sequence
1845,83,7,2001-04-01 08:37:33.920000+00:00,2001-04-04 13:06:14.050000+00:00,3.2,usp000acc1,2001-04-01 08:37:33.920000+00:00,5.5,-34.409,55.464,Southwest Indian Ridge,17.7,0,0.0,aftershock sequence
1846,64,7,2001-01-03 12:27:58.910000+00:00,2001-01-08 22:42:41.480000+00:00,5.4,usp000a78u,2001-01-07 10:18:20.230000+00:00,5.9,-33.443,-72.233,Chile,57.6,0,28.6,swarm
1847,1815,7,2014-12-13 18:30:22.920000+00:00,2015-01-01 05:01:10.640000+00:00,18.4,usc000t8p4,2014-12-20 09:29:57.490000+00:00,5.9,37.4017,141.5534,Japan,171.5,0,14.3,aftershock sequence
1848,2093,7,2016-11-08 01:28:10.510000+00:00,2016-11-08 09:11:08.740000+00:00,0.3,us1000767e,2016-11-08 03:09:25.410000+00:00,5.7,-58.1134,148.1913,Macquarie Island,36.7,0,28.6,swarm
1849,2609,7,2020-06-20 15:05:11.383000+00:00,2020-06-21 19:46:17.826000+00:00,1.2,us6000ag18,2020-06-21 19:07:54.833000+00:00,6.0,66.381,-18.707,Iceland,14.7,0,42.9,swarm
1850,2611,7,2020-06-23 01:17:18.161000+00:00,2020-06-24 03:11:20.289000+00:00,1.1,us6000ah9t,2020-06-23 15:29:04.350000+00:00,7.4,15.8861,-96.0077,Mexico,49.6,1,14.3,aftershock sequence
1851,2615,7,2020-07-06 18:16:18.418000+00:00,2020-07-14 14:58:38.233000+00:00,7.9,us7000aixy,2020-07-06 18:16:18.418000+00:00,6.2,12.0809,140.2476,Micronesia,34.2,0,0.0,aftershock sequence
1852,1147,7,2010-01-24 18:48:46.350000+00:00,2010-02-08 14:36:20.730000+00:00,14.8,usp000h6t9,2010-01-31 02:01:15.130000+00:00,5.3,-21.014,-178.747,Fiji,182.1,0,42.9,swarm
1853,2684,7,2020-12-31 15:04:07.478000+00:00,2021-01-11 14:57:56.117000+00:00,11.0,us6000d729,2021-01-09 16:15:41.721000+00:00,4.9,-24.906,179.9501,Fiji Islands,102.5,0,42.9,swarm
1854,930,7,2008-05-04 03:01:06.170000+00:00,2008-05-05 06:36:34.760000+00:00,1.1,usp000g5gc,2008-05-04 17:18:51.390000+00:00,4.8,17.511,122.608,Philippines,14.5,0,57.1,swarm
1855,900,7,2008-02-23 08:04:56+00:00,2008-02-23 12:41:34.840000+00:00,0.2,usp000fzru,2008-02-23 11:03:54.950000+00:00,5.3,40.678,-29.398,Portugal,40.1,0,14.3,aftershock sequence
1856,873,7,2007-12-15 18:22:27.160000+00:00,2007-12-20 03:22:03.400000+00:00,4.4,usp000fuh6,2007-12-15 18:22:27.160000+00:00,5.9,-32.689,-71.695,Chile,61.7,0,0.0,aftershock sequence
1857,2645,7,2020-09-06 06:51:18.470000+00:00,2020-09-17 03:00:18.282000+00:00,10.8,us7000biu8,2020-09-06 06:51:18.470000+00:00,6.7,7.6829,-37.1544,Mid-Atlantic Ridge,25.7,1,0.0,aftershock sequence
1858,2650,7,2020-09-28 00:53:40.225000+00:00,2020-10-09 21:22:25.769000+00:00,11.9,us6000c760,2020-10-09 21:22:25.769000+00:00,5.4,-17.2045,167.4386,Vanuatu,73.7,0,85.7,swarm
1859,2659,7,2020-11-02 12:17:30.060000+00:00,2020-11-15 01:56:13.989000+00:00,12.6,us7000c992,2020-11-02 12:17:30.060000+00:00,4.8,10.6989,-86.4665,Nicaragua,52.2,0,0.0,aftershock sequence
1860,3303,7,2025-01-03 04:20:43.243000+00:00,2025-01-06 03:59:11.131000+00:00,3.0,us6000phzr,2025-01-05 13:35:00.645000+00:00,4.9,33.4555,142.0606,Japan,17.7,0,57.1,swarm
1861,302,7,2003-08-29 21:20:59.480000+00:00,2003-09-07 11:16:59.690000+00:00,8.6,usp000c6ze,2003-09-07 11:16:59.690000+00:00,5.4,-5.635,102.119,Indonesia,45.0,0,85.7,swarm
1862,303,7,2003-09-01 02:27:18.090000+00:00,2003-09-06 18:16:21.910000+00:00,5.7,usp000c6ju,2003-09-02 18:28:00.330000+00:00,6.4,-15.229,-173.223,Tonga,112.7,0,28.6,swarm
1863,1100,7,2009-09-07 14:24:47.340000+00:00,2009-09-17 01:47:43.370000+00:00,9.5,usp000h1cv,2009-09-10 02:46:50.350000+00:00,6.0,48.317,154.192,Russia,108.3,0,14.3,aftershock sequence
1864,3079,7,2023-05-05 05:42:04.365000+00:00,2023-05-10 12:54:48.376000+00:00,5.3,us6000k9mb,2023-05-05 05:42:04.365000+00:00,6.2,37.5476,137.2994,Japan,11.8,0,0.0,aftershock sequence
1865,599,7,2006-02-26 15:36:32.520000+00:00,2006-03-10 14:00:30.550000+00:00,11.9,usp000ebtp,2006-03-09 21:56:41.210000+00:00,4.9,-5.555,147.52,Papua New Guinea,135.6,0,71.4,swarm
1866,3083,7,2023-05-12 04:34:54.834000+00:00,2023-05-25 10:24:34.290000+00:00,13.2,us6000kbpk,2023-05-13 14:37:43.821000+00:00,5.0,10.1268,126.0458,Philippine Islands,126.3,0,28.6,swarm
1867,1821,7,2014-12-29 23:37:59.070000+00:00,2015-01-05 20:48:25.730000+00:00,6.9,usc000tauh,2014-12-30 21:17:23.920000+00:00,6.0,-20.3263,-178.5639,Fiji,140.0,0,14.3,aftershock sequence
1868,1824,7,2015-01-05 07:25:03.140000+00:00,2015-01-10 17:24:50.180000+00:00,5.4,usc000tbud,2015-01-05 15:16:27.830000+00:00,5.3,30.6064,142.1941,Japan,40.7,0,28.6,swarm
1869,341,7,2004-01-03 17:19:38.960000+00:00,2004-01-08 14:53:14.480000+00:00,4.9,usp000cgzq,2004-01-03 17:19:38.960000+00:00,5.0,-2.835,139.383,Indonesia,141.6,0,0.0,aftershock sequence
1870,342,7,2004-01-06 02:27:24.080000+00:00,2004-01-09 06:03:52.970000+00:00,3.2,usp000ch8t,2004-01-06 06:31:15.360000+00:00,4.7,31.904,49.597,Iran,38.7,0,14.3,aftershock sequence
1871,343,7,2004-01-12 19:49:27.450000+00:00,2004-01-13 20:17:03.940000+00:00,1.0,usp000chrw,2004-01-12 19:59:05.450000+00:00,4.9,59.201,-30.421,Reykjanes Ridge,42.2,0,14.3,aftershock sequence
1872,344,7,2004-01-20 16:46:35.460000+00:00,2004-01-26 08:11:05.940000+00:00,5.6,usp000cjkw,2004-01-24 21:46:01.200000+00:00,5.3,-22.518,170.007,New Caledonia,66.1,0,57.1,swarm
1873,3289,7,2024-11-07 01:55:31.511000+00:00,2024-11-20 00:05:07.793000+00:00,12.9,us7000nr0k,2024-11-10 15:46:58.318000+00:00,5.1,-30.4397,-177.747,New Zealand,77.7,0,57.1,swarm
1874,571,7,2005-12-05 12:19:56.620000+00:00,2005-12-15 22:08:29.760000+00:00,10.4,usp000e5jx,2005-12-05 12:19:56.620000+00:00,6.8,-6.224,29.83,Democratic Republic of the Congo,50.5,1,0.0,aftershock sequence
1875,1833,7,2015-01-27 14:20:36.310000+00:00,2015-02-10 17:40:17.590000+00:00,14.1,usc000tlul,2015-02-05 04:30:13.130000+00:00,4.7,-33.6509,-178.8626,Kermadec Islands,92.7,0,42.9,swarm
1876,2068,7,2016-08-09 23:30:47.750000+00:00,2016-08-18 16:54:09.780000+00:00,8.7,us10006dpp,2016-08-14 04:09:47.980000+00:00,5.5,-27.348,-176.2612,Kermadec Islands,127.3,0,14.3,aftershock sequence
1877,610,7,2006-03-30 16:17:06.500000+00:00,2006-04-12 11:47:40.600000+00:00,12.8,usp000edad,2006-03-31 01:17:00.960000+00:00,6.1,33.5,48.78,Iran,38.6,0,28.6,swarm
1878,3070,7,2023-04-20 14:50:24.591000+00:00,2023-04-22 01:33:40.178000+00:00,1.4,us6000k68t,2023-04-22 01:00:43.545000+00:00,4.8,30.6317,132.3989,Japan,11.2,0,71.4,swarm
1879,3071,7,2023-04-21 10:21:13.132000+00:00,2023-04-24 02:59:00.588000+00:00,2.7,us6000k60j,2023-04-21 10:21:13.132000+00:00,5.9,2.7652,127.0501,Indonesia,80.6,0,0.0,aftershock sequence
1880,2674,7,2020-12-13 00:05:17.358000+00:00,2020-12-25 01:20:00.687000+00:00,12.1,us7000cs9b,2020-12-18 20:49:15.746000+00:00,5.1,-32.6437,-178.8378,Kermadec Islands,98.6,0,14.3,aftershock sequence
1881,1082,7,2009-07-09 16:04:28.330000+00:00,2009-07-20 11:50:11.920000+00:00,10.8,usp000gzb6,2009-07-16 17:59:36.100000+00:00,5.8,-17.534,167.721,Vanuatu,99.1,0,71.4,swarm
1882,1091,7,2009-08-17 15:21:04.430000+00:00,2009-08-23 04:30:41.560000+00:00,5.5,usp000h0m3,2009-08-18 17:59:13.640000+00:00,5.6,-6.633,154.568,Papua New Guinea,20.9,0,14.3,aftershock sequence
1883,1093,7,2009-08-18 01:31:10.630000+00:00,2009-08-23 13:08:29.340000+00:00,5.5,usp000h0sj,2009-08-23 11:44:30.600000+00:00,5.5,2.483,127.077,Indonesia,133.0,0,71.4,swarm
1884,1095,7,2009-08-14 02:31:09.680000+00:00,2009-08-30 14:51:32.890000+00:00,16.5,usp000h121,2009-08-30 14:51:32.890000+00:00,6.6,-15.223,-172.571,Tonga,127.1,1,85.7,swarm
1885,2038,7,2016-06-10 03:25:22.920000+00:00,2016-06-14 03:45:29.860000+00:00,4.0,us200063cy,2016-06-10 03:25:22.920000+00:00,6.1,12.8318,-86.9633,Nicaragua,8.3,0,0.0,aftershock sequence
1886,1870,7,2015-05-05 20:01:13.440000+00:00,2015-05-05 20:53:20.980000+00:00,0.0,us20002c13,2015-05-05 20:53:20.980000+00:00,5.5,-15.3785,67.2078,Mid-Indian Ridge,80.2,0,85.7,swarm
1887,1071,7,2009-05-19 03:17:01.610000+00:00,2009-05-26 05:39:15.140000+00:00,7.1,usp000gxba,2009-05-20 09:57:42.490000+00:00,5.3,-7.143,67.966,Mid-Indian Ridge,60.6,0,42.9,swarm
1888,1060,7,2009-04-11 17:14:36.710000+00:00,2009-04-17 04:52:05.610000+00:00,5.5,usp000gw7m,2009-04-16 14:57:06.200000+00:00,6.7,-60.203,-26.858,South Sandwich Islands,74.5,1,14.3,aftershock sequence
1889,2700,7,2021-02-09 07:24:46.798000+00:00,2021-02-23 14:37:13.167000+00:00,14.3,us6000dfuw,2021-02-09 07:24:46.798000+00:00,5.2,-6.4061,129.8834,Banda Sea,104.8,0,0.0,aftershock sequence
1890,2705,7,2021-02-17 15:27:39.072000+00:00,2021-03-02 14:53:31.447000+00:00,13.0,us6000dk3a,2021-02-22 15:21:21.693000+00:00,5.2,14.4136,-93.1353,Mexico,91.8,0,28.6,swarm
1891,2794,7,2021-09-04 23:03:08.782000+00:00,2021-09-19 14:44:49.046000+00:00,14.7,us7000f81r,2021-09-04 23:03:08.782000+00:00,5.2,12.2646,144.3402,Guam,79.6,0,0.0,aftershock sequence
1892,1854,7,2015-03-19 03:15:22.950000+00:00,2015-04-01 08:11:29.260000+00:00,13.2,us10001nq0,2015-03-19 03:15:22.950000+00:00,5.2,53.5155,161.8237,Russia,36.9,0,0.0,aftershock sequence
1893,3088,7,2023-05-28 19:08:21.236000+00:00,2023-06-05 12:43:38.669000+00:00,7.7,us7000k5zj,2023-06-03 01:49:15.167000+00:00,5.4,-15.6647,-71.5943,Peru,55.0,0,14.3,aftershock sequence
1894,494,7,2005-03-14 21:49:04.280000+00:00,2005-04-01 19:21:51.830000+00:00,17.9,usp000djvn,2005-03-23 09:17:06.020000+00:00,5.2,12.312,92.568,India,91.4,0,42.9,swarm
1895,495,7,2005-03-28 19:26:40.220000+00:00,2005-03-29 19:04:06.180000+00:00,1.0,usp000dkf1,2005-03-29 06:16:15.220000+00:00,5.5,1.777,99.207,Indonesia,19.3,0,71.4,swarm
1896,917,7,2008-03-29 17:30:50.150000+00:00,2008-04-10 03:14:31.660000+00:00,11.4,usp000g2n7,2008-03-29 17:30:50.150000+00:00,6.3,2.855,95.296,Indonesia,94.5,0,0.0,aftershock sequence
1897,2827,7,2021-11-19 15:14:04.938000+00:00,2021-12-03 18:26:50.520000+00:00,14.1,us7000fvrk,2021-11-20 13:40:22.949000+00:00,5.3,-22.9274,171.962,Loyalty Islands,62.0,0,14.3,aftershock sequence
1898,2685,7,2021-01-06 11:26:42.626000+00:00,2021-01-21 06:26:03.415000+00:00,14.8,us6000d74p,2021-01-10 03:54:14.483000+00:00,6.1,-24.0412,-66.5729,Argentina,105.6,0,28.6,swarm
1899,2692,7,2021-01-21 12:23:04.255000+00:00,2021-02-01 17:14:48.534000+00:00,11.2,us7000d20e,2021-01-21 12:23:04.255000+00:00,7.0,4.9931,127.5145,Philippines,40.8,1,0.0,aftershock sequence
1900,2696,7,2021-01-26 18:50:19.515000+00:00,2021-02-08 06:56:19.732000+00:00,12.5,us6000ddut,2021-02-02 08:05:13.373000+00:00,4.9,-16.26,-172.7775,Tonga,137.5,0,28.6,swarm
1901,3524,7,2026-07-04 12:26:57.533000+00:00,2026-07-07 08:30:55.922000+00:00,2.8,us6000tal2,2026-07-07 05:55:40.260000+00:00,5.3,59.489,-30.2483,Reykjanes Ridge,34.3,0,71.4,swarm
1902,562,7,2005-11-01 08:04:04.760000+00:00,2005-11-05 15:51:36.430000+00:00,4.3,usp000e3jr,2005-11-05 15:28:38.170000+00:00,5.3,-35.118,-178.202,North Island of New Zealand,124.6,0,71.4,swarm
1903,564,7,2005-11-07 19:08:47.060000+00:00,2005-11-17 06:10:22.600000+00:00,9.5,usp000e4be,2005-11-16 23:48:35.840000+00:00,5.1,23.324,142.205,Japan,37.7,0,57.1,swarm
1904,2814,7,2021-10-05 04:11:07.004000+00:00,2021-10-14 20:49:18.495000+00:00,9.7,us6000fu72,2021-10-13 10:51:47.685000+00:00,5.0,-7.0998,130.0563,Indonesia,106.1,0,71.4,swarm
1905,2816,7,2021-10-24 23:05:17.482000+00:00,2021-11-01 03:45:05.022000+00:00,7.2,us7000fpce,2021-10-28 06:03:10.808000+00:00,5.0,-22.8596,-174.9278,Tonga,87.1,0,14.3,aftershock sequence
1906,2817,7,2021-10-25 16:05:11.108000+00:00,2021-11-06 20:32:52.918000+00:00,12.2,us6000fxel,2021-10-25 16:05:11.108000+00:00,4.7,-24.1351,179.9919,Fiji Islands,159.2,0,0.0,aftershock sequence
1907,2720,7,2021-03-18 22:14:43.748000+00:00,2021-03-19 01:54:26.237000+00:00,0.2,us7000dksx,2021-03-18 23:39:41.759000+00:00,5.5,-9.5605,155.5841,Solomon Islands,49.6,0,42.9,swarm
1908,3288,7,2024-11-06 20:19:56.281000+00:00,2024-11-18 07:06:26.733000+00:00,11.4,us7000nqak,2024-11-06 20:19:56.281000+00:00,4.7,29.8366,92.1951,China,19.5,0,0.0,aftershock sequence
1909,1033,7,2009-01-23 08:26:03.930000+00:00,2009-01-27 15:23:08.220000+00:00,4.3,usp000gt11,2009-01-24 03:05:35.800000+00:00,4.9,-56.936,-24.923,South Sandwich Islands,18.9,0,14.3,aftershock sequence
1910,1039,7,2009-02-02 03:24:47.750000+00:00,2009-02-09 20:49:24.280000+00:00,7.7,usp000gtg6,2009-02-05 23:14:36.580000+00:00,5.1,-27.393,-176.447,Kermadec Islands,20.6,0,57.1,swarm
1911,1043,7,2009-02-18 00:09:18.830000+00:00,2009-02-18 05:26:13.800000+00:00,0.2,usp000gu4s,2009-02-18 03:07:50.340000+00:00,5.9,-52.966,20.909,Africa,10.4,0,71.4,swarm
1912,3101,7,2023-07-02 18:13:21.205000+00:00,2023-07-05 12:07:12.579000+00:00,2.7,us6000kppk,2023-07-02 18:13:21.205000+00:00,5.1,-0.1034,97.3302,Indonesia,18.5,0,0.0,aftershock sequence
1913,3526,7,2026-07-07 20:01:29.307000+00:00,2026-07-12 23:27:48.837000+00:00,5.1,us6000tatd,2026-07-07 22:12:29.809000+00:00,5.0,28.6236,104.7307,China,11.6,0,14.3,aftershock sequence
1914,2025,7,2016-05-06 05:11:22.810000+00:00,2016-05-13 19:05:49.200000+00:00,7.6,us10005fp7,2016-05-07 05:42:13.500000+00:00,5.3,31.2618,129.297,Japan,31.6,0,14.3,aftershock sequence
1915,2029,7,2016-05-09 14:46:03.760000+00:00,2016-05-18 21:20:58.020000+00:00,9.3,us10005g1v,2016-05-09 14:46:03.760000+00:00,4.9,-56.1886,-27.7337,South Sandwich Islands,109.5,0,0.0,aftershock sequence
1916,2033,7,2016-06-01 08:30:21.330000+00:00,2016-06-07 11:07:06.610000+00:00,6.1,us200062i1,2016-06-07 10:51:37.720000+00:00,6.3,18.3637,-105.1731,Mexico,80.7,0,57.1,swarm
1917,546,7,2005-09-10 13:14:55.020000+00:00,2005-09-19 01:46:45.910000+00:00,8.5,usp000dz9g,2005-09-12 00:59:26.480000+00:00,4.9,-5.571,151.498,Papua New Guinea,110.7,0,14.3,aftershock sequence
1918,521,7,2005-06-23 12:44:38.880000+00:00,2005-06-23 23:45:20.270000+00:00,0.5,usp000dtrf,2005-06-23 12:44:38.880000+00:00,5.5,-29.261,-112.51,Easter Island,113.3,0,0.0,aftershock sequence
1919,1047,7,2009-02-18 21:53:45.160000+00:00,2009-03-01 08:17:39.260000+00:00,10.4,usp000gu5x,2009-02-18 21:53:45.160000+00:00,7.0,-27.424,-176.33,Kermadec Islands,175.0,1,0.0,aftershock sequence
1920,1024,7,2008-12-23 11:15:18.470000+00:00,2009-01-03 21:46:46.750000+00:00,11.4,usp000gr8h,2008-12-23 11:15:18.470000+00:00,5.9,-6.366,154.943,Papua New Guinea,171.7,0,0.0,aftershock sequence
1921,1028,7,2009-01-13 16:31:49.380000+00:00,2009-01-13 21:58:46.480000+00:00,0.2,usp000gsj9,2009-01-13 18:45:43.140000+00:00,5.0,20.0,147.093,Mariana Islands,16.0,0,28.6,swarm
1922,2732,7,2021-04-19 03:18:57.618000+00:00,2021-04-28 18:25:11.179000+00:00,9.6,us6000e3j6,2021-04-22 00:17:15.547000+00:00,5.5,-33.9889,-72.3632,Chile,5.8,0,71.4,swarm
1923,2736,7,2021-04-29 10:01:11.293000+00:00,2021-05-07 06:46:25.577000+00:00,7.9,us7000e04m,2021-05-04 19:51:42.472000+00:00,5.5,-20.6989,-173.7392,Tonga,57.4,0,28.6,swarm
1924,2738,7,2021-05-06 22:21:27.461000+00:00,2021-05-20 21:42:28.434000+00:00,14.0,us7000e230,2021-05-11 15:27:35.106000+00:00,5.4,-5.369,151.0243,Papua New Guinea,100.4,0,14.3,aftershock sequence
1925,941,7,2008-06-05 18:53:11.270000+00:00,2008-06-11 06:21:32.180000+00:00,5.5,usp000g8nf,2008-06-05 18:53:11.270000+00:00,5.0,-33.761,-178.637,Kermadec Islands,50.7,0,0.0,aftershock sequence
1926,387,7,2004-05-17 01:33:12.600000+00:00,2004-06-01 11:27:53.500000+00:00,15.4,usp000cwrs,2004-05-31 19:43:42.080000+00:00,4.7,-5.001,147.069,Papua New Guinea,89.4,0,71.4,swarm
1927,524,7,2005-07-08 04:30:02.770000+00:00,2005-07-10 10:18:17.680000+00:00,2.2,usp000duum,2005-07-09 10:07:01.320000+00:00,5.9,2.75,126.529,Indonesia,57.7,0,14.3,aftershock sequence
1928,1889,7,2015-06-03 06:06:58.830000+00:00,2015-06-18 02:38:55.540000+00:00,14.9,us20002pak,2015-06-12 11:07:08.040000+00:00,6.0,-15.6758,-173.0098,Tonga,144.3,0,42.9,swarm
1929,1893,7,2015-06-25 12:59:01.950000+00:00,2015-07-06 19:21:03.740000+00:00,11.3,us10002nmx,2015-07-06 12:24:08.560000+00:00,5.8,-20.7139,-174.5001,Tonga,118.1,0,42.9,swarm
1930,71,7,2001-01-25 06:49:17.170000+00:00,2001-02-02 05:12:38.120000+00:00,7.9,usp000a8n3,2001-01-29 14:08:05.430000+00:00,5.4,-5.893,103.304,Indonesia,51.4,0,14.3,aftershock sequence
1931,3514,7,2026-06-15 01:56:11.501000+00:00,2026-06-27 05:26:37.404000+00:00,12.1,us6000t7gf,2026-06-22 19:46:13.484000+00:00,5.1,-31.9144,-178.3672,Kermadec Islands,82.3,0,42.9,swarm
1932,3518,7,2026-06-24 22:05:04.053000+00:00,2026-06-29 11:01:02.693000+00:00,4.5,us6000t7zp,2026-06-24 22:05:04.053000+00:00,7.5,10.5955,-67.2205,Venezuela,125.6,1,0.0,aftershock sequence
1933,392,7,2004-05-20 12:39:37.990000+00:00,2004-05-31 23:42:00.570000+00:00,11.5,usp000cwcf,2004-05-27 10:10:36.280000+00:00,5.7,6.591,126.411,Philippines,122.8,0,42.9,swarm
1934,3260,7,2024-07-29 20:49:00.350000+00:00,2024-08-10 14:34:02.126000+00:00,11.7,us6000ngs0,2024-07-29 20:49:00.350000+00:00,5.2,-22.3683,170.8606,Loyalty Islands,105.4,0,0.0,aftershock sequence
1935,3263,7,2024-08-08 07:42:55.206000+00:00,2024-08-22 01:51:08.005000+00:00,13.8,us6000nith,2024-08-08 07:42:55.206000+00:00,7.1,31.7599,131.5021,Japan,85.7,1,0.0,aftershock sequence
1936,2741,7,2021-05-16 14:36:22.811000+00:00,2021-05-24 06:28:59.189000+00:00,7.7,us7000e51e,2021-05-21 12:58:17.701000+00:00,5.0,28.9216,142.599,Japan,39.5,0,57.1,swarm
1937,1004,7,2008-10-31 19:15:58.390000+00:00,2008-11-08 16:28:14.690000+00:00,7.9,usp000gn2j,2008-11-06 09:11:05.990000+00:00,5.9,-29.855,-177.441,New Zealand,61.7,0,42.9,swarm
1938,2745,7,2021-05-19 04:17:14.350000+00:00,2021-05-28 04:39:46.340000+00:00,9.0,us6000eez3,2021-05-27 03:58:11.741000+00:00,5.2,-13.3176,166.7304,Vanuatu,181.7,0,71.4,swarm
1939,1901,7,2015-07-16 11:01:45.920000+00:00,2015-07-25 19:55:21.050000+00:00,9.4,us20002xx1,2015-07-16 15:16:33.780000+00:00,6.5,13.8672,-58.5479,Barbados,51.6,1,14.3,aftershock sequence
1940,1908,7,2015-08-03 14:45:36.970000+00:00,2015-08-04 07:03:45.980000+00:00,0.7,us10002xgg,2015-08-03 14:45:36.970000+00:00,4.9,28.412,-43.68,Mid-Atlantic Ridge,66.2,0,0.0,aftershock sequence
1941,1911,7,2015-08-04 17:48:30.240000+00:00,2015-08-17 14:43:32.900000+00:00,12.9,us10003158,2015-08-11 16:46:10.700000+00:00,4.8,1.8452,126.3138,Indonesia,137.1,0,57.1,swarm
1942,1912,7,2015-08-10 03:27:31.830000+00:00,2015-08-14 22:29:18.650000+00:00,4.8,us100030pg,2015-08-10 04:12:15.810000+00:00,6.6,-9.3438,158.0525,Solomon Islands,47.3,2,14.3,aftershock sequence
1943,1882,7,2015-05-28 06:24:44.980000+00:00,2015-06-11 22:06:26.670000+00:00,14.7,us20002l4v,2015-06-01 23:40:14.400000+00:00,4.7,-23.8146,-179.9547,Fiji Islands,99.7,0,28.6,swarm
1944,1887,7,2015-06-07 18:06:45.690000+00:00,2015-06-11 08:29:06.210000+00:00,3.6,us20002mss,2015-06-07 18:06:45.690000+00:00,5.0,1.59,-90.8197,Ecuador,22.1,0,0.0,aftershock sequence
1945,3106,7,2023-07-16 06:48:21.158000+00:00,2023-07-24 12:04:19.007000+00:00,8.2,us7000kg30,2023-07-16 06:48:21.158000+00:00,7.2,54.3926,-160.762,Alaska,47.2,1,0.0,aftershock sequence
1946,3107,7,2023-07-19 00:22:07.656000+00:00,2023-07-30 00:11:47.161000+00:00,11.0,us7000kgpb,2023-07-19 00:22:07.656000+00:00,6.5,12.8,-88.0796,El Salvador,70.0,1,0.0,aftershock sequence
1947,3110,7,2023-07-19 00:48:53.598000+00:00,2023-07-24 05:02:49.228000+00:00,5.2,us7000khw8,2023-07-24 02:49:56.186000+00:00,6.0,-24.0956,178.7423,Fiji,134.5,0,14.3,aftershock sequence
1948,541,7,2005-08-25 23:09:18.420000+00:00,2005-09-10 07:17:02.630000+00:00,15.3,usp000dy21,2005-08-25 23:09:18.420000+00:00,5.7,-23.66,-179.977,Fiji Islands,125.4,0,0.0,aftershock sequence
1949,21,7,2000-05-24 05:40:37.740000+00:00,2000-05-27 03:08:21.520000+00:00,2.9,usp0009tde,2000-05-24 05:40:37.740000+00:00,5.7,36.042,22.012,Greece,19.6,0,0.0,aftershock sequence
1950,11,7,2000-03-29 17:54:18.670000+00:00,2000-03-31 18:12:24.890000+00:00,2.0,usp0009qjw,2000-03-31 18:12:24.890000+00:00,5.0,42.569,140.785,Japan,26.3,0,85.7,swarm
1951,6,7,2000-02-20 23:57:22.260000+00:00,2000-03-03 16:58:14.420000+00:00,11.7,usp0009ntr,2000-02-22 02:37:55.020000+00:00,5.5,21.611,143.631,Mariana Islands,98.9,0,42.9,swarm
1952,1991,7,2016-02-05 10:27:42.440000+00:00,2016-02-19 16:02:13.850000+00:00,14.2,us200050mj,2016-02-16 19:07:15.200000+00:00,5.0,-4.6597,152.635,Papua New Guinea,93.6,0,28.6,swarm
1953,7,7,2000-03-03 22:22:40.740000+00:00,2000-03-12 23:49:29.200000+00:00,9.1,usp0009p81,2000-03-03 22:22:40.740000+00:00,6.6,-6.817,143.807,Papua New Guinea,31.6,1,0.0,aftershock sequence
1954,37,7,2000-07-28 12:38:33.210000+00:00,2000-08-07 15:29:49.660000+00:00,10.1,usp0009xp4,2000-08-03 01:09:38.980000+00:00,6.6,-12.037,166.448,Solomon Islands,133.9,1,14.3,aftershock sequence
1955,2004,7,2016-03-27 13:22:33.670000+00:00,2016-04-02 17:53:16.630000+00:00,6.2,us20005cxt,2016-03-28 19:07:08.750000+00:00,5.5,-56.2536,-27.6408,South Sandwich Islands,109.9,0,14.3,aftershock sequence
1956,527,7,2005-07-18 07:48:42.050000+00:00,2005-07-30 04:29:48.340000+00:00,11.9,usp000dven,2005-07-18 07:48:42.050000+00:00,5.2,-23.617,-179.93,Fiji Islands,94.1,0,0.0,aftershock sequence
1957,531,7,2005-07-25 09:53:41+00:00,2005-08-13 16:51:28.670000+00:00,19.3,usp000dwht,2005-08-03 01:23:15.510000+00:00,4.9,-16.898,-70.6,Peru,77.0,0,42.9,swarm
1958,533,7,2005-08-03 09:27:32.230000+00:00,2005-08-06 16:02:46.200000+00:00,3.3,usp000dwju,2005-08-03 11:03:15.130000+00:00,6.3,11.247,-85.541,Nicaragua,27.2,0,14.3,aftershock sequence
1959,516,7,2005-06-15 02:50:54.190000+00:00,2005-06-19 09:27:18.810000+00:00,4.3,usp000dt25,2005-06-15 02:50:54.190000+00:00,7.2,41.292,-125.953,California,120.6,2,0.0,aftershock sequence
1960,954,7,2008-07-06 01:00:08.830000+00:00,2008-07-07 21:57:18.670000+00:00,1.9,usp000gbed,2008-07-06 01:00:08.830000+00:00,5.7,45.354,151.044,Russia,32.9,0,0.0,aftershock sequence
1961,959,7,2008-07-17 18:21:38.690000+00:00,2008-07-19 01:00:22.940000+00:00,1.3,usp000gcf5,2008-07-17 22:51:55.320000+00:00,5.7,44.371,-129.417,Oregon,48.3,0,71.4,swarm
1962,963,7,2008-07-22 00:52:51.170000+00:00,2008-08-08 13:59:03.480000+00:00,17.5,usp000gcx3,2008-07-22 19:40:16.080000+00:00,4.8,36.656,71.084,Afghanistan,119.7,0,14.3,aftershock sequence
1963,997,7,2008-10-23 10:04:35.040000+00:00,2008-10-28 16:00:03.240000+00:00,5.2,usp000gkuz,2008-10-23 10:04:35.040000+00:00,6.3,-2.635,145.574,Papua New Guinea,131.6,0,0.0,aftershock sequence
1964,1000,7,2008-10-29 19:54:38.420000+00:00,2008-10-31 17:56:15.250000+00:00,1.9,usp000gmbq,2008-10-29 19:54:38.420000+00:00,5.2,4.152,126.635,Philippines,125.8,0,0.0,aftershock sequence
1965,448,7,2004-11-19 06:55:58.050000+00:00,2004-11-26 14:53:47.410000+00:00,7.3,usp000d8rg,2004-11-19 06:55:58.050000+00:00,5.4,-14.087,166.743,Vanuatu,79.5,0,0.0,aftershock sequence
1966,450,7,2004-11-15 10:51:38.600000+00:00,2004-11-26 09:57:26.050000+00:00,11.0,usp000d929,2004-11-23 21:04:55.510000+00:00,5.9,-24.294,178.99,Fiji Islands,136.3,0,42.9,swarm
1967,3193,7,2024-02-10 17:35:18.717000+00:00,2024-02-12 04:19:24.220000+00:00,1.4,us7000lyjh,2024-02-12 04:11:09.428000+00:00,5.4,5.4755,-32.8611,Mid-Atlantic Ridge,41.5,0,57.1,swarm
1968,3196,7,2024-02-17 21:43:42.772000+00:00,2024-02-25 13:48:32.901000+00:00,7.7,us7000m0cb,2024-02-20 14:57:30.744000+00:00,5.0,23.7516,123.2782,Japan,168.4,0,42.9,swarm
1969,3198,7,2024-02-28 05:56:11.907000+00:00,2024-03-12 05:07:56.903000+00:00,13.0,us6000mghc,2024-03-03 16:16:53.995000+00:00,6.8,-58.8881,159.1441,Macquarie Island,79.9,1,14.3,aftershock sequence
1970,3199,7,2024-02-29 09:35:40.027000+00:00,2024-03-02 11:23:12.500000+00:00,2.1,us6000mfxd,2024-02-29 20:43:16.110000+00:00,5.1,35.371,140.632,Japan,91.7,0,28.6,swarm
1971,3438,7,2025-12-22 16:02:33.175000+00:00,2025-12-29 21:50:33.423000+00:00,7.2,us7000rk2w,2025-12-22 16:02:33.175000+00:00,4.8,-21.0645,-177.9776,Tonga,117.4,0,0.0,aftershock sequence
1972,721,7,2007-01-07 19:14:06.870000+00:00,2007-01-22 17:12:55.330000+00:00,14.9,usp000f202,2007-01-08 20:52:20.640000+00:00,6.3,-18.58,-177.847,Fiji,102.3,0,28.6,swarm
1973,2954,7,2022-08-07 03:53:22.536000+00:00,2022-08-20 02:34:31.730000+00:00,12.9,us6000iakp,2022-08-13 18:57:15.821000+00:00,5.9,-5.9982,147.2807,Papua New Guinea,95.9,0,28.6,swarm
1974,699,7,2006-10-18 12:10:01.760000+00:00,2006-10-30 11:16:00.790000+00:00,12.0,usp000ewa7,2006-10-30 08:27:41.740000+00:00,5.6,2.324,126.777,Indonesia,130.5,0,71.4,swarm
1975,50,7,2000-10-16 18:09:31.860000+00:00,2000-10-26 05:37:59.730000+00:00,9.5,usp000a1x5,2000-10-16 18:09:31.860000+00:00,5.1,-5.482,101.725,Indonesia,145.2,0,0.0,aftershock sequence
1976,32,7,2000-07-16 03:57:45.560000+00:00,2000-07-22 04:22:27.540000+00:00,6.0,usp0009wkp,2000-07-16 03:57:45.560000+00:00,6.6,-7.747,150.917,Papua New Guinea,33.6,1,0.0,aftershock sequence
1977,3113,7,2023-07-28 07:03:06.605000+00:00,2023-07-28 11:49:50.672000+00:00,0.2,us6000kw3z,2023-07-28 07:58:55.884000+00:00,5.9,-30.4971,59.7825,Southwest Indian Ridge,23.6,0,71.4,swarm
1978,3121,7,2023-09-04 09:11:16.954000+00:00,2023-09-15 18:16:01.111000+00:00,11.4,us7000kv0k,2023-09-11 12:51:33.104000+00:00,6.0,1.1246,127.4888,Indonesia,179.9,0,71.4,swarm
1979,3122,7,2023-09-07 23:22:08.142000+00:00,2023-09-11 02:24:07.632000+00:00,3.1,us7000kujp,2023-09-09 08:20:04.885000+00:00,4.7,2.1503,-101.9782,Galapagos Triple Junction,101.0,0,14.3,aftershock sequence
1980,3127,7,2023-09-22 14:59:16.325000+00:00,2023-10-02 06:28:18.060000+00:00,9.6,us7000kxe7,2023-09-22 14:59:16.325000+00:00,5.8,-7.0623,129.7277,Indonesia,92.1,0,0.0,aftershock sequence
1981,3521,6,2026-06-28 22:14:23.262000+00:00,2026-07-03 01:53:45.626000+00:00,4.2,us6000t93x,2026-06-30 00:15:12.082000+00:00,5.1,-55.446,-27.0657,South Sandwich Islands,94.0,0,16.7,aftershock sequence
1982,20,6,2000-05-14 20:08:34.350000+00:00,2000-05-19 23:14:19.220000+00:00,5.1,usp0009syq,2000-05-14 20:08:34.350000+00:00,6.3,-4.296,123.164,Indonesia,21.1,0,0.0,aftershock sequence
1983,70,6,2001-01-20 22:48:44.520000+00:00,2001-01-21 11:58:52.630000+00:00,0.5,usp000a824,2001-01-20 22:48:44.520000+00:00,5.3,45.083,-28.135,Mid-Atlantic Ridge,19.2,0,0.0,aftershock sequence
1984,1999,6,2016-03-03 21:47:50.460000+00:00,2016-03-04 07:07:04.080000+00:00,0.4,us10004uik,2016-03-03 21:47:50.460000+00:00,5.9,-3.3298,148.8245,Papua New Guinea,39.6,0,0.0,aftershock sequence
1985,12,6,2000-04-13 13:12:53.780000+00:00,2000-04-14 00:32:07.330000+00:00,0.5,usp0009r89,2000-04-13 20:54:14.090000+00:00,5.9,10.301,126.523,Philippines,20.7,0,33.3,swarm
1986,35,6,2000-07-31 13:34:02.720000+00:00,2000-07-31 15:02:46.490000+00:00,0.1,usp0009xhe,2000-07-31 13:58:13.330000+00:00,5.2,40.782,-29.517,Portugal,31.1,0,33.3,swarm
1987,1957,6,2015-11-11 20:53:05.230000+00:00,2015-11-22 02:57:53.220000+00:00,10.3,us10003zcp,2015-11-18 18:31:04.570000+00:00,6.8,-8.8994,158.4217,Solomon Islands,72.9,1,33.3,swarm
1988,3554,6,2026-08-24 14:10:17.347000+00:00,2026-08-28 10:23:06.459000+00:00,3.8,us6000tn41,2026-08-24 14:10:17.347000+00:00,6.0,-6.6551,127.4245,Timor Leste,26.4,0,0.0,aftershock sequence
1989,3550,6,2026-08-14 00:46:19.097000+00:00,2026-08-27 04:30:15.407000+00:00,13.2,us6000tmei,2026-08-21 08:12:33.842000+00:00,5.1,-24.8208,-175.2565,Tonga,19.5,0,66.7,swarm
1990,102,6,2001-07-02 11:55:26+00:00,2001-07-07 05:37:54.370000+00:00,4.7,usp000aj2g,2001-07-06 11:33:51.090000+00:00,5.5,44.512,149.325,Russia,167.1,0,50.0,swarm
1991,94,6,2001-06-02 14:12:57.300000+00:00,2001-06-15 12:41:39.700000+00:00,12.9,usp000aga8,2001-06-09 08:22:42.920000+00:00,5.6,-5.127,152.73,Papua New Guinea,112.9,0,33.3,swarm
1992,92,6,2001-06-03 00:55:42.110000+00:00,2001-06-11 12:18:47.210000+00:00,8.5,usp000agcf,2001-06-10 15:18:33.380000+00:00,5.4,4.033,126.33,Philippines,147.7,0,66.7,swarm
1993,89,6,2001-05-21 19:23:41.130000+00:00,2001-05-28 19:19:05.010000+00:00,7.0,usp000afkt,2001-05-26 16:54:04.330000+00:00,4.8,4.094,126.677,Philippines,101.4,0,66.7,swarm
1994,1944,6,2015-10-22 00:32:28.420000+00:00,2015-10-22 07:50:29.880000+00:00,0.3,us10003qj8,2015-10-22 00:32:28.420000+00:00,5.2,-27.7741,74.0613,Mid-Indian Ridge,83.4,0,0.0,aftershock sequence
1995,1943,6,2015-10-20 21:52:02.560000+00:00,2015-10-21 21:26:35.510000+00:00,1.0,us10003q0q,2015-10-20 21:52:02.560000+00:00,7.1,-14.8595,167.3028,Vanuatu,29.8,1,0.0,aftershock sequence
1996,1939,6,2015-10-16 17:01:54.020000+00:00,2015-10-20 23:08:17.400000+00:00,4.3,us10003pkj,2015-10-19 02:17:37.110000+00:00,5.3,24.7696,122.0479,Taiwan,93.9,0,16.7,aftershock sequence
1997,3542,6,2026-07-28 03:16:08.805000+00:00,2026-08-02 14:31:43.060000+00:00,5.5,us6000tga9,2026-07-28 03:34:05.633000+00:00,5.8,35.4257,99.5723,China,23.1,0,16.7,aftershock sequence
1998,3489,6,2026-04-19 07:04:38.896000+00:00,2026-04-27 07:45:02.076000+00:00,8.0,us6000sshc,2026-04-24 03:18:53.617000+00:00,5.7,35.0303,25.8598,Greece,33.6,0,16.7,aftershock sequence
1999,3485,6,2026-04-08 08:33:16.233000+00:00,2026-04-18 09:25:49.773000+00:00,10.0,us7000sbap,2026-04-08 08:33:16.233000+00:00,5.0,-11.1577,163.0696,Solomon Islands,115.3,0,0.0,aftershock sequence
2000,116,6,2001-09-01 12:04:46.950000+00:00,2001-09-10 15:46:32.800000+00:00,9.2,usp000ane0,2001-09-01 13:08:11.610000+00:00,5.2,47.325,142.551,Russia,23.5,0,33.3,swarm
2001,111,6,2001-08-02 19:35:34.790000+00:00,2001-08-05 03:54:43.590000+00:00,2.3,usp000akt8,2001-08-04 01:44:53.700000+00:00,5.9,2.809,126.995,Indonesia,30.5,0,33.3,swarm
2002,108,6,2001-07-23 08:49:46.190000+00:00,2001-08-01 22:35:37.980000+00:00,9.6,usp000ak0s,2001-07-23 08:49:46.190000+00:00,5.2,-6.267,151.634,Papua New Guinea,146.7,0,0.0,aftershock sequence
2003,3468,6,2026-03-02 03:55:23.534000+00:00,2026-03-05 15:49:14.174000+00:00,3.5,us7000s1cq,2026-03-02 03:55:23.534000+00:00,6.0,22.9731,144.2098,Japan,28.7,0,0.0,aftershock sequence
2004,135,6,2001-12-01 15:49:09.190000+00:00,2001-12-02 10:52:54.750000+00:00,0.8,usp000attv,2001-12-01 15:49:09.190000+00:00,4.8,-4.34,-12.248,Ascension Island,30.9,0,0.0,aftershock sequence
2005,130,6,2001-11-14 09:26:10.010000+00:00,2001-11-15 16:19:45.530000+00:00,1.3,usp000asvm,2001-11-14 09:26:10.010000+00:00,7.8,35.946,90.541,China,56.6,1,0.0,aftershock sequence
2006,150,6,2002-02-09 21:03:32.440000+00:00,2002-02-19 20:37:51.730000+00:00,10.0,usp000ayfr,2002-02-14 15:51:22.480000+00:00,4.8,51.125,179.43,Alaska,91.7,0,16.7,aftershock sequence
2007,1924,6,2015-09-10 15:23:27.880000+00:00,2015-09-22 03:16:55.270000+00:00,11.5,us20003jrf,2015-09-15 19:37:34.830000+00:00,5.3,24.2353,121.8676,Taiwan,26.0,0,16.7,aftershock sequence
2008,1914,6,2015-08-13 15:58:32.360000+00:00,2015-08-18 10:55:35.910000+00:00,4.8,us100031zm,2015-08-13 15:58:32.360000+00:00,5.3,-32.8094,-178.2918,Kermadec Islands,47.9,0,0.0,aftershock sequence
2009,1980,6,2016-01-17 06:37:27.330000+00:00,2016-01-18 06:16:39.070000+00:00,1.0,us10004f5j,2016-01-17 08:30:23.720000+00:00,5.2,19.7204,-76.0967,Cuba,16.7,0,50.0,swarm
2010,2016,6,2016-04-17 09:19:39.510000+00:00,2016-04-26 17:31:43.170000+00:00,9.3,us20005liq,2016-04-25 08:02:45.510000+00:00,5.3,-17.9829,-178.4312,Fiji,101.4,0,66.7,swarm
2011,2010,6,2016-04-04 12:32:45+00:00,2016-04-17 14:59:45.190000+00:00,13.1,us20005eg7,2016-04-04 12:32:45+00:00,5.3,-31.2367,-71.77,Chile,102.4,0,0.0,aftershock sequence
2012,143,6,2002-01-12 00:18:24.840000+00:00,2002-01-14 07:28:06.080000+00:00,2.3,usp000aw97,2002-01-12 00:18:24.840000+00:00,5.3,25.64,125.336,Japan,10.6,0,0.0,aftershock sequence
2013,138,6,2001-12-08 19:26:20.320000+00:00,2001-12-14 11:10:13.160000+00:00,5.7,usp000au90,2001-12-08 19:26:20.320000+00:00,5.5,-5.824,147.387,Papua New Guinea,110.2,0,0.0,aftershock sequence
2014,3463,6,2026-02-17 02:20:03.044000+00:00,2026-02-17 10:59:22.874000+00:00,0.4,us6000s9p3,2026-02-17 03:36:37.139000+00:00,5.4,-57.3572,-30.1352,South Sandwich Islands,21.7,0,50.0,swarm
2015,3430,6,2025-12-08 18:41:15.496000+00:00,2025-12-21 01:12:10.804000+00:00,12.3,us6000rvhe,2025-12-17 17:05:57.315000+00:00,5.6,-58.6643,-25.2234,South Sandwich Islands,121.3,0,66.7,swarm
2016,3455,6,2026-01-26 03:31:46.014000+00:00,2026-02-01 10:49:55.676000+00:00,6.3,us6000s5s7,2026-01-31 20:59:31.336000+00:00,5.8,-20.9729,-174.0786,Tonga,143.1,0,66.7,swarm
2017,168,6,2002-04-14 00:44:43.390000+00:00,2002-04-21 00:04:28.340000+00:00,7.0,usp000b2v7,2002-04-20 22:39:45.040000+00:00,5.7,5.304,124.382,Philippines,84.7,0,50.0,swarm
2018,155,6,2002-03-06 14:31:39.660000+00:00,2002-03-17 23:39:19.640000+00:00,11.4,usp000b0hu,2002-03-17 23:39:19.640000+00:00,4.8,-17.958,-179.485,Fiji,149.1,0,83.3,swarm
2019,200,6,2002-08-15 05:30:26.230000+00:00,2002-08-15 20:35:51.980000+00:00,0.6,usp000b9xr,2002-08-15 05:30:26.230000+00:00,6.2,-1.196,121.333,Indonesia,72.9,0,0.0,aftershock sequence
2020,3434,6,2025-12-15 08:11:16.123000+00:00,2025-12-23 20:03:28.380000+00:00,8.5,us6000rv1u,2025-12-15 19:33:07.552000+00:00,5.7,51.7312,161.2012,Russia,147.9,0,16.7,aftershock sequence
2021,184,6,2002-06-15 04:14:35.170000+00:00,2002-06-16 18:22:57.620000+00:00,1.6,usp000b69x,2002-06-16 17:59:20.570000+00:00,5.4,-53.34,23.685,Africa,22.5,0,50.0,swarm
2022,182,6,2002-06-08 02:06:03.400000+00:00,2002-06-15 01:30:06.390000+00:00,7.0,usp000b634,2002-06-13 11:39:11.620000+00:00,5.0,-5.524,151.107,Papua New Guinea,85.5,0,50.0,swarm
2023,1865,6,2015-04-20 17:52:04.100000+00:00,2015-04-26 20:23:06.530000+00:00,6.1,us200029tz,2015-04-20 17:52:04.100000+00:00,4.6,-16.7503,-173.6624,Tonga,93.3,0,0.0,aftershock sequence
2024,2028,6,2016-05-15 09:51:40.970000+00:00,2016-05-24 21:03:17.620000+00:00,9.5,us10005i9n,2016-05-18 16:46:43.860000+00:00,6.9,0.4947,-79.616,Ecuador,76.5,2,50.0,swarm
2025,1904,6,2015-07-20 00:48:34.880000+00:00,2015-07-25 21:55:21.770000+00:00,5.9,us2000305b,2015-07-25 21:55:21.770000+00:00,5.1,13.1282,146.2059,Guam,151.0,0,83.3,swarm
2026,178,6,2002-05-25 02:35:41.100000+00:00,2002-06-01 17:17:38.970000+00:00,7.6,usp000b4xd,2002-05-25 02:35:41.100000+00:00,5.4,-21.404,-174.472,Tonga,71.0,0,0.0,aftershock sequence
2027,177,6,2002-05-22 00:12:23.440000+00:00,2002-05-27 14:52:47.980000+00:00,5.6,usp000b4v6,2002-05-23 22:05:51.820000+00:00,5.5,-5.816,102.064,Indonesia,116.8,0,16.7,aftershock sequence
2028,170,6,2002-04-18 16:08:36.780000+00:00,2002-04-23 11:08:47.920000+00:00,4.8,usp000b2p9,2002-04-18 16:08:36.780000+00:00,6.7,-27.535,-70.586,Chile,60.2,1,0.0,aftershock sequence
2029,3432,6,2025-12-12 20:13:55.024000+00:00,2025-12-24 05:50:52.267000+00:00,11.4,us6000rwcs,2025-12-21 17:53:56.743000+00:00,5.6,8.3759,127.6817,Philippines,122.4,0,50.0,swarm
2030,3390,6,2025-09-01 11:02:09.766000+00:00,2025-09-01 19:19:10.795000+00:00,0.3,ak025b7povrc,2025-09-01 11:02:09.766000+00:00,5.6,56.2482,-151.9738,Alaska,18.0,0,0.0,aftershock sequence
2031,3387,6,2025-08-30 14:58:50.189000+00:00,2025-09-12 17:29:44.061000+00:00,13.1,us7000qsly,2025-08-30 20:09:27.619000+00:00,5.5,-11.5525,166.3607,Solomon Islands,162.5,0,16.7,aftershock sequence
2032,3421,6,2025-11-13 08:33:18.756000+00:00,2025-11-22 18:41:20.057000+00:00,9.4,us6000rp1a,2025-11-18 22:36:33.063000+00:00,5.5,8.8279,-84.0117,Costa Rica,145.0,0,50.0,swarm
2033,3420,6,2025-11-11 08:29:31.185000+00:00,2025-11-21 17:37:49.663000+00:00,10.4,us6000rn8e,2025-11-14 11:33:42.700000+00:00,5.1,50.386,158.3195,Russia,126.0,0,33.3,swarm
2034,3419,6,2025-11-07 22:26:27.862000+00:00,2025-11-22 13:46:22.782000+00:00,14.6,us6000rm77,2025-11-07 22:26:27.862000+00:00,4.9,16.3742,-59.7104,Guadeloupe,27.8,0,0.0,aftershock sequence
2035,3415,6,2025-11-03 04:14:12.537000+00:00,2025-11-05 16:38:45.120000+00:00,2.5,us6000rl4e,2025-11-03 04:21:25.957000+00:00,5.3,4.8116,125.3874,Philippines,37.2,0,16.7,aftershock sequence
2036,3405,6,2025-10-11 16:01:59.301000+00:00,2025-10-11 21:41:28.740000+00:00,0.2,us6000rglb,2025-10-11 16:18:25.614000+00:00,5.6,13.8064,39.8822,Ethiopia,22.2,0,16.7,aftershock sequence
2037,3375,6,2025-07-21 20:50:29.022000+00:00,2025-07-26 17:09:23.894000+00:00,4.8,us6000qu3g,2025-07-22 06:38:16.286000+00:00,5.1,-4.688,-12.4335,Ascension Island,103.5,0,50.0,swarm
2038,193,6,2002-06-27 19:32:29.310000+00:00,2002-07-09 07:20:03.410000+00:00,11.5,usp000b72a,2002-06-27 19:47:41.110000+00:00,5.3,-4.253,152.68,Papua New Guinea,161.5,0,16.7,aftershock sequence
2039,211,6,2002-09-20 15:04:49.240000+00:00,2002-09-23 07:26:02.390000+00:00,2.7,usp000bcy5,2002-09-23 07:26:02.390000+00:00,5.2,-32.415,-178.296,Kermadec Islands,106.7,0,83.3,swarm
2040,208,6,2002-09-11 04:50:32.860000+00:00,2002-09-12 07:40:02.970000+00:00,1.1,usp000bbyp,2002-09-11 04:50:32.860000+00:00,5.5,83.136,-6.078,Svalbard,14.6,0,0.0,aftershock sequence
2041,1836,6,2015-02-08 18:31:57.050000+00:00,2015-02-16 03:45:22.280000+00:00,7.4,usc000tn88,2015-02-08 18:31:57.050000+00:00,4.8,-20.4447,-177.609,Tonga,150.8,0,0.0,aftershock sequence
2042,2048,6,2016-06-25 11:34:27.660000+00:00,2016-06-25 21:49:23.810000+00:00,0.4,us200066t7,2016-06-25 17:54:19.670000+00:00,5.5,53.9019,-35.3608,Reykjanes Ridge,36.6,0,16.7,aftershock sequence
2043,2043,6,2016-06-18 14:52:37.990000+00:00,2016-06-19 01:25:23.110000+00:00,0.4,us200065bg,2016-06-19 01:16:11.420000+00:00,5.3,-31.8832,57.1839,Southwest Indian Ridge,17.0,0,66.7,swarm
2044,1863,6,2015-04-18 02:41:04.410000+00:00,2015-04-26 12:12:07.820000+00:00,8.4,us200028dr,2015-04-22 17:03:12.030000+00:00,5.2,-30.6629,-178.3427,New Zealand,121.7,0,50.0,swarm
2045,1877,6,2015-05-26 16:38:27.740000+00:00,2015-05-30 17:10:23.170000+00:00,4.0,us10002c8s,2015-05-26 16:42:33.040000+00:00,5.8,-0.3277,135.7341,Indonesia,14.4,0,16.7,aftershock sequence
2046,3394,6,2025-09-09 04:08:01.584000+00:00,2025-09-09 19:31:43.949000+00:00,0.6,us7000quwy,2025-09-09 04:08:01.584000+00:00,5.7,42.36,-126.5618,Oregon,24.4,0,0.0,aftershock sequence
2047,231,6,2002-11-14 15:30:29.070000+00:00,2002-11-17 09:24:31.880000+00:00,2.7,usp000bhrf,2002-11-15 19:58:31.780000+00:00,6.6,-56.051,-36.404,South Georgia Island,81.4,1,33.3,swarm
2048,229,6,2002-11-07 15:14:06.760000+00:00,2002-11-09 04:43:16.870000+00:00,1.6,usp000bgz7,2002-11-07 15:14:06.760000+00:00,6.6,51.197,179.334,Alaska,16.7,1,0.0,aftershock sequence
2049,224,6,2002-10-24 06:08:37.980000+00:00,2002-10-26 12:56:47.710000+00:00,2.3,usp000bf6u,2002-10-24 06:08:37.980000+00:00,6.2,-1.884,29.004,Democratic Republic of the Congo,38.5,0,0.0,aftershock sequence
2050,221,6,2002-10-15 23:09:47.190000+00:00,2002-10-29 00:05:56.570000+00:00,13.0,usp000beqt,2002-10-17 04:23:55.940000+00:00,6.2,-19.842,-178.401,Fiji,100.1,0,16.7,aftershock sequence
2051,220,6,2002-10-21 05:05:51.020000+00:00,2002-10-25 00:31:08.960000+00:00,3.8,usp000bf24,2002-10-23 04:33:19.080000+00:00,5.1,-5.627,151.191,Papua New Guinea,131.4,0,33.3,swarm
2052,3384,6,2025-08-14 16:07:38.124000+00:00,2025-08-22 17:31:23.164000+00:00,8.1,us6000r201,2025-08-19 06:08:41.850000+00:00,5.2,-57.1412,-67.2466,Argentina,44.5,0,50.0,swarm
2053,3383,6,2025-08-16 22:52:07.212000+00:00,2025-08-27 00:10:36.929000+00:00,10.1,us6000r1yq,2025-08-18 23:03:09.204000+00:00,5.6,-24.3735,-175.9688,Tonga,59.0,0,16.7,aftershock sequence
2054,3498,6,2026-05-06 15:12:20.747000+00:00,2026-05-13 05:39:53.849000+00:00,6.6,us6000svuv,2026-05-07 04:15:23.864000+00:00,4.6,51.3925,159.9,Russia,106.4,0,16.7,aftershock sequence
2055,104,6,2001-06-29 10:00:22.050000+00:00,2001-07-10 21:05:28.330000+00:00,11.5,usp000ahp6,2001-06-29 10:00:22.050000+00:00,4.7,-17.758,-177.955,Fiji,135.8,0,0.0,aftershock sequence
2056,3372,6,2025-07-09 05:27:33.211000+00:00,2025-07-21 04:50:28.587000+00:00,12.0,us7000qdrz,2025-07-19 06:53:41.553000+00:00,5.0,-0.6856,123.1922,Indonesia,92.4,0,50.0,swarm
2057,1818,6,2014-12-24 01:19:38.840000+00:00,2014-12-30 18:42:48.850000+00:00,6.7,usc000t9lm,2014-12-24 01:58:01.740000+00:00,5.9,-56.3945,147.336,Macquarie Island,35.8,0,16.7,aftershock sequence
2058,1817,6,2014-12-20 22:54:28.420000+00:00,2014-12-22 21:01:06.380000+00:00,1.9,usc000t8tf,2014-12-21 02:57:38.130000+00:00,5.2,50.959,-130.194,Canada,33.2,0,16.7,aftershock sequence
2059,1890,6,2015-06-10 08:33:03.780000+00:00,2015-06-11 05:29:59.510000+00:00,0.9,us20002nj8,2015-06-10 08:33:03.780000+00:00,5.8,39.6795,143.319,Japan,22.0,0,0.0,aftershock sequence
2060,234,6,2002-11-20 21:32:30.810000+00:00,2002-11-24 13:32:46.960000+00:00,3.7,usp000bj2e,2002-11-20 21:32:30.810000+00:00,6.3,35.414,74.515,Pakistan,30.8,0,0.0,aftershock sequence
2061,3347,6,2025-05-03 15:49:06.586000+00:00,2025-05-16 14:57:03.467000+00:00,13.0,us7000pyn1,2025-05-11 11:22:21.597000+00:00,5.9,-17.6883,168.3085,Vanuatu,39.8,0,50.0,swarm
2062,3346,6,2025-05-07 22:34:57.924000+00:00,2025-05-20 12:14:48.246000+00:00,12.6,us7000pycn,2025-05-10 00:39:35.581000+00:00,4.6,-20.0054,-178.2834,Fiji,91.2,0,33.3,swarm
2063,65,6,2001-01-09 07:20:54.300000+00:00,2001-01-13 14:42:10.370000+00:00,4.3,usp000a7c3,2001-01-09 07:52:03.640000+00:00,5.6,-18.491,176.054,Fiji,21.8,0,33.3,swarm
2064,61,6,2000-12-15 22:53:30.170000+00:00,2000-12-26 04:24:39.660000+00:00,10.2,usp000a6fq,2000-12-21 03:05:58.630000+00:00,5.0,-18.235,-178.134,Fiji,130.1,0,33.3,swarm
2065,86,6,2001-04-26 18:59:51.020000+00:00,2001-04-27 06:36:18.520000+00:00,0.5,usp000ae04,2001-04-26 18:59:51.020000+00:00,5.7,8.338,-103.21,East Pacific Rise,47.5,0,0.0,aftershock sequence
2066,82,6,2001-03-31 17:55:00.900000+00:00,2001-04-07 17:34:45.050000+00:00,7.0,usp000acav,2001-03-31 18:30:32.700000+00:00,5.3,49.119,156.191,Russia,15.4,0,33.3,swarm
2067,78,6,2001-02-20 08:53:43.480000+00:00,2001-03-04 20:17:23.800000+00:00,12.5,usp000aa3z,2001-02-22 07:55:51.540000+00:00,5.6,-27.821,-71.455,Chile,60.2,0,16.7,aftershock sequence
2068,3504,6,2026-05-20 02:26:51.312000+00:00,2026-05-31 05:57:11.048000+00:00,11.1,us6000szxz,2026-05-24 16:48:40.991000+00:00,5.5,9.2772,126.2883,Philippines,87.5,0,50.0,swarm
2069,3324,6,2025-03-18 00:12:06.395000+00:00,2025-03-20 09:34:01.863000+00:00,2.4,us6000pzxi,2025-03-20 06:30:19.231000+00:00,5.7,-60.4288,-27.2551,South Sandwich Islands,35.6,0,66.7,swarm
2070,3323,6,2025-03-17 17:32:18.505000+00:00,2025-03-24 15:52:25.009000+00:00,6.9,us6000pzdn,2025-03-17 17:32:18.505000+00:00,5.8,-2.831,130.1617,Indonesia,22.3,0,0.0,aftershock sequence
2071,3358,6,2025-06-08 13:08:05.797000+00:00,2025-06-09 12:03:48.706000+00:00,1.0,us6000qixr,2025-06-08 13:08:05.797000+00:00,6.3,4.4852,-73.1248,Colombia,23.3,0,0.0,aftershock sequence
2072,1812,6,2014-12-02 16:00:39.550000+00:00,2014-12-14 05:25:17.790000+00:00,11.6,usc000t7br,2014-12-02 16:00:39.550000+00:00,4.7,37.0197,140.7509,Japan,171.0,0,0.0,aftershock sequence
2073,2082,6,2016-09-05 22:54:03.930000+00:00,2016-09-07 22:20:46.650000+00:00,2.0,us10006kpq,2016-09-05 22:54:03.930000+00:00,6.1,54.4153,168.5415,Russia,22.1,0,0.0,aftershock sequence
2074,2080,6,2016-09-02 11:23:06.330000+00:00,2016-09-03 21:04:07.490000+00:00,1.4,us10006jmt,2016-09-02 11:23:06.330000+00:00,5.5,-19.5002,-173.7059,Tonga,139.6,0,0.0,aftershock sequence
2075,1856,6,2015-03-28 16:44:39.050000+00:00,2015-04-03 10:31:17.440000+00:00,5.7,us10001tjh,2015-04-03 10:31:17.440000+00:00,5.3,-30.2032,-178.8497,New Zealand,64.0,0,83.3,swarm
2076,1829,6,2015-01-14 08:33:41.050000+00:00,2015-01-22 03:16:04.220000+00:00,7.8,usc000tgci,2015-01-16 07:13:16.360000+00:00,5.0,-17.8523,167.624,Vanuatu,102.8,0,16.7,aftershock sequence
2077,1823,6,2014-12-30 04:19:33.400000+00:00,2015-01-10 17:03:07.580000+00:00,11.5,usc000tarf,2014-12-30 04:19:33.400000+00:00,5.3,28.44,51.84,Iran,32.5,0,0.0,aftershock sequence
2078,255,6,2003-02-14 19:56:16.060000+00:00,2003-02-20 06:53:15.630000+00:00,5.5,usp000bqr6,2003-02-15 11:01:59.860000+00:00,6.3,12.168,124.079,Philippines,32.0,0,50.0,swarm
2079,3348,6,2025-05-12 14:34:11.580000+00:00,2025-05-19 19:32:03.042000+00:00,7.2,us7000q05q,2025-05-19 15:24:11.872000+00:00,5.0,-24.4031,-175.0876,Tonga,135.2,0,50.0,swarm
2080,3313,6,2025-02-08 23:23:14.697000+00:00,2025-02-14 07:26:23.748000+00:00,5.3,us7000pcdl,2025-02-08 23:23:14.697000+00:00,7.6,17.6506,-82.395,Cayman Islands,106.7,1,0.0,aftershock sequence
2081,3307,6,2025-01-18 16:09:04.699000+00:00,2025-01-18 19:44:18.024000+00:00,0.1,us6000pkzc,2025-01-18 19:31:29.159000+00:00,5.0,24.9047,123.4363,Japan,12.0,0,66.7,swarm
2082,3339,6,2025-04-18 02:57:49.025000+00:00,2025-04-30 13:45:46.106000+00:00,12.4,us7000pu7q,2025-04-22 13:29:08.956000+00:00,5.7,-5.498,146.9905,Papua New Guinea,147.4,0,16.7,aftershock sequence
2083,267,6,2003-04-16 19:22:34.530000+00:00,2003-04-20 17:06:13.860000+00:00,3.9,usp000bvf2,2003-04-18 08:35:53.660000+00:00,5.6,-55.039,-128.695,Pacific-Antarctic Ridge,64.8,0,66.7,swarm
2084,291,6,2003-07-10 17:06:37.660000+00:00,2003-07-20 01:40:30.090000+00:00,9.4,usp000c251,2003-07-10 17:06:37.660000+00:00,5.8,28.355,54.169,Iran,19.5,0,0.0,aftershock sequence
2085,2098,6,2016-11-16 20:44:27.450000+00:00,2016-11-24 14:09:09.330000+00:00,7.7,us10007atk,2016-11-20 07:06:22.410000+00:00,4.6,-24.1574,-67.1198,Argentina,106.0,0,33.3,swarm
2086,2092,6,2016-10-28 05:28:34.790000+00:00,2016-11-09 21:06:08.200000+00:00,12.7,us100073r9,2016-11-02 16:15:24.050000+00:00,5.0,-30.5023,-177.6518,New Zealand,92.7,0,33.3,swarm
2087,3318,6,2025-02-22 20:39:29.571000+00:00,2025-02-23 04:17:35.944000+00:00,0.3,us7000pfjc,2025-02-23 01:31:52.085000+00:00,5.6,-7.4856,155.8717,Solomon Islands,45.4,0,33.3,swarm
2088,3317,6,2025-02-13 15:08:11.467000+00:00,2025-02-27 02:19:42.266000+00:00,13.5,us7000pdj1,2025-02-14 00:22:57.808000+00:00,5.0,-6.9997,129.6482,Banda Sea,167.4,0,16.7,aftershock sequence
2089,3316,6,2025-02-14 20:28:25.423000+00:00,2025-02-27 08:27:48.005000+00:00,12.5,us7000pdu6,2025-02-14 20:28:25.423000+00:00,5.9,8.9453,39.9058,Ethiopia,86.5,0,0.0,aftershock sequence
2090,3315,6,2025-02-12 08:08:25.913000+00:00,2025-02-22 18:30:58.566000+00:00,10.4,us7000pdlg,2025-02-14 12:50:03.769000+00:00,5.3,11.5308,125.7609,Philippines,56.0,0,16.7,aftershock sequence
2091,3276,6,2024-09-27 04:36:19.941000+00:00,2024-10-06 17:10:04.271000+00:00,9.5,us6000nwx4,2024-10-06 17:10:04.271000+00:00,5.2,9.2414,40.1774,Ethiopia,48.6,0,83.3,swarm
2092,3275,6,2024-09-18 11:53:53.855000+00:00,2024-09-24 08:36:07.316000+00:00,5.9,us6000nsve,2024-09-18 11:53:53.855000+00:00,5.7,-27.4225,-176.6924,Kermadec Islands,68.8,0,0.0,aftershock sequence
2093,299,6,2003-08-14 05:14:54.760000+00:00,2003-08-16 14:49:13.500000+00:00,2.4,usp000c4tt,2003-08-14 05:14:54.760000+00:00,6.3,39.16,20.605,Greece,65.8,0,0.0,aftershock sequence
2094,298,6,2003-08-05 12:48:49.250000+00:00,2003-08-11 15:39:50.080000+00:00,6.1,usp000c4kv,2003-08-11 00:19:09.280000+00:00,6.0,1.142,128.152,Indonesia,94.2,0,16.7,aftershock sequence
2095,327,6,2003-11-11 13:11:20.580000+00:00,2003-11-15 10:13:06.670000+00:00,3.9,usp000ccm6,2003-11-11 13:44:53.280000+00:00,6.1,-30.616,-179.01,Kermadec Islands,66.9,0,16.7,aftershock sequence
2096,319,6,2003-10-25 12:41:35.250000+00:00,2003-10-25 17:55:33.030000+00:00,0.2,usp000cb83,2003-10-25 12:41:35.250000+00:00,5.8,38.4,100.951,China,34.2,0,0.0,aftershock sequence
2097,318,6,2003-10-18 16:40:34.820000+00:00,2003-10-20 07:27:54.960000+00:00,1.6,usp000caqx,2003-10-18 22:27:13.250000+00:00,6.4,0.444,126.103,Indonesia,99.6,0,16.7,aftershock sequence
2098,316,6,2003-10-15 11:48:49.330000+00:00,2003-10-26 16:39:11.830000+00:00,11.2,usp000cafv,2003-10-16 03:20:55.370000+00:00,4.8,19.761,-70.693,Dominican Republic,61.6,0,16.7,aftershock sequence
2099,3270,6,2024-09-09 09:56:46.408000+00:00,2024-09-16 18:11:59.598000+00:00,7.3,us7000ndsf,2024-09-14 11:41:32.385000+00:00,5.5,13.0307,144.2535,Guam,126.7,0,33.3,swarm
2100,340,6,2003-12-26 15:02:26.210000+00:00,2004-01-07 15:18:37.240000+00:00,12.0,usp000ch2b,2004-01-04 06:23:08.520000+00:00,5.2,-29.82,-177.651,New Zealand,85.2,0,50.0,swarm
2101,2120,6,2017-01-06 15:48:59.140000+00:00,2017-01-07 06:32:36.530000+00:00,0.6,us10007rsx,2017-01-07 03:13:54.320000+00:00,5.4,50.2065,-130.1516,Canada,21.6,0,33.3,swarm
2102,2106,6,2016-12-04 14:14:31.600000+00:00,2016-12-10 13:15:24.930000+00:00,6.0,us10007ev7,2016-12-05 00:44:34.250000+00:00,5.0,-17.2668,-174.0056,Tonga,126.5,0,16.7,aftershock sequence
2103,2076,6,2016-08-24 01:36:32.870000+00:00,2016-08-26 04:28:25.890000+00:00,2.1,us10006g7d,2016-08-24 01:36:32.870000+00:00,6.2,42.723,13.1877,Italy,21.3,0,0.0,aftershock sequence
2104,1830,6,2015-01-19 06:31:14.860000+00:00,2015-01-22 00:39:16.530000+00:00,2.8,usc000th49,2015-01-19 12:45:12.850000+00:00,5.4,73.2241,6.4608,Greenland Sea,7.5,0,33.3,swarm
2105,1770,6,2014-09-02 20:31:40.160000+00:00,2014-09-03 11:34:40.550000+00:00,0.6,usc000s97b,2014-09-03 07:43:30.800000+00:00,5.8,-15.0604,-173.3796,Tonga,43.0,0,33.3,swarm
2106,1800,6,2014-11-12 20:00:07.820000+00:00,2014-11-19 19:59:11.480000+00:00,7.0,usc000sydc,2014-11-18 07:59:13.990000+00:00,5.4,31.6764,-40.7091,Mid-Atlantic Ridge,26.7,0,66.7,swarm
2107,3282,6,2024-10-08 20:25:44.530000+00:00,2024-10-15 00:10:49.978000+00:00,6.2,us6000nyau,2024-10-12 17:43:44.516000+00:00,6.2,10.4967,-86.1497,Costa Rica,24.9,0,33.3,swarm
2108,377,6,2004-04-21 11:04:52.360000+00:00,2004-05-02 05:11:21.340000+00:00,10.8,usp000ctf8,2004-04-26 06:57:55.230000+00:00,5.8,-21.032,-174.432,Tonga,40.0,0,16.7,aftershock sequence
2109,374,6,2004-04-25 02:19:21.690000+00:00,2004-04-29 03:54:48.800000+00:00,4.1,usp000ctbn,2004-04-25 02:19:21.690000+00:00,5.8,-21.779,169.576,New Caledonia,48.3,0,0.0,aftershock sequence
2110,372,6,2004-04-15 20:06:55.300000+00:00,2004-04-21 00:41:09.820000+00:00,5.2,usp000csk2,2004-04-15 20:06:55.300000+00:00,6.3,-19.374,169.631,Vanuatu,69.5,0,0.0,aftershock sequence
2111,362,6,2004-03-14 16:30:42.320000+00:00,2004-03-25 10:58:53.430000+00:00,10.8,usp000cpy4,2004-03-14 16:30:42.320000+00:00,6.1,-17.267,-172.316,Tonga,161.1,0,0.0,aftershock sequence
2112,3227,6,2024-05-02 06:58:00.553000+00:00,2024-05-02 11:05:27.575000+00:00,0.2,us6000mvmi,2024-05-02 06:58:00.553000+00:00,5.5,52.1554,-169.4615,Alaska,23.0,0,0.0,aftershock sequence
2113,405,6,2004-07-28 03:56:28.600000+00:00,2004-07-31 05:38:10.730000+00:00,3.1,usp000d0zn,2004-07-28 03:56:28.600000+00:00,6.5,-0.443,133.091,Indonesia,67.2,1,0.0,aftershock sequence
2114,391,6,2004-05-26 11:20:59.770000+00:00,2004-05-30 00:39:10.480000+00:00,3.6,usp000cwdk,2004-05-27 20:49:27.160000+00:00,5.4,-52.618,18.626,Africa,34.3,0,50.0,swarm
2115,383,6,2004-05-07 06:52:13.800000+00:00,2004-05-19 04:07:01.210000+00:00,11.9,usp000cuc1,2004-05-07 06:52:13.800000+00:00,5.2,36.188,71.199,Afghanistan,111.2,0,0.0,aftershock sequence
2116,3219,6,2024-04-17 01:45:14.861000+00:00,2024-04-18 16:13:43.088000+00:00,1.6,us7000mcxe,2024-04-18 15:12:30.391000+00:00,5.6,25.7087,-110.7948,Mexico,67.5,0,66.7,swarm
2117,3216,6,2024-04-09 09:47:59.810000+00:00,2024-04-13 17:46:59.392000+00:00,4.3,us7000maxr,2024-04-09 09:47:59.810000+00:00,6.4,2.6982,127.0624,Indonesia,83.1,0,0.0,aftershock sequence
2118,3249,6,2024-06-28 15:37:55.822000+00:00,2024-07-05 04:01:47.769000+00:00,6.5,us6000n9jj,2024-07-01 05:22:23.355000+00:00,4.8,10.7784,125.3709,Philippines,106.5,0,16.7,aftershock sequence
2119,1740,6,2014-07-14 07:59:57.290000+00:00,2014-07-15 13:17:45.080000+00:00,1.2,usb000rsr5,2014-07-14 07:59:57.290000+00:00,6.3,5.7144,126.4776,Philippines,45.4,0,0.0,aftershock sequence
2120,2127,6,2017-01-18 09:25:41.610000+00:00,2017-01-18 13:33:38+00:00,0.2,us10007twj,2017-01-18 10:14:10.980000+00:00,5.7,42.6012,13.2268,Italy,8.2,0,16.7,aftershock sequence
2121,2125,6,2017-01-16 01:16:38.010000+00:00,2017-01-19 15:02:03.490000+00:00,3.6,us10007tjy,2017-01-16 20:47:39.210000+00:00,5.9,-13.554,166.4169,Vanuatu,24.0,0,16.7,aftershock sequence
2122,2121,6,2017-01-02 15:20:52.460000+00:00,2017-01-13 11:16:19.740000+00:00,10.8,us10007v6f,2017-01-06 19:31:26.620000+00:00,4.7,-24.7693,-179.9523,Fiji Islands,94.5,0,33.3,swarm
2123,1765,6,2014-08-19 06:10:51.550000+00:00,2014-08-25 00:04:15.980000+00:00,5.7,usb000s4s2,2014-08-21 02:11:31.040000+00:00,5.9,-5.2854,150.6889,Papua New Guinea,95.4,0,50.0,swarm
2124,1756,6,2014-08-04 19:47:22.560000+00:00,2014-08-13 01:00:05.520000+00:00,8.2,usb000s2z0,2014-08-04 19:47:22.560000+00:00,4.7,-20.3239,-178.0464,Fiji,118.0,0,0.0,aftershock sequence
2125,1754,6,2014-08-02 09:52:03.360000+00:00,2014-08-10 15:02:58.560000+00:00,8.2,usb000rzfx,2014-08-02 09:52:03.360000+00:00,4.8,-5.7264,153.0845,Papua New Guinea,104.8,0,0.0,aftershock sequence
2126,3244,6,2024-06-12 18:10:59.009000+00:00,2024-06-22 09:56:08.553000+00:00,9.7,us7000mtxu,2024-06-22 09:24:01.783000+00:00,4.8,-2.8347,129.5274,Indonesia,81.1,0,66.7,swarm
2127,3243,6,2024-06-14 04:26:48.660000+00:00,2024-06-14 09:51:55.823000+00:00,0.2,us7000msb0,2024-06-14 04:26:48.660000+00:00,5.9,-30.9404,-13.4721,Mid-Atlantic Ridge,31.4,0,0.0,aftershock sequence
2128,3240,6,2024-06-06 22:53:04.190000+00:00,2024-06-07 16:12:40.069000+00:00,0.7,us7000mqtv,2024-06-06 22:58:44.778000+00:00,5.7,-55.2762,-29.1789,South Sandwich Islands,24.3,0,16.7,aftershock sequence
2129,3229,6,2024-05-04 06:38:17.506000+00:00,2024-05-06 05:10:52.873000+00:00,1.9,us6000mwjd,2024-05-05 18:33:11.021000+00:00,6.1,-3.3167,130.9618,Indonesia,60.6,0,33.3,swarm
2130,3200,6,2024-03-02 22:54:05.593000+00:00,2024-03-03 15:49:41.678000+00:00,0.7,us6000mgdc,2024-03-02 23:14:46.152000+00:00,5.2,-32.299,-178.1275,Kermadec Islands,40.9,0,16.7,aftershock sequence
2131,400,6,2004-06-30 13:40:48.660000+00:00,2004-07-01 09:20:44.140000+00:00,0.8,usp000czb6,2004-07-01 09:20:44.140000+00:00,5.6,54.131,-35.259,Reykjanes Ridge,33.6,0,83.3,swarm
2132,397,6,2004-06-21 03:52:57.750000+00:00,2004-06-30 01:39:17.220000+00:00,8.9,usp000cz2t,2004-06-28 13:53:00.340000+00:00,4.9,-23.353,179.271,Fiji Islands,115.4,0,66.7,swarm
2133,1723,6,2014-06-06 19:58:11.180000+00:00,2014-06-15 20:48:13.460000+00:00,9.0,usc000rcqm,2014-06-08 12:13:22.660000+00:00,4.7,11.9678,144.0208,Guam,132.2,0,16.7,aftershock sequence
2134,2152,6,2017-03-30 13:13:08.610000+00:00,2017-04-02 09:05:40.670000+00:00,2.8,us10008d9x,2017-03-30 13:13:08.610000+00:00,5.4,-55.7175,-27.0471,South Sandwich Islands,110.6,0,0.0,aftershock sequence
2135,2149,6,2017-03-20 13:17:35.530000+00:00,2017-03-31 06:59:21.430000+00:00,10.7,us10008dgc,2017-03-31 06:59:21.430000+00:00,5.0,-15.38,-173.6736,Tonga,80.2,0,83.3,swarm
2136,1751,6,2014-08-03 08:30:13.570000+00:00,2014-08-08 06:39:30.010000+00:00,4.9,usb000rzmg,2014-08-03 08:30:13.570000+00:00,6.2,27.1891,103.4086,China,10.0,0,0.0,aftershock sequence
2137,1749,6,2014-07-31 13:41:00.830000+00:00,2014-08-01 21:47:04.450000+00:00,1.3,usb000ryuh,2014-07-31 13:41:00.830000+00:00,5.8,12.4337,95.2033,India,49.2,0,0.0,aftershock sequence
2138,1742,6,2014-07-16 16:56:11.740000+00:00,2014-07-25 02:34:37.320000+00:00,8.4,usb000rtf2,2014-07-16 16:56:11.740000+00:00,5.2,-10.0341,160.838,Solomon Islands,98.2,0,0.0,aftershock sequence
2139,422,6,2004-09-17 02:37:58.050000+00:00,2004-09-17 14:32:53.090000+00:00,0.5,usp000d4ft,2004-09-17 14:08:05.310000+00:00,5.4,58.456,-30.357,Reykjanes Ridge,63.3,0,66.7,swarm
2140,420,6,2004-09-07 10:57:39.700000+00:00,2004-09-09 08:47:53.180000+00:00,1.9,usp000d3uu,2004-09-07 12:33:56.240000+00:00,5.7,-34.006,-72.186,Chile,21.8,0,16.7,aftershock sequence
2141,410,6,2004-08-04 09:48:33.470000+00:00,2004-08-04 22:56:08.800000+00:00,0.5,usp000d1g6,2004-08-04 21:15:15.560000+00:00,5.6,52.315,159.563,Russia,11.1,0,66.7,swarm
2142,472,6,2005-01-23 19:59:45.370000+00:00,2005-01-24 00:22:43.610000+00:00,0.2,usp000de4m,2005-01-23 20:10:12.150000+00:00,6.3,-1.198,119.933,Indonesia,56.2,0,16.7,aftershock sequence
2143,435,6,2004-10-25 14:00:12.450000+00:00,2004-10-26 23:25:21.390000+00:00,1.4,usp000d754,2004-10-26 22:53:07.860000+00:00,6.4,-57.071,-24.679,South Sandwich Islands,20.3,0,66.7,swarm
2144,429,6,2004-10-09 21:26:53.690000+00:00,2004-10-17 03:56:05.860000+00:00,7.3,usp000d63h,2004-10-09 21:26:53.690000+00:00,7.0,11.422,-86.665,Nicaragua,32.3,1,0.0,aftershock sequence
2145,3172,6,2023-12-29 04:38:54.026000+00:00,2024-01-11 09:40:48.388000+00:00,13.2,us6000m0ch,2023-12-29 04:38:54.026000+00:00,4.9,32.3046,141.7204,Japan,80.9,0,0.0,aftershock sequence
2146,3166,6,2023-12-18 15:59:30.352000+00:00,2023-12-20 20:02:13.697000+00:00,2.2,us7000ljvg,2023-12-18 15:59:30.352000+00:00,5.9,35.7386,102.8149,China,7.3,0,0.0,aftershock sequence
2147,3162,6,2023-12-05 18:53:35.353000+00:00,2023-12-16 00:03:59.456000+00:00,10.2,us7000libd,2023-12-12 05:33:10.805000+00:00,5.5,-15.17,-173.2535,Tonga,49.9,0,66.7,swarm
2148,3194,6,2024-02-14 05:47:58.155000+00:00,2024-02-16 01:08:41.477000+00:00,1.8,us7000lz5f,2024-02-14 11:40:22.125000+00:00,6.0,11.0047,138.5725,Micronesia,42.8,0,16.7,aftershock sequence
2149,1711,6,2014-05-24 09:25:02.440000+00:00,2014-05-29 06:00:56.500000+00:00,4.9,usb000r2hc,2014-05-24 09:25:02.440000+00:00,6.9,40.2893,25.3889,Greece,94.8,1,0.0,aftershock sequence
2150,1710,6,2014-05-18 15:22:12.470000+00:00,2014-06-02 15:38:35.590000+00:00,15.0,usb000qtji,2014-05-18 15:22:12.470000+00:00,4.9,-18.276,-178.2225,Fiji,99.9,0,0.0,aftershock sequence
2151,2166,6,2017-04-29 12:32:34.130000+00:00,2017-05-04 04:44:29.390000+00:00,4.7,us10008m0g,2017-04-29 12:32:34.130000+00:00,5.7,30.815,131.4147,Japan,9.5,0,0.0,aftershock sequence
2152,2160,6,2017-04-10 23:10:40.770000+00:00,2017-04-18 18:23:59.380000+00:00,7.8,us10008iph,2017-04-18 17:11:47.030000+00:00,6.0,-18.0877,-178.369,Fiji,117.3,0,66.7,swarm
2153,1735,6,2014-07-04 15:00:27.860000+00:00,2014-07-12 15:15:09.530000+00:00,8.0,usc000rqgz,2014-07-04 15:00:27.860000+00:00,6.5,-6.2304,152.8075,Papua New Guinea,41.5,1,0.0,aftershock sequence
2154,1734,6,2014-07-03 02:56:38.310000+00:00,2014-07-09 13:35:16.490000+00:00,6.4,usc000rpw8,2014-07-03 12:05:21.950000+00:00,5.8,55.2557,166.8841,Russia,99.4,0,16.7,aftershock sequence
2155,1730,6,2014-06-19 17:04:31.410000+00:00,2014-06-30 08:01:50.690000+00:00,10.6,usb000rw12,2014-06-24 17:55:28.350000+00:00,4.8,-24.3476,-179.9178,Fiji Islands,86.6,0,33.3,swarm
2156,455,6,2004-11-28 18:32:14.130000+00:00,2004-12-06 14:15:11.890000+00:00,7.8,usp000d9h1,2004-11-28 18:32:14.130000+00:00,7.0,43.006,145.119,Japan,23.1,2,0.0,aftershock sequence
2157,454,6,2004-11-28 02:35:13.410000+00:00,2004-11-29 06:32:50.580000+00:00,1.2,usp000d9f2,2004-11-28 02:35:13.410000+00:00,6.6,-26.525,-113.834,Easter Island,67.3,1,0.0,aftershock sequence
2158,452,6,2004-11-21 21:37:24.230000+00:00,2004-11-27 16:12:06.410000+00:00,5.8,usp000d8xn,2004-11-21 21:37:24.230000+00:00,5.2,33.301,47.983,Iran,15.1,0,0.0,aftershock sequence
2159,447,6,2004-11-13 23:06:43.620000+00:00,2004-11-29 23:03:08.830000+00:00,16.0,usp000d8n2,2004-11-17 10:43:50.800000+00:00,5.2,-30.039,-177.855,New Zealand,96.9,0,33.3,swarm
2160,3189,6,2024-02-08 00:21:16.617000+00:00,2024-02-15 15:09:56.731000+00:00,7.6,us7000lz2v,2024-02-14 04:30:56.615000+00:00,5.7,-58.2846,-25.0267,South Sandwich Islands,42.2,0,33.3,swarm
2161,3186,6,2024-01-25 22:08:05.260000+00:00,2024-02-07 02:04:53.438000+00:00,12.2,us7000lxb4,2024-02-06 13:53:19.290000+00:00,5.1,13.1349,-89.5713,El Salvador,136.6,0,66.7,swarm
2162,464,6,2004-12-24 13:39:43.800000+00:00,2004-12-31 17:30:05.170000+00:00,7.2,usp000dbbm,2004-12-24 13:39:43.800000+00:00,5.8,-20.358,-178.668,Fiji,24.9,0,0.0,aftershock sequence
2163,462,6,2004-12-19 03:07:49.870000+00:00,2004-12-25 22:25:39.700000+00:00,6.8,usp000db00,2004-12-19 03:07:49.870000+00:00,5.3,-19.107,167.694,Vanuatu,31.0,0,0.0,aftershock sequence
2164,458,6,2004-12-13 11:09:12.710000+00:00,2004-12-18 11:35:42.240000+00:00,5.0,usp000day2,2004-12-18 06:46:19.870000+00:00,6.2,48.837,156.309,Russia,62.3,0,16.7,aftershock sequence
2165,457,6,2004-12-08 23:51:23.740000+00:00,2004-12-17 10:08:29.700000+00:00,8.4,usp000datq,2004-12-16 05:59:14.870000+00:00,4.7,-24.282,-179.931,Fiji Islands,108.3,0,66.7,swarm
2166,3176,6,2024-01-08 20:48:42.361000+00:00,2024-01-15 14:04:35.409000+00:00,6.7,us6000m2jp,2024-01-08 20:48:42.361000+00:00,6.7,4.9225,126.1575,Philippines,82.0,1,0.0,aftershock sequence
2167,490,6,2005-03-12 05:33:49.710000+00:00,2005-03-16 09:26:04.970000+00:00,4.2,usp000dj2v,2005-03-12 22:43:32.710000+00:00,5.2,9.735,91.634,India,157.7,0,33.3,swarm
2168,3142,6,2023-10-26 10:27:24.711000+00:00,2023-11-03 11:54:12.037000+00:00,8.1,us7000l7qy,2023-10-31 11:10:56.943000+00:00,6.5,-17.5412,-179.0263,Fiji,128.4,1,33.3,swarm
2169,3140,6,2023-10-18 14:52:43.058000+00:00,2023-10-27 09:01:02.035000+00:00,8.8,us6000lh6m,2023-10-21 17:10:01.535000+00:00,5.1,14.1937,-93.41,Mexico,85.5,0,50.0,swarm
2170,484,6,2005-02-28 12:49:21+00:00,2005-03-06 13:01:29+00:00,6.0,usp000dh64,2005-02-28 12:49:21+00:00,5.0,47.96,-129.04,Canada,85.6,0,0.0,aftershock sequence
2171,1696,6,2014-04-21 08:10:57.090000+00:00,2014-04-22 01:58:41.920000+00:00,0.7,usb000pt5c,2014-04-21 21:41:28.110000+00:00,5.3,-20.1363,-173.0538,Tonga,168.9,0,66.7,swarm
2172,1695,6,2014-04-18 14:27:24.920000+00:00,2014-04-20 12:40:36.570000+00:00,1.9,usb000pq41,2014-04-18 14:27:24.920000+00:00,7.2,17.397,-100.9723,Mexico,39.1,1,0.0,aftershock sequence
2173,1692,6,2014-04-13 02:23:07.100000+00:00,2014-04-28 17:19:28.700000+00:00,15.6,usb000ppnv,2014-04-17 22:59:50.340000+00:00,5.1,46.8033,153.3103,Kuril Islands,61.4,0,16.7,aftershock sequence
2174,1689,6,2014-04-10 23:27:45.600000+00:00,2014-04-14 05:07:03.120000+00:00,3.2,usc000pgsi,2014-04-11 20:29:12.970000+00:00,6.6,11.642,-85.8779,Nicaragua,100.6,1,66.7,swarm
2175,2141,6,2017-02-22 20:58:46.870000+00:00,2017-03-02 12:57:58.480000+00:00,7.7,us20008m2u,2017-02-24 16:39:41.110000+00:00,5.1,-29.9413,-177.0136,New Zealand,99.0,0,33.3,swarm
2176,2177,6,2017-05-16 18:10:05.750000+00:00,2017-05-29 21:10:51.270000+00:00,13.1,us10008ut8,2017-05-24 11:05:18.770000+00:00,5.5,-10.0191,161.9535,Solomon Islands,92.2,0,33.3,swarm
2177,2175,6,2017-05-19 11:17:15.990000+00:00,2017-05-20 04:15:33.350000+00:00,0.7,us10008tj9,2017-05-19 11:17:15.990000+00:00,5.2,-9.1573,158.9089,Solomon Islands,53.9,0,0.0,aftershock sequence
2178,482,6,2005-02-21 00:04:56.010000+00:00,2005-03-01 12:31:45.260000+00:00,8.5,usp000dh5g,2005-02-28 08:29:57.780000+00:00,5.3,-30.344,-177.723,New Zealand,89.4,0,33.3,swarm
2179,479,6,2005-02-19 00:04:43.590000+00:00,2005-02-25 03:20:31.600000+00:00,6.1,usp000dgfv,2005-02-19 00:04:43.590000+00:00,6.5,-5.562,122.129,Indonesia,15.8,1,0.0,aftershock sequence
2180,475,6,2005-02-09 07:50:52.830000+00:00,2005-02-17 06:20:22.680000+00:00,7.9,usp000dfw0,2005-02-10 20:17:44.040000+00:00,5.0,-33.554,-178.659,Kermadec Islands,97.5,0,50.0,swarm
2181,474,6,2005-01-27 10:47:50.150000+00:00,2005-01-30 08:08:26.730000+00:00,2.9,usp000df79,2005-01-30 08:08:26.730000+00:00,5.6,-24.422,-175.996,Tonga,33.4,0,83.3,swarm
2182,3116,6,2023-08-01 17:15:25.139000+00:00,2023-08-03 23:15:39.506000+00:00,2.3,us6000kx3e,2023-08-01 17:15:25.139000+00:00,5.6,15.2211,39.5264,Eritrea,22.9,0,0.0,aftershock sequence
2183,2199,6,2017-08-09 10:50:07.940000+00:00,2017-08-19 11:36:06.970000+00:00,10.0,us2000a7sb,2017-08-13 12:18:13.860000+00:00,5.1,-19.0231,169.579,Vanuatu,89.5,0,33.3,swarm
2184,2162,6,2017-04-15 04:53:18.310000+00:00,2017-04-26 19:43:59.180000+00:00,11.6,us10008i5b,2017-04-16 17:59:19.830000+00:00,4.8,-24.4087,-179.9715,Fiji Islands,105.0,0,16.7,aftershock sequence
2185,2185,6,2017-06-28 18:20:55.450000+00:00,2017-07-09 19:40:26.990000+00:00,11.1,us20009q4v,2017-06-28 18:20:55.450000+00:00,6.0,-30.3103,-177.6618,New Zealand,90.5,0,0.0,aftershock sequence
2186,1701,6,2014-05-05 11:08:43.420000+00:00,2014-05-07 09:38:58.200000+00:00,1.9,usb000qack,2014-05-05 11:08:43.420000+00:00,6.1,19.6557,99.6696,Thailand,21.3,0,0.0,aftershock sequence
2187,1700,6,2014-05-03 08:57:13.417000+00:00,2014-05-05 12:12:35.384000+00:00,2.1,ak0145nk7efh,2014-05-03 08:57:13.417000+00:00,5.7,67.7186,-162.521,Alaska,6.0,0,0.0,aftershock sequence
2188,499,6,2005-03-29 05:53:51.510000+00:00,2005-04-10 17:45:00.280000+00:00,12.5,usp000dm9j,2005-04-05 02:27:57.570000+00:00,4.8,-24.061,179.738,Fiji Islands,94.4,0,16.7,aftershock sequence
2189,496,6,2005-03-31 01:39:06.070000+00:00,2005-03-31 15:29:22.720000+00:00,0.6,usp000dkr3,2005-03-31 01:46:17.760000+00:00,6.0,-18.448,175.99,Fiji,50.3,0,16.7,aftershock sequence
2190,492,6,2005-03-19 15:02:42.670000+00:00,2005-03-29 06:33:32.670000+00:00,9.6,usp000djjp,2005-03-19 15:02:42.670000+00:00,6.1,-20.407,-174.337,Tonga,39.3,0,0.0,aftershock sequence
2191,537,6,2005-08-09 20:11:33.280000+00:00,2005-08-22 20:45:54.610000+00:00,13.0,usp000dx2t,2005-08-10 15:10:49.160000+00:00,5.4,16.755,145.523,Northern Mariana Islands,74.8,0,16.7,aftershock sequence
2192,3109,6,2023-07-21 18:57:17.110000+00:00,2023-08-02 21:29:59.545000+00:00,12.1,us7000khig,2023-07-21 22:09:14.260000+00:00,4.9,-24.5505,-175.7148,Tonga,94.2,0,16.7,aftershock sequence
2193,559,6,2005-10-15 03:03:59.330000+00:00,2005-10-24 03:56:50.720000+00:00,9.0,usp000e2hk,2005-10-22 12:16:35.880000+00:00,5.7,-5.824,129.996,Indonesia,145.8,0,50.0,swarm
2194,3133,6,2023-09-28 17:40:06.917000+00:00,2023-10-12 22:33:39.723000+00:00,14.2,us6000lbgs,2023-09-28 17:40:06.917000+00:00,5.8,44.3313,148.671,Russia,58.9,0,0.0,aftershock sequence
2195,506,6,2005-05-10 06:36:51.910000+00:00,2005-05-11 12:45:43.450000+00:00,1.3,usp000dqc9,2005-05-10 06:40:22.130000+00:00,5.3,-42.737,42.333,Prince Edward Islands,56.8,0,50.0,swarm
2196,3125,6,2023-09-10 23:39:16.645000+00:00,2023-09-21 15:20:31.346000+00:00,10.7,us7000kx4l,2023-09-21 15:20:31.346000+00:00,5.6,-30.6653,-178.2396,New Zealand,115.0,0,83.3,swarm
2197,3120,6,2023-08-20 19:59:48.838000+00:00,2023-08-31 21:43:25.888000+00:00,11.1,us7000kpp4,2023-08-20 19:59:48.838000+00:00,5.7,-56.0011,-27.6161,South Sandwich Islands,68.4,0,0.0,aftershock sequence
2198,570,6,2005-12-03 20:38:11.860000+00:00,2005-12-06 04:19:14.450000+00:00,2.3,usp000e5f7,2005-12-03 20:38:11.860000+00:00,5.7,12.19,141.008,Micronesia,59.9,0,0.0,aftershock sequence
2199,3094,6,2023-06-11 02:58:01.595000+00:00,2023-06-21 14:19:25.493000+00:00,10.5,us7000k7qx,2023-06-11 02:58:01.595000+00:00,5.2,46.1872,153.1618,Kuril Islands,33.0,0,0.0,aftershock sequence
2200,3087,6,2023-05-25 03:05:32.956000+00:00,2023-05-25 09:02:00.822000+00:00,0.2,us7000k3n3,2023-05-25 03:05:32.956000+00:00,6.5,8.9223,-77.0904,Panama,19.1,1,0.0,aftershock sequence
2201,526,6,2005-07-13 18:19:28.730000+00:00,2005-07-16 06:43:23.310000+00:00,2.5,usp000dv8n,2005-07-15 12:50:04.340000+00:00,4.9,7.433,94.19,Indonesia,52.9,0,16.7,aftershock sequence
2202,2214,6,2017-09-14 15:52:23.500000+00:00,2017-09-20 23:55:10.210000+00:00,6.3,us2000as5x,2017-09-20 22:13:35.770000+00:00,5.9,-5.0845,147.827,Papua New Guinea,128.1,0,33.3,swarm
2203,2208,6,2017-09-02 23:00:01.800000+00:00,2017-09-13 06:26:36.550000+00:00,10.3,us2000aek2,2017-09-02 23:00:01.800000+00:00,5.5,14.0158,146.5948,Northern Mariana Islands,116.5,0,0.0,aftershock sequence
2204,2178,6,2017-05-20 05:17:30.320000+00:00,2017-06-03 18:51:51.450000+00:00,14.6,us10008tq9,2017-05-20 05:17:30.320000+00:00,5.0,6.4545,126.9598,Philippines,157.3,0,0.0,aftershock sequence
2205,2201,6,2017-08-14 00:19:19.680000+00:00,2017-08-14 00:54:49.250000+00:00,0.0,us2000a7vl,2017-08-14 00:24:45.780000+00:00,5.2,48.7175,-27.8621,Mid-Atlantic Ridge,20.9,0,16.7,aftershock sequence
2206,1680,6,2014-03-12 17:54:03.140000+00:00,2014-03-21 04:39:24.020000+00:00,8.4,usc000n9cg,2014-03-12 18:15:11.360000+00:00,4.9,-49.32,69.5469,French Southern Territories,40.0,0,16.7,aftershock sequence
2207,525,6,2005-07-10 19:41:34.740000+00:00,2005-07-23 01:04:25.860000+00:00,12.2,usp000dvq6,2005-07-23 01:04:25.860000+00:00,5.5,-15.216,167.561,Vanuatu,126.4,0,83.3,swarm
2208,523,6,2005-07-04 19:38:00.960000+00:00,2005-07-18 06:18:23.420000+00:00,13.4,usp000duzt,2005-07-11 12:01:35.230000+00:00,5.7,-23.818,-111.68,Easter Island,73.4,0,50.0,swarm
2209,585,6,2006-01-08 19:15:20+00:00,2006-01-18 10:49:33.280000+00:00,9.6,usp000e88h,2006-01-15 03:04:39+00:00,4.8,-23.939,-179.581,Fiji Islands,92.4,0,33.3,swarm
2210,3080,6,2023-05-10 16:02:00.334000+00:00,2023-05-10 20:13:35.213000+00:00,0.2,us6000kawn,2023-05-10 16:02:00.334000+00:00,7.6,-15.6278,-174.4925,Tonga,34.9,1,0.0,aftershock sequence
2211,556,6,2005-10-09 13:39:59.720000+00:00,2005-10-17 03:50:53.940000+00:00,7.6,usp000e1st,2005-10-14 03:36:45.970000+00:00,5.5,-23.713,-176.024,Tonga,91.2,0,33.3,swarm
2212,578,6,2005-12-23 11:25:21.070000+00:00,2005-12-30 20:00:31.380000+00:00,7.4,usp000e75f,2005-12-29 10:36:40.890000+00:00,4.7,1.157,97.153,Indonesia,87.9,0,66.7,swarm
2213,606,6,2006-03-20 17:38:06.920000+00:00,2006-03-29 17:49:09.560000+00:00,9.0,usp000ecjf,2006-03-20 17:38:06.920000+00:00,5.8,-23.797,179.893,Fiji Islands,94.5,0,0.0,aftershock sequence
2214,605,6,2006-03-14 00:27:01.150000+00:00,2006-03-20 15:26:06.350000+00:00,6.6,usp000ecj0,2006-03-20 14:17:58.330000+00:00,5.5,-5.809,151.195,Papua New Guinea,130.5,0,33.3,swarm
2215,602,6,2006-03-14 06:57:33.860000+00:00,2006-03-15 08:30:04.830000+00:00,1.1,usp000ec4d,2006-03-14 06:57:33.860000+00:00,6.7,-3.595,127.214,Indonesia,42.4,1,0.0,aftershock sequence
2216,1652,6,2014-01-12 11:59:15.420000+00:00,2014-01-28 13:48:11.240000+00:00,16.1,usb000m5uy,2014-01-21 20:19:23.880000+00:00,4.9,-17.3839,-178.3982,Fiji,143.4,0,50.0,swarm
2217,1649,6,2014-01-08 18:57:36.950000+00:00,2014-01-17 09:53:21.060000+00:00,8.6,usb000m2ql,2014-01-17 09:37:36.800000+00:00,4.7,36.6967,141.2529,Japan,172.1,0,66.7,swarm
2218,1646,6,2014-01-04 00:11:48+00:00,2014-01-11 10:19:12+00:00,7.4,usc000lwmk,2014-01-04 00:11:48+00:00,5.7,-20.687,-70.795,Chile,115.8,0,0.0,aftershock sequence
2219,1642,6,2013-12-28 07:50:33.130000+00:00,2014-01-08 16:50:31.190000+00:00,11.4,usc000lyp5,2014-01-08 16:50:31.190000+00:00,5.0,46.6497,153.0481,Kuril Islands,71.1,0,83.3,swarm
2220,2232,6,2017-11-13 13:31:43.370000+00:00,2017-11-17 22:39:24.010000+00:00,4.4,us2000bq6z,2017-11-17 05:25:54.120000+00:00,5.3,-30.3886,-177.9229,New Zealand,159.9,0,66.7,swarm
2221,2227,6,2017-10-30 10:06:41.870000+00:00,2017-11-16 09:43:33.860000+00:00,17.0,us2000bkrv,2017-11-09 07:42:11.020000+00:00,6.0,32.5208,141.438,Japan,89.9,0,50.0,swarm
2222,1666,6,2014-01-30 15:16:47.090000+00:00,2014-02-10 18:44:22.760000+00:00,11.1,usc000mqkg,2014-01-30 15:16:47.090000+00:00,4.9,-15.3243,-173.3094,Tonga,91.3,0,0.0,aftershock sequence
2223,2216,6,2017-09-21 00:43:42.950000+00:00,2017-10-02 20:19:23.480000+00:00,11.8,us2000aus0,2017-09-26 01:42:42.030000+00:00,4.8,-18.0741,-178.3025,Fiji,51.2,0,50.0,swarm
2224,600,6,2006-03-08 08:27:39.320000+00:00,2006-03-14 04:15:09.940000+00:00,5.8,usp000ec46,2006-03-14 04:15:09.940000+00:00,5.0,11.721,142.969,Guam,128.1,0,83.3,swarm
2225,595,6,2006-02-17 15:12:23.030000+00:00,2006-02-24 15:16:23.560000+00:00,7.0,usp000eadx,2006-02-20 02:44:38.180000+00:00,5.0,-32.304,-178.468,Kermadec Islands,97.3,0,33.3,swarm
2226,3033,6,2023-01-25 05:15:30.350000+00:00,2023-02-09 19:43:49.768000+00:00,15.6,us6000jka2,2023-01-30 09:52:07.173000+00:00,4.9,12.5936,-88.2741,El Salvador,89.6,0,16.7,aftershock sequence
2227,629,6,2006-05-12 20:15:21.730000+00:00,2006-05-19 06:12:33.180000+00:00,6.4,usp000eh9t,2006-05-16 22:47:05.490000+00:00,5.0,2.737,126.408,Indonesia,116.8,0,66.7,swarm
2228,626,6,2006-05-01 18:17:15.380000+00:00,2006-05-02 15:58:20.220000+00:00,0.9,usp000eg02,2006-05-01 20:13:28.760000+00:00,5.7,2.205,-99.035,Galapagos Islands,23.6,0,33.3,swarm
2229,624,6,2006-05-01 02:24:41.030000+00:00,2006-05-02 11:23:12.080000+00:00,1.4,usp000efx7,2006-05-01 02:24:41.030000+00:00,5.7,-28.458,-176.852,Kermadec Islands,44.7,0,0.0,aftershock sequence
2230,1627,6,2013-11-28 15:07:32.070000+00:00,2013-12-09 08:47:23.980000+00:00,10.7,usb000ldz3,2013-12-09 08:47:23.980000+00:00,5.2,2.7392,128.4034,Indonesia,92.4,0,83.3,swarm
2231,1626,6,2013-12-03 14:20:49.830000+00:00,2013-12-10 01:08:30.520000+00:00,6.4,usb000labs,2013-12-03 15:36:37.530000+00:00,5.1,3.7331,126.6084,Philippines,44.8,0,16.7,aftershock sequence
2232,2203,6,2017-08-21 12:11:02.180000+00:00,2017-08-31 15:03:51.260000+00:00,10.1,us2000aa68,2017-08-21 12:11:02.180000+00:00,4.9,-18.3637,-172.9861,Tonga,146.1,0,0.0,aftershock sequence
2233,2239,6,2017-12-11 10:50:00.920000+00:00,2017-12-19 22:52:52.390000+00:00,8.5,us2000c2te,2017-12-11 10:50:00.920000+00:00,5.7,-20.8328,-173.7212,Tonga,108.7,0,0.0,aftershock sequence
2234,1655,6,2014-01-16 22:47:02.870000+00:00,2014-01-21 15:15:24.360000+00:00,4.7,usb000m4i4,2014-01-20 02:52:44.350000+00:00,6.1,-40.6595,175.8144,New Zealand,97.2,0,16.7,aftershock sequence
2235,1654,6,2014-01-19 23:34:49.180000+00:00,2014-01-26 08:14:25.570000+00:00,6.4,usb000m89n,2014-01-26 03:25:30.290000+00:00,5.2,-10.936,163.9135,Solomon Islands,48.8,0,66.7,swarm
2236,3073,6,2023-04-25 18:55:46.217000+00:00,2023-04-30 01:26:33.556000+00:00,4.3,us7000jwl9,2023-04-28 09:19:52.655000+00:00,5.7,-4.775,133.8946,Indonesia,88.7,0,16.7,aftershock sequence
2237,3069,6,2023-04-17 20:06:30.669000+00:00,2023-05-02 20:09:59.011000+00:00,15.0,us7000jxk7,2023-05-02 20:09:59.011000+00:00,5.5,-4.0952,142.7199,Papua New Guinea,65.1,0,83.3,swarm
2238,3065,6,2023-04-09 23:41:03.749000+00:00,2023-04-10 01:15:03.574000+00:00,0.1,us6000k35r,2023-04-09 23:41:03.749000+00:00,5.8,-3.4472,149.0847,Papua New Guinea,45.5,0,0.0,aftershock sequence
2239,616,6,2006-04-11 10:33:22.670000+00:00,2006-04-20 08:10:49.330000+00:00,8.9,usp000eetg,2006-04-17 23:49:56.870000+00:00,6.1,-12.475,166.508,Vanuatu,76.1,0,16.7,aftershock sequence
2240,638,6,2006-05-31 06:17:13.650000+00:00,2006-06-09 08:29:15.580000+00:00,9.1,usp000ejbz,2006-05-31 06:17:13.650000+00:00,4.9,2.197,96.345,Indonesia,97.4,0,0.0,aftershock sequence
2241,637,6,2006-05-28 07:51:07.310000+00:00,2006-06-11 05:46:01.320000+00:00,13.9,usp000ejh4,2006-06-02 07:31:36.460000+00:00,6.0,-20.837,-178.701,Fiji,87.2,0,16.7,aftershock sequence
2242,634,6,2006-05-26 11:35:23.680000+00:00,2006-05-30 00:46:38.940000+00:00,3.5,usp000ej0h,2006-05-26 11:52:39.400000+00:00,5.0,-37.428,51.271,South Indian Ocean,40.8,0,16.7,aftershock sequence
2243,3030,6,2023-01-18 18:17:12.656000+00:00,2023-01-31 16:49:45.101000+00:00,12.9,us6000jkjp,2023-01-31 16:49:45.101000+00:00,4.8,-23.6465,-179.7688,Fiji Islands,59.4,0,83.3,swarm
2244,3029,6,2023-01-21 19:20:27.327000+00:00,2023-01-26 19:30:46.233000+00:00,5.0,us7000j644,2023-01-21 19:49:28.646000+00:00,5.7,57.4043,-33.2978,Reykjanes Ridge,10.8,0,33.3,swarm
2245,3058,6,2023-03-21 20:41:07.886000+00:00,2023-03-21 21:46:38.100000+00:00,0.0,us7000jltc,2023-03-21 20:41:07.886000+00:00,5.5,28.5073,-43.5932,Mid-Atlantic Ridge,25.0,0,0.0,aftershock sequence
2246,3051,6,2023-03-05 22:16:17.073000+00:00,2023-03-15 12:26:15.692000+00:00,9.6,us7000jjh3,2023-03-13 06:11:33.688000+00:00,4.8,-17.4627,-178.7183,Fiji,69.6,0,66.7,swarm
2247,3049,6,2023-02-28 20:11:57.161000+00:00,2023-03-08 10:47:33.218000+00:00,7.6,us7000jhtd,2023-03-07 06:02:31.481000+00:00,5.9,7.4941,126.0567,Philippines,111.5,0,50.0,swarm
2248,657,6,2006-07-09 19:44:45.170000+00:00,2006-07-18 16:02:16.790000+00:00,8.8,usp000enqt,2006-07-16 14:24:00.370000+00:00,5.7,-19.937,-178.401,Fiji,99.5,0,66.7,swarm
2249,655,6,2006-07-03 19:49:36+00:00,2006-07-13 05:51:31.760000+00:00,9.4,usp000en2g,2006-07-07 07:26:12.530000+00:00,6.0,-15.244,-173.61,Tonga,147.5,0,50.0,swarm
2250,1624,6,2013-11-29 11:53:01.010000+00:00,2013-12-05 06:19:56.750000+00:00,5.8,usb000l80r,2013-11-29 11:53:01.010000+00:00,5.2,-26.7068,-176.1952,Fiji Islands,29.7,0,0.0,aftershock sequence
2251,1637,6,2013-12-24 14:24:13.100000+00:00,2013-12-26 13:52:13.230000+00:00,2.0,usc000lqwv,2013-12-24 15:17:48.030000+00:00,4.8,-60.3869,-48.9303,Scotia Sea,103.4,0,33.3,swarm
2252,1636,6,2013-12-22 07:29:03.930000+00:00,2013-12-26 03:33:36.970000+00:00,3.8,usc000lpxm,2013-12-22 10:03:09.760000+00:00,5.6,-46.4386,96.0153,southeast Indian Ridge,27.3,0,16.7,aftershock sequence
2253,619,6,2006-04-20 14:31:28.720000+00:00,2006-04-20 16:50:15.290000+00:00,0.1,usp000ef07,2006-04-20 15:12:18.370000+00:00,5.3,-49.426,-8.068,Mid-Atlantic Ridge,17.7,0,33.3,swarm
2254,648,6,2006-06-24 21:15:00.920000+00:00,2006-06-30 02:49:02.210000+00:00,5.2,usp000em69,2006-06-24 21:15:00.920000+00:00,6.3,-0.39,123.195,Indonesia,42.0,0,0.0,aftershock sequence
2255,642,6,2006-06-10 19:52:11.430000+00:00,2006-06-16 20:06:24.940000+00:00,6.0,usp000ek3a,2006-06-10 19:52:11.430000+00:00,5.2,19.025,120.116,Philippines,20.3,0,0.0,aftershock sequence
2256,670,6,2006-08-15 03:05:11+00:00,2006-08-21 11:15:50.050000+00:00,6.3,usp000eqz1,2006-08-15 03:05:11+00:00,5.9,-4.672,126.734,Indonesia,49.6,0,0.0,aftershock sequence
2257,669,6,2006-08-06 04:24:38.450000+00:00,2006-08-19 11:58:07.740000+00:00,13.3,usp000eqr2,2006-08-11 20:54:14.370000+00:00,6.2,2.403,96.348,Indonesia,89.5,0,16.7,aftershock sequence
2258,668,6,2006-08-09 17:20:22.200000+00:00,2006-08-18 20:27:24.100000+00:00,9.1,usp000eqks,2006-08-09 17:21:34.430000+00:00,5.3,-33.12,-179.523,Kermadec Islands,93.3,0,16.7,aftershock sequence
2259,3000,6,2022-11-09 07:42:08.970000+00:00,2022-11-16 15:07:41.390000+00:00,7.3,us7000ipdy,2022-11-13 01:47:45.654000+00:00,5.2,22.3921,121.1618,Taiwan,105.2,0,16.7,aftershock sequence
2260,2997,6,2022-10-27 12:19:53.078000+00:00,2022-11-08 07:31:43.628000+00:00,11.8,us7000ilr0,2022-10-27 12:19:53.078000+00:00,4.7,-30.7625,-177.559,New Zealand,220.7,0,0.0,aftershock sequence
2261,2994,6,2022-10-24 07:43:50.929000+00:00,2022-11-01 23:45:54.466000+00:00,8.7,us7000ikfi,2022-10-26 07:06:01.197000+00:00,5.3,41.9665,144.7814,Japan,23.3,0,50.0,swarm
2262,2992,6,2022-10-20 11:57:12.575000+00:00,2022-10-24 05:40:40.971000+00:00,3.7,us6000iv6c,2022-10-20 11:57:12.575000+00:00,6.7,7.6901,-82.3342,Panama,92.4,1,0.0,aftershock sequence
2263,2277,6,2018-04-17 02:52:35.330000+00:00,2018-04-18 07:06:56.160000+00:00,1.2,us2000e1b6,2018-04-17 02:52:35.330000+00:00,5.5,-3.5216,131.3032,Indonesia,65.6,0,0.0,aftershock sequence
2264,2274,6,2018-03-31 06:31:12.290000+00:00,2018-04-06 02:31:22.100000+00:00,5.8,us1000ddyd,2018-04-04 00:49:04.270000+00:00,5.2,-30.0631,-177.7507,New Zealand,66.4,0,50.0,swarm
2265,2273,6,2018-03-22 17:38:10.560000+00:00,2018-03-31 01:07:48.440000+00:00,8.3,us1000d9wb,2018-03-27 22:41:08.580000+00:00,5.4,56.5153,-148.6434,Alaska,93.0,0,50.0,swarm
2266,2242,6,2017-12-16 05:05:58.550000+00:00,2017-12-22 05:52:15.220000+00:00,6.0,us2000c5bf,2017-12-16 22:40:50.460000+00:00,5.5,-59.6236,-151.1228,Pacific-Antarctic Ridge,27.6,0,66.7,swarm
2267,2267,6,2018-03-04 20:47:43.360000+00:00,2018-03-08 06:44:50.970000+00:00,3.4,us1000d1bk,2018-03-08 05:58:38.950000+00:00,5.2,29.3372,142.2269,Japan,108.4,0,66.7,swarm
2268,1596,6,2013-09-26 11:23:50.380000+00:00,2013-10-08 01:39:24.430000+00:00,11.6,usb000k2k3,2013-09-30 10:08:07.110000+00:00,4.8,-21.1106,-179.0457,Fiji,78.9,0,16.7,aftershock sequence
2269,2989,6,2022-10-18 03:42:38.022000+00:00,2022-10-25 07:02:37.303000+00:00,7.1,us6000iuhn,2022-10-18 08:21:38.942000+00:00,4.6,53.9641,-35.1563,Reykjanes Ridge,27.1,0,16.7,aftershock sequence
2270,3028,6,2023-01-20 12:41:15.534000+00:00,2023-01-25 20:13:06.916000+00:00,5.3,us7000j5sy,2023-01-20 12:41:15.534000+00:00,5.4,-27.9526,-176.3063,Kermadec Islands,74.4,0,0.0,aftershock sequence
2271,662,6,2006-07-23 01:29:55.350000+00:00,2006-08-01 07:49:03.710000+00:00,9.3,usp000epj9,2006-07-25 14:16:18.200000+00:00,4.8,-4.889,153.819,Papua New Guinea,48.5,0,33.3,swarm
2272,684,6,2006-09-16 11:31:43.630000+00:00,2006-09-27 23:10:44.820000+00:00,11.5,usp000et6c,2006-09-16 11:31:43.630000+00:00,4.7,-24.913,179.998,Fiji Islands,190.0,0,0.0,aftershock sequence
2273,2983,6,2022-09-30 19:28:40.152000+00:00,2022-10-06 20:00:38.582000+00:00,6.0,us6000ipri,2022-09-30 19:28:40.152000+00:00,5.9,2.1277,98.9004,Indonesia,23.0,0,0.0,aftershock sequence
2274,2975,6,2022-09-23 20:51:24.600000+00:00,2022-09-27 17:58:02.812000+00:00,3.9,us7000iak8,2022-09-23 20:51:24.600000+00:00,5.2,-5.1545,125.5667,Banda Sea,18.5,0,0.0,aftershock sequence
2275,3013,6,2022-12-03 01:55:20.459000+00:00,2022-12-08 10:06:35.567000+00:00,5.3,us6000j6w8,2022-12-04 19:24:15.394000+00:00,6.8,-15.3497,-172.9867,Tonga,52.5,1,16.7,aftershock sequence
2276,702,6,2006-11-03 21:08:11.640000+00:00,2006-11-11 10:22:50.850000+00:00,7.6,usp000ews4,2006-11-06 20:56:51.110000+00:00,6.0,-5.45,146.637,Papua New Guinea,92.8,0,16.7,aftershock sequence
2277,2962,6,2022-08-29 18:08:32.596000+00:00,2022-09-08 22:13:32.816000+00:00,10.2,us7000i4vp,2022-09-03 05:57:23.324000+00:00,4.8,-14.9353,167.3078,Vanuatu,81.2,0,16.7,aftershock sequence
2278,2961,6,2022-09-01 16:23:42.935000+00:00,2022-09-07 15:50:05.485000+00:00,6.0,us7000i4d5,2022-09-01 16:23:42.935000+00:00,5.1,-7.1999,128.9407,Timor Leste,138.6,0,0.0,aftershock sequence
2279,1561,6,2013-06-23 13:31:19.190000+00:00,2013-06-27 21:10:34.340000+00:00,4.3,usc000hypt,2013-06-24 08:01:39.440000+00:00,5.7,-6.453,148.684,Papua New Guinea,203.0,0,16.7,aftershock sequence
2280,2295,6,2018-05-27 03:50:51.740000+00:00,2018-06-04 16:06:39.080000+00:00,8.5,us1000ecw4,2018-05-27 03:50:51.740000+00:00,4.9,-5.3669,152.6677,Papua New Guinea,99.8,0,0.0,aftershock sequence
2281,2294,6,2018-05-16 07:24:33.670000+00:00,2018-05-27 06:08:47.170000+00:00,10.9,us1000e9mu,2018-05-22 00:26:05.820000+00:00,5.7,12.8932,145.4248,Guam,38.1,0,33.3,swarm
2282,2284,6,2018-05-05 10:27:45.690000+00:00,2018-05-12 02:35:00.750000+00:00,6.7,us1000e3ew,2018-05-12 02:35:00.750000+00:00,5.1,27.3326,-44.3171,Mid-Atlantic Ridge,105.3,0,83.3,swarm
2283,2282,6,2018-05-02 00:17:12.710000+00:00,2018-05-04 03:36:47.330000+00:00,2.1,us1000dw7i,2018-05-02 06:32:49.020000+00:00,6.0,-24.2723,-111.6328,Easter Island,69.2,0,50.0,swarm
2284,1587,6,2013-08-29 01:55:20.990000+00:00,2013-09-13 07:21:52.700000+00:00,15.2,usb000jez7,2013-09-02 04:30:16.850000+00:00,5.9,-6.6272,155.1351,Papua New Guinea,77.5,0,16.7,aftershock sequence
2285,1584,6,2013-08-23 12:06:22.080000+00:00,2013-09-04 02:39:35.840000+00:00,11.6,usb000jb9i,2013-08-24 15:47:07.020000+00:00,5.1,-31.8429,-179.1634,Kermadec Islands,72.2,0,16.7,aftershock sequence
2286,1581,6,2013-08-14 16:16:15.990000+00:00,2013-08-17 11:11:56.980000+00:00,2.8,usb000j3cw,2013-08-14 19:18:42.540000+00:00,5.1,51.0775,178.4926,Alaska,28.2,0,16.7,aftershock sequence
2287,1577,6,2013-08-07 09:02:45.600000+00:00,2013-08-09 13:10:10.390000+00:00,2.2,usb000ixb7,2013-08-07 09:06:52.200000+00:00,5.3,38.6885,22.6952,Greece,3.5,0,16.7,aftershock sequence
2288,2988,6,2022-10-10 16:42:48.909000+00:00,2022-10-21 17:57:07.212000+00:00,11.1,us6000itze,2022-10-15 18:31:01.065000+00:00,5.2,-7.3364,128.8389,Timor Leste,124.8,0,50.0,swarm
2289,2987,6,2022-10-10 16:09:33.666000+00:00,2022-10-17 11:44:22.830000+00:00,6.8,us6000itgv,2022-10-13 22:20:20.620000+00:00,6.4,-4.812,153.5906,Papua New Guinea,87.6,0,50.0,swarm
2290,695,6,2006-10-14 21:00:17.960000+00:00,2006-10-26 22:54:32.320000+00:00,12.1,usp000evkn,2006-10-20 10:48:56.010000+00:00,6.7,-13.457,-76.677,Peru,81.1,1,33.3,swarm
2291,690,6,2006-10-02 04:53:53.950000+00:00,2006-10-10 05:25:54.460000+00:00,8.0,usp000eunf,2006-10-07 17:16:57.450000+00:00,5.4,-17.912,167.78,Vanuatu,110.5,0,50.0,swarm
2292,686,6,2006-09-26 00:37:48.360000+00:00,2006-09-30 13:29:26.420000+00:00,4.5,usp000etzr,2006-09-28 08:07:31.610000+00:00,5.3,-29.962,-177.721,New Zealand,71.4,0,33.3,swarm
2293,714,6,2006-12-15 22:28:17.870000+00:00,2006-12-24 19:56:49.970000+00:00,8.9,usp000f0dv,2006-12-17 12:51:08.660000+00:00,5.8,-21.258,-174.472,Tonga,109.0,0,33.3,swarm
2294,2942,6,2022-07-12 04:54:31.034000+00:00,2022-07-14 13:55:41.057000+00:00,2.4,us6000i2d7,2022-07-14 12:08:19.444000+00:00,5.0,3.1004,127.1621,Indonesia,8.2,0,50.0,swarm
2295,2941,6,2022-07-11 22:23:33.499000+00:00,2022-07-13 15:00:28.543000+00:00,1.7,us6000i1pn,2022-07-12 00:35:05.019000+00:00,5.8,-15.2502,-172.9633,Tonga,40.6,0,16.7,aftershock sequence
2296,2304,6,2018-07-06 05:12:00.170000+00:00,2018-07-14 02:36:17.040000+00:00,7.9,us2000g2pz,2018-07-12 03:09:24.920000+00:00,5.1,23.5464,143.8489,Japan,102.5,0,66.7,swarm
2297,2299,6,2018-06-02 17:20:58.840000+00:00,2018-06-16 02:09:10.870000+00:00,13.4,us1000enn2,2018-06-11 20:09:05.460000+00:00,4.9,35.1148,140.5461,Japan,81.1,0,50.0,swarm
2298,2297,6,2018-05-31 15:44:21.890000+00:00,2018-06-03 06:26:33.050000+00:00,2.6,us1000ehes,2018-06-02 16:28:59.560000+00:00,5.7,4.5872,126.6573,Philippines,38.8,0,16.7,aftershock sequence
2299,1572,6,2013-07-18 02:07:30+00:00,2013-07-24 13:29:53.620000+00:00,6.5,usb000ilie,2013-07-24 13:29:53.620000+00:00,4.8,-20.211,-70.761,Chile,58.4,0,83.3,swarm
2300,1568,6,2013-07-04 01:53:53.490000+00:00,2013-07-15 21:36:06.530000+00:00,11.8,usb000ief4,2013-07-15 13:59:04.590000+00:00,5.8,-15.398,-173.09,Tonga,96.8,0,50.0,swarm
2301,1566,6,2013-07-03 15:09:02.950000+00:00,2013-07-16 08:36:29.670000+00:00,12.7,usb000ib5c,2013-07-10 14:44:01.830000+00:00,5.6,-30.243,-177.535,New Zealand,104.1,0,66.7,swarm
2302,1564,6,2013-06-20 19:03:12.880000+00:00,2013-07-06 19:14:30.850000+00:00,16.0,usp000k1cw,2013-06-20 19:03:12.880000+00:00,4.8,-55.971,-24.897,South Sandwich Islands,135.4,0,0.0,aftershock sequence
2303,2939,6,2022-07-09 07:39:54.942000+00:00,2022-07-20 02:19:29.958000+00:00,10.8,us6000i167,2022-07-09 07:39:54.942000+00:00,5.4,-27.9751,-176.5425,Kermadec Islands,92.9,0,0.0,aftershock sequence
2304,2974,6,2022-09-20 13:46:20.628000+00:00,2022-09-24 21:11:33.199000+00:00,4.3,us6000innj,2022-09-20 13:46:20.628000+00:00,4.8,-34.712,-179.2271,Kermadec Islands,35.8,0,0.0,aftershock sequence
2305,706,6,2006-11-11 15:40:53.860000+00:00,2006-11-15 06:08:36.110000+00:00,3.6,usp000exex,2006-11-15 04:28:10.230000+00:00,5.3,21.783,143.019,Mariana Islands,10.8,0,66.7,swarm
2306,734,6,2007-02-13 01:45:10.890000+00:00,2007-02-28 02:18:37.640000+00:00,15.0,usp000f5cu,2007-02-22 07:33:18.960000+00:00,5.0,-24.016,-179.783,Fiji Islands,90.4,0,50.0,swarm
2307,730,6,2007-02-08 12:31:28.240000+00:00,2007-02-21 10:20:01.580000+00:00,12.9,usp000f4uk,2007-02-14 05:02:15.390000+00:00,4.8,21.972,143.032,Mariana Islands,68.8,0,33.3,swarm
2308,729,6,2007-02-07 22:23:00.270000+00:00,2007-02-19 11:13:03.490000+00:00,11.5,usp000f4qy,2007-02-12 12:45:31.700000+00:00,6.1,5.561,126.073,Philippines,98.9,0,50.0,swarm
2309,2323,6,2018-08-28 07:08:11.360000+00:00,2018-08-31 21:53:35.140000+00:00,3.6,us1000gii0,2018-08-28 07:08:11.360000+00:00,6.2,-10.773,124.1871,Indonesia,23.2,0,0.0,aftershock sequence
2310,2320,6,2018-08-15 03:14:33.540000+00:00,2018-08-27 18:25:02.870000+00:00,12.6,us1000gef4,2018-08-21 06:24:16.630000+00:00,5.1,-15.0578,-173.0675,Tonga,63.0,0,33.3,swarm
2311,2315,6,2018-08-10 06:38:06.100000+00:00,2018-08-12 02:56:59.330000+00:00,1.8,us1000g68u,2018-08-10 07:17:05.280000+00:00,5.2,-12.8267,-14.6546,Mid-Atlantic Ridge,39.6,0,33.3,swarm
2312,1560,6,2013-06-21 22:19:09.010000+00:00,2013-06-30 08:05:16.940000+00:00,8.4,usc000hxu0,2013-06-21 22:19:09.010000+00:00,5.3,12.536,143.73,Guam,53.7,0,0.0,aftershock sequence
2313,1552,6,2013-06-01 14:10:06.730000+00:00,2013-06-03 05:27:05.050000+00:00,1.6,usb000hbde,2013-06-01 14:10:06.730000+00:00,5.6,7.275,124.898,Philippines,30.0,0,0.0,aftershock sequence
2314,1550,6,2013-05-30 18:49:33.290000+00:00,2013-06-06 08:16:19.840000+00:00,6.6,usb000hbvm,2013-06-02 16:39:24.260000+00:00,5.0,-6.362,154.373,Papua New Guinea,46.1,0,33.3,swarm
2315,755,6,2007-03-27 18:40:29.630000+00:00,2007-04-01 04:11:47.070000+00:00,4.4,usp000f7np,2007-03-27 21:08:38.480000+00:00,5.2,-34.07,-178.829,Kermadec Islands,117.9,0,16.7,aftershock sequence
2316,727,6,2007-02-08 10:21:57.070000+00:00,2007-02-08 16:28:08.030000+00:00,0.3,usp000f4gt,2007-02-08 16:28:08.030000+00:00,5.3,8.596,-39.433,Mid-Atlantic Ridge,60.6,0,83.3,swarm
2317,726,6,2007-01-30 04:54:50.570000+00:00,2007-02-05 04:12:18.890000+00:00,6.0,usp000f3xh,2007-01-30 04:54:50.570000+00:00,6.9,-54.74,146.298,Macquarie Island,96.1,1,0.0,aftershock sequence
2318,762,6,2007-04-15 10:42:11.080000+00:00,2007-04-21 15:27:12.690000+00:00,6.2,usp000f9sn,2007-04-15 10:42:11.080000+00:00,5.3,1.22,126.304,Indonesia,77.4,0,0.0,aftershock sequence
2319,2917,6,2022-05-23 17:46:16.679000+00:00,2022-05-26 20:19:36.787000+00:00,3.1,us7000hcqw,2022-05-26 15:37:58.560000+00:00,6.6,-22.8282,172.1298,Loyalty Islands,45.0,1,16.7,aftershock sequence
2320,2916,6,2022-05-22 07:06:28.470000+00:00,2022-05-22 13:47:01.952000+00:00,0.3,us6000hn1e,2022-05-22 07:06:28.470000+00:00,6.3,-26.2125,178.4501,Fiji Islands,24.4,0,0.0,aftershock sequence
2321,2915,6,2022-05-21 00:39:43.414000+00:00,2022-05-24 04:00:27.654000+00:00,3.1,us6000hmv1,2022-05-21 07:01:22.221000+00:00,5.8,84.2375,0.585,Svalbard,20.5,0,16.7,aftershock sequence
2322,741,6,2007-02-18 17:13:31.960000+00:00,2007-02-28 03:54:05.720000+00:00,9.4,usp000f5mx,2007-02-25 20:47:27.240000+00:00,5.7,-29.13,-177.133,New Zealand,91.7,0,33.3,swarm
2323,740,6,2007-02-25 09:13:54.660000+00:00,2007-02-25 23:30:13.870000+00:00,0.6,usp000f5n1,2007-02-25 21:53:13.560000+00:00,5.4,73.196,6.781,Greenland Sea,36.2,0,33.3,swarm
2324,739,6,2007-02-24 09:19:36.530000+00:00,2007-03-03 07:16:09.770000+00:00,6.9,usp000f5hp,2007-02-24 16:19:26.820000+00:00,5.1,-8.149,156.309,Solomon Islands,88.4,0,16.7,aftershock sequence
2325,738,6,2007-02-18 17:29:44.700000+00:00,2007-02-27 00:44:15.030000+00:00,8.3,usp000f55m,2007-02-19 14:33:34.560000+00:00,5.8,-20.206,173.088,Vanuatu,20.2,0,16.7,aftershock sequence
2326,736,6,2007-02-22 14:28:03.580000+00:00,2007-03-04 16:41:45.700000+00:00,10.1,usp000f5ut,2007-02-28 17:02:30.620000+00:00,4.9,5.546,126.68,Philippines,98.3,0,66.7,swarm
2327,783,6,2007-06-02 01:18:39.540000+00:00,2007-06-12 04:10:32.660000+00:00,10.1,usp000fdjg,2007-06-07 13:51:50.260000+00:00,4.8,46.373,153.182,Kuril Islands,70.2,0,16.7,aftershock sequence
2328,779,6,2007-06-03 23:09:25.210000+00:00,2007-06-13 16:20:08.040000+00:00,9.7,usp000fdkn,2007-06-08 01:34:32.870000+00:00,4.8,1.301,125.661,Indonesia,135.8,0,50.0,swarm
2329,2903,6,2022-04-24 04:14:08.355000+00:00,2022-05-07 11:53:56.580000+00:00,13.3,us7000h7s7,2022-05-07 11:53:56.580000+00:00,5.5,26.7906,126.4642,Japan,18.0,0,83.3,swarm
2330,1516,6,2013-02-18 12:19:18.090000+00:00,2013-02-27 06:49:50.750000+00:00,8.8,usc000f9p5,2013-02-18 12:19:18.090000+00:00,5.9,-30.774,-178.123,New Zealand,84.1,0,0.0,aftershock sequence
2331,1515,6,2013-02-18 16:19:49.590000+00:00,2013-02-25 17:54:22.280000+00:00,7.1,usc000fbvq,2013-02-22 21:01:47.230000+00:00,5.3,-15.748,-71.425,Peru,93.1,0,50.0,swarm
2332,2336,6,2018-09-27 02:37:01.110000+00:00,2018-10-02 11:35:40.830000+00:00,5.4,us1000h5k9,2018-10-02 10:08:37.370000+00:00,5.7,-17.836,167.8359,Vanuatu,68.4,0,50.0,swarm
2333,1538,6,2013-04-16 10:44:20.180000+00:00,2013-04-20 15:37:18+00:00,4.2,usb000g7x7,2013-04-16 10:44:20.180000+00:00,7.7,28.033,61.996,Iran,58.1,1,0.0,aftershock sequence
2334,1535,6,2013-04-10 20:20:26.800000+00:00,2013-04-11 16:16:02.740000+00:00,0.8,usb000g4ca,2013-04-10 20:20:26.800000+00:00,5.8,20.722,122.064,Philippines,41.4,0,0.0,aftershock sequence
2335,747,6,2007-03-15 01:34:12.390000+00:00,2007-03-20 16:00:56.440000+00:00,5.6,usp000f6r0,2007-03-15 01:34:12.390000+00:00,5.4,-0.822,127.469,Indonesia,93.8,0,0.0,aftershock sequence
2336,772,6,2007-05-07 10:40:11.040000+00:00,2007-05-22 03:41:12.170000+00:00,14.7,usp000fbye,2007-05-14 09:31:43.100000+00:00,5.5,1.255,97.248,Indonesia,100.5,0,16.7,aftershock sequence
2337,821,6,2007-08-16 14:18:24.600000+00:00,2007-08-19 12:59:40.410000+00:00,2.9,usp000fjxj,2007-08-16 14:18:24.600000+00:00,5.5,-3.522,-12.153,Ascension Island,102.0,0,0.0,aftershock sequence
2338,818,6,2007-08-15 19:15:10.270000+00:00,2007-08-18 07:55:10.080000+00:00,2.5,usp000fjsj,2007-08-15 19:15:10.270000+00:00,5.2,35.378,140.269,Japan,23.4,0,0.0,aftershock sequence
2339,809,6,2007-07-27 01:37:47.090000+00:00,2007-07-28 00:30:29.130000+00:00,1.0,usp000fh5z,2007-07-27 01:45:27.330000+00:00,5.3,44.46,-129.666,Oregon,19.0,0,16.7,aftershock sequence
2340,2881,6,2022-03-13 21:09:22.258000+00:00,2022-03-15 12:12:32.092000+00:00,1.6,us6000h48e,2022-03-13 21:09:22.258000+00:00,6.7,-0.6294,98.6259,Indonesia,86.7,1,0.0,aftershock sequence
2341,1502,6,2013-01-16 17:50:49.180000+00:00,2013-01-27 15:54:07.470000+00:00,10.9,us2013kxc6,2013-01-27 15:54:07.470000+00:00,4.9,-58.533,-24.957,South Sandwich Islands,109.1,0,83.3,swarm
2342,2359,6,2018-10-29 12:55:50.820000+00:00,2018-11-03 21:21:59.160000+00:00,5.4,us1000hij6,2018-10-29 14:51:46.650000+00:00,5.3,8.6349,126.7621,Philippines,37.7,0,66.7,swarm
2343,2358,6,2018-10-29 06:54:21.250000+00:00,2018-11-06 11:58:12.240000+00:00,8.2,us1000hied,2018-10-29 06:54:21.250000+00:00,6.3,-57.434,-66.3834,Drake Passage,20.3,0,0.0,aftershock sequence
2344,2911,6,2022-05-15 11:09:53.272000+00:00,2022-05-16 22:50:52.389000+00:00,1.5,us6000hlak,2022-05-15 11:09:53.272000+00:00,5.5,11.921,142.2807,Guam,15.2,0,0.0,aftershock sequence
2345,2908,6,2022-05-06 10:34:17.860000+00:00,2022-05-15 18:34:02.301000+00:00,9.3,us7000h7z0,2022-05-08 17:51:52.236000+00:00,5.0,-22.9163,170.074,New Caledonia,126.6,0,50.0,swarm
2346,2905,6,2022-04-25 21:30:35.515000+00:00,2022-05-14 10:05:47.639000+00:00,18.5,us7000h82f,2022-05-09 06:23:02.067000+00:00,6.2,24.0406,122.4888,Japan,126.9,0,33.3,swarm
2347,2867,6,2022-02-10 17:51:16.367000+00:00,2022-02-22 10:44:09.804000+00:00,11.7,us7000gmx3,2022-02-22 10:44:09.804000+00:00,5.9,-16.1151,-173.9733,Tonga,170.9,0,83.3,swarm
2348,2866,6,2022-02-08 16:03:54.541000+00:00,2022-02-16 03:12:47.468000+00:00,7.5,us7000gj4q,2022-02-08 16:36:31.681000+00:00,5.6,26.8395,126.5254,Japan,24.7,0,16.7,aftershock sequence
2349,856,6,2007-11-02 21:20:13.380000+00:00,2007-11-04 21:28:46.880000+00:00,2.0,usp000frv7,2007-11-02 22:31:43.880000+00:00,6.1,-55.466,-128.966,Pacific-Antarctic Ridge,49.3,0,16.7,aftershock sequence
2350,853,6,2007-10-23 16:27:42.910000+00:00,2007-11-06 22:59:26.670000+00:00,14.3,usp000frq3,2007-10-31 18:40:15.430000+00:00,5.0,-24.309,-179.949,Fiji Islands,96.2,0,66.7,swarm
2351,852,6,2007-10-23 06:25:49.450000+00:00,2007-10-31 21:23:49.120000+00:00,8.6,usp000fr3k,2007-10-23 06:25:49.450000+00:00,5.0,1.84,97.047,Indonesia,159.5,0,0.0,aftershock sequence
2352,802,6,2007-07-17 09:39:27.810000+00:00,2007-07-19 19:33:53.190000+00:00,2.4,usp000fgeg,2007-07-17 09:39:27.810000+00:00,6.1,-26.206,-177.744,Fiji Islands,37.9,0,0.0,aftershock sequence
2353,798,6,2007-07-14 03:28:41.870000+00:00,2007-07-21 10:07:08.620000+00:00,7.3,usp000fg99,2007-07-15 20:41:18.320000+00:00,5.2,46.7,152.478,Kuril Islands,76.5,0,66.7,swarm
2354,823,6,2007-08-18 02:28:28.670000+00:00,2007-08-18 16:20:45.680000+00:00,0.6,usp000fk4j,2007-08-18 16:20:45.680000+00:00,5.0,39.618,-29.88,Portugal,59.1,0,83.3,swarm
2355,864,6,2007-11-19 09:13:58.870000+00:00,2007-11-25 21:18:03.060000+00:00,6.5,usp000fsz8,2007-11-20 15:28:24.890000+00:00,5.9,-29.987,-177.942,New Zealand,101.0,0,33.3,swarm
2356,2842,6,2021-12-14 12:45:36.431000+00:00,2021-12-27 03:47:16.117000+00:00,12.6,us6000gc5d,2021-12-14 12:45:36.431000+00:00,5.2,-30.3527,-177.457,New Zealand,106.5,0,0.0,aftershock sequence
2357,886,6,2008-01-22 06:28:28.410000+00:00,2008-01-22 16:56:10.190000+00:00,0.4,usp000fx79,2008-01-22 10:49:21.800000+00:00,6.1,-15.419,-175.589,Tonga,117.4,0,50.0,swarm
2358,1484,6,2012-12-06 15:46:49.300000+00:00,2012-12-09 12:38:39.610000+00:00,2.9,usp000jwhy,2012-12-06 21:33:25.530000+00:00,5.3,-54.179,-1.917,Bouvet Island,40.8,0,50.0,swarm
2359,2370,6,2018-11-22 03:49:05.840000+00:00,2018-12-01 15:32:57.290000+00:00,9.5,us1000hwz0,2018-11-27 09:22:16.390000+00:00,5.2,-7.0814,154.7483,Papua New Guinea,41.4,0,33.3,swarm
2360,2364,6,2018-11-08 08:30:17.430000+00:00,2018-11-16 09:28:41.870000+00:00,8.0,us1000hqj1,2018-11-11 07:13:38.900000+00:00,5.1,1.5053,127.1727,Indonesia,154.0,0,33.3,swarm
2361,1507,6,2013-01-28 15:59:14.090000+00:00,2013-02-03 21:48:55.270000+00:00,6.2,usc000f0kj,2013-02-03 11:14:55.670000+00:00,5.4,-5.023,153.104,Papua New Guinea,85.9,0,50.0,swarm
2362,881,6,2007-12-31 22:00:29.350000+00:00,2008-01-07 17:27:04.050000+00:00,6.8,usp000fvzw,2008-01-05 01:56:45.460000+00:00,5.6,14.129,-91.479,Guatemala,179.8,0,50.0,swarm
2363,830,6,2007-08-26 02:39:15.930000+00:00,2007-09-01 22:27:33.310000+00:00,6.8,usp000fm40,2007-09-01 01:56:49.140000+00:00,5.3,27.796,-44.106,Mid-Atlantic Ridge,86.5,0,66.7,swarm
2364,826,6,2007-08-20 22:42:28.530000+00:00,2007-08-23 11:24:57.210000+00:00,2.5,usp000fkb6,2007-08-20 22:42:28.530000+00:00,6.5,8.037,-39.251,Mid-Atlantic Ridge,69.3,1,0.0,aftershock sequence
2365,825,6,2007-08-20 13:46:17.410000+00:00,2007-08-26 20:48:07.600000+00:00,6.3,usp000fk9n,2007-08-20 13:46:17.410000+00:00,6.4,6.134,127.381,Philippines,92.1,0,0.0,aftershock sequence
2366,892,6,2008-02-03 07:34:12.180000+00:00,2008-02-05 17:29:08.340000+00:00,2.4,usp000fy21,2008-02-03 07:34:12.180000+00:00,5.9,-2.296,28.9,Rwanda,25.6,0,0.0,aftershock sequence
2367,2840,6,2021-12-09 13:22:49.823000+00:00,2021-12-18 13:32:39.347000+00:00,9.0,us6000gau7,2021-12-09 13:52:33.009000+00:00,5.7,-5.0632,152.2445,Papua New Guinea,91.0,0,16.7,aftershock sequence
2368,849,6,2007-10-22 06:11:12.440000+00:00,2007-10-22 18:39:54.760000+00:00,0.5,usp000fr1x,2007-10-22 06:11:12.440000+00:00,5.4,-2.864,141.315,Papua New Guinea,29.4,0,0.0,aftershock sequence
2369,935,6,2008-05-24 02:43:36+00:00,2008-05-29 05:08:07.700000+00:00,5.1,usp000g7m1,2008-05-24 02:43:36+00:00,5.4,-41.957,-72.187,Argentina,18.0,0,0.0,aftershock sequence
2370,934,6,2008-05-19 14:26:45.020000+00:00,2008-05-24 11:15:04.020000+00:00,4.9,usp000g78b,2008-05-19 14:26:45.020000+00:00,6.0,1.64,99.147,Indonesia,91.6,0,0.0,aftershock sequence
2371,929,6,2008-05-02 02:45:20.130000+00:00,2008-05-03 02:36:12.780000+00:00,1.0,usp000g5ag,2008-05-02 05:51:24.550000+00:00,5.2,-42.766,-72.266,Chile,25.4,0,33.3,swarm
2372,926,6,2008-04-28 14:33:17.640000+00:00,2008-04-28 22:33:21.610000+00:00,0.3,usp000g51j,2008-04-28 15:57:55.280000+00:00,6.1,-58.739,-24.714,South Sandwich Islands,20.5,0,66.7,swarm
2373,925,6,2008-04-23 18:28:41.880000+00:00,2008-04-28 05:59:39.020000+00:00,4.5,usp000g4nm,2008-04-23 18:28:41.880000+00:00,6.0,22.881,121.619,Taiwan,15.8,0,0.0,aftershock sequence
2374,2390,6,2018-12-29 23:22:29.530000+00:00,2019-01-09 16:09:58.810000+00:00,10.7,us2000j1pz,2019-01-09 08:23:06.100000+00:00,4.9,-12.7484,45.4582,Mayotte,23.3,0,66.7,swarm
2375,1474,6,2012-11-02 14:02:49.330000+00:00,2012-11-05 08:48:11.050000+00:00,2.8,usp000jv1q,2012-11-04 23:46:38.730000+00:00,5.3,4.6,125.076,Philippines,186.2,0,50.0,swarm
2376,1468,6,2012-10-14 09:41:58.950000+00:00,2012-10-18 00:35:09.910000+00:00,3.6,usp000jtz0,2012-10-14 09:41:58.950000+00:00,5.7,48.308,154.428,Russia,9.2,0,0.0,aftershock sequence
2377,1493,6,2012-12-27 00:37:08.830000+00:00,2013-01-02 17:53:59.200000+00:00,6.7,usp000jxet,2012-12-27 00:37:08.830000+00:00,5.9,-35.783,-73.255,Chile,56.6,0,0.0,aftershock sequence
2378,2824,6,2021-11-17 19:01:49.746000+00:00,2021-11-23 05:56:32.752000+00:00,5.5,us7000fv5p,2021-11-18 16:56:56.794000+00:00,5.8,13.5668,-90.7812,Guatemala,94.5,0,16.7,aftershock sequence
2379,879,6,2007-12-23 16:07:37.570000+00:00,2008-01-09 01:29:10.900000+00:00,16.4,usp000fvyh,2008-01-04 10:49:19.390000+00:00,4.7,36.456,71.077,Afghanistan,69.1,0,66.7,swarm
2380,877,6,2007-12-24 06:05:41.690000+00:00,2007-12-28 10:57:32.650000+00:00,4.2,usp000fv53,2007-12-24 10:43:48.190000+00:00,5.0,-26.68,-176.066,Fiji Islands,80.9,0,33.3,swarm
2381,876,6,2007-12-13 16:40:47.670000+00:00,2007-12-26 08:20:42.410000+00:00,12.7,usp000fut3,2007-12-19 11:34:56.950000+00:00,5.9,-6.952,155.778,Papua New Guinea,93.9,0,33.3,swarm
2382,875,6,2007-12-12 19:47:14.540000+00:00,2007-12-22 12:12:26.110000+00:00,9.7,usp000fv00,2007-12-22 07:11:08.100000+00:00,6.2,-2.407,139.067,Indonesia,65.5,0,33.3,swarm
2383,2809,6,2021-10-03 05:49:09.594000+00:00,2021-10-10 23:27:58.603000+00:00,7.7,us6000fr98,2021-10-03 05:49:09.594000+00:00,5.3,-33.5866,-179.3026,Kermadec Islands,124.7,0,0.0,aftershock sequence
2384,2808,6,2021-10-02 00:54:28.126000+00:00,2021-10-11 07:45:10.657000+00:00,9.3,us6000fqza,2021-10-02 02:17:13.175000+00:00,5.4,-7.1126,154.8024,Papua New Guinea,122.4,0,16.7,aftershock sequence
2385,2799,6,2021-09-20 18:34:52.491000+00:00,2021-09-25 15:45:11.917000+00:00,4.9,us7000fcye,2021-09-20 18:34:52.491000+00:00,5.8,-20.9798,-174.2712,Tonga,104.0,0,0.0,aftershock sequence
2386,951,6,2008-06-28 15:42:19+00:00,2008-06-30 11:49:22+00:00,1.8,usp000gaxk,2008-06-29 09:42:19.520000+00:00,5.5,14.178,-92.718,Mexico,77.0,0,50.0,swarm
2387,913,6,2008-03-24 06:24:35.310000+00:00,2008-03-31 16:37:59.580000+00:00,7.4,usp000g2tg,2008-03-31 13:30:56.860000+00:00,5.1,-2.859,101.177,Indonesia,115.7,0,50.0,swarm
2388,906,6,2008-03-02 11:49:40.610000+00:00,2008-03-13 05:59:45.350000+00:00,10.8,usp000g1c2,2008-03-13 01:16:45.870000+00:00,5.3,1.711,126.649,Indonesia,85.3,0,66.7,swarm
2389,942,6,2008-06-08 17:56:19.640000+00:00,2008-06-10 14:15:38.050000+00:00,1.8,usp000g946,2008-06-10 10:04:58.080000+00:00,5.4,33.182,91.961,China,14.5,0,16.7,aftershock sequence
2390,939,6,2008-06-01 11:15:41.540000+00:00,2008-06-08 15:46:07.380000+00:00,7.2,usp000g8h8,2008-06-04 04:17:40.970000+00:00,5.0,37.347,72.146,Afghanistan,160.3,0,33.3,swarm
2391,937,6,2008-05-31 21:10:07.640000+00:00,2008-06-01 16:38:34.670000+00:00,0.8,usp000g89t,2008-06-01 09:24:28.040000+00:00,5.2,51.739,159.189,Russia,43.0,0,33.3,swarm
2392,2395,6,2019-01-09 17:15:44.120000+00:00,2019-01-19 07:50:02.060000+00:00,9.6,us2000j39m,2019-01-12 06:48:51.780000+00:00,4.9,-18.0553,-177.9233,Fiji,73.5,0,33.3,swarm
2393,1400,6,2012-03-14 17:01:50.650000+00:00,2012-03-16 07:07:23.310000+00:00,1.6,usp000jg8m,2012-03-14 17:41:10.140000+00:00,5.0,10.535,93.854,India,22.9,0,16.7,aftershock sequence
2394,1437,6,2012-07-03 12:09:08.710000+00:00,2012-07-08 06:08:25.700000+00:00,4.7,usp000jnqf,2012-07-07 13:38:19.130000+00:00,4.9,9.778,125.823,Philippines,104.1,0,33.3,swarm
2395,1436,6,2012-06-27 20:28:37.070000+00:00,2012-07-01 23:25:23.670000+00:00,4.1,usp000jnaz,2012-06-28 01:51:56.050000+00:00,4.9,-21.913,168.804,New Caledonia,33.5,0,16.7,aftershock sequence
2396,1453,6,2012-08-26 19:20:04.810000+00:00,2012-08-27 04:41:37+00:00,0.4,ci15200401,2012-08-26 20:57:58.220000+00:00,5.41,33.0185,-115.5403333,California,2.0,0,50.0,swarm
2397,1452,6,2012-08-26 14:37:51+00:00,2012-09-05 00:24:48.590000+00:00,9.4,usp000jr2c,2012-08-29 19:35:54.240000+00:00,5.0,19.652,-64.324,U.S. Virgin Islands,23.4,0,33.3,swarm
2398,2786,6,2021-08-29 16:55:27.328000+00:00,2021-08-31 22:54:50.090000+00:00,2.2,us7000f6fl,2021-08-31 22:24:23.565000+00:00,5.0,29.7511,-42.6528,Mid-Atlantic Ridge,21.1,0,33.3,swarm
2399,2784,6,2021-08-13 01:52:43.038000+00:00,2021-08-25 10:53:37.482000+00:00,12.4,us6000f7vd,2021-08-18 09:44:07.999000+00:00,5.1,29.6565,141.4379,Japan,33.5,0,16.7,aftershock sequence
2400,2781,6,2021-08-08 15:41:26.031000+00:00,2021-08-12 21:16:45.653000+00:00,4.2,us6000f3pf,2021-08-09 21:03:24.216000+00:00,5.0,-14.7133,-76.1086,Peru,104.7,0,16.7,aftershock sequence
2401,2778,6,2021-07-29 04:33:30.932000+00:00,2021-08-12 22:53:44.300000+00:00,14.8,us6000f29v,2021-08-04 21:50:46.473000+00:00,5.8,24.7827,122.3105,Taiwan,102.8,0,16.7,aftershock sequence
2402,2823,6,2021-11-16 17:53:13.015000+00:00,2021-11-20 22:42:58.459000+00:00,4.2,us7000fvjz,2021-11-19 20:13:51.234000+00:00,5.4,6.802,127.0055,Philippines,62.9,0,33.3,swarm
2403,2813,6,2021-10-11 19:24:54.581000+00:00,2021-10-17 02:30:57.219000+00:00,5.3,us6000fvc2,2021-10-17 02:30:57.219000+00:00,5.1,-29.9081,-177.5184,New Zealand,157.1,0,83.3,swarm
2404,2810,6,2021-10-09 04:47:49.129000+00:00,2021-10-12 04:00:04.908000+00:00,3.0,us6000ft6j,2021-10-09 04:47:49.129000+00:00,5.7,-15.5828,-71.8421,Peru,50.5,0,0.0,aftershock sequence
2405,2773,6,2021-07-31 19:57:55.108000+00:00,2021-08-07 01:39:45.606000+00:00,6.2,us6000f155,2021-08-01 04:31:26.956000+00:00,5.6,36.3958,27.0112,Greece,13.9,0,16.7,aftershock sequence
2406,2770,6,2021-07-26 03:52:02.270000+00:00,2021-08-02 04:44:41.698000+00:00,7.0,us6000ez5x,2021-07-26 12:09:06.655000+00:00,6.3,-0.7679,121.9083,Indonesia,21.7,0,16.7,aftershock sequence
2407,2768,6,2021-07-17 12:58:41.953000+00:00,2021-07-28 21:13:48.859000+00:00,11.3,us7000enbt,2021-07-19 02:38:53.627000+00:00,4.6,0.5293,126.5996,Indonesia,158.7,0,16.7,aftershock sequence
2408,2761,6,2021-07-05 06:58:43.447000+00:00,2021-07-11 02:34:11.292000+00:00,5.8,us7000eix2,2021-07-05 19:06:05.935000+00:00,4.6,28.0434,128.1255,Japan,44.0,0,16.7,aftershock sequence
2409,2414,6,2019-02-07 15:21:55.500000+00:00,2019-02-16 07:37:28.200000+00:00,8.7,us2000jflj,2019-02-09 07:13:41.630000+00:00,4.6,-12.8761,45.2651,Mayotte,32.2,0,16.7,aftershock sequence
2410,2412,6,2019-02-03 06:25:21.380000+00:00,2019-02-10 04:04:20.110000+00:00,6.9,us2000jnh9,2019-02-10 04:04:20.110000+00:00,4.9,-58.7714,-26.5182,South Sandwich Islands,188.3,0,83.3,swarm
2411,2409,6,2019-01-31 18:17:13.400000+00:00,2019-02-04 15:49:37.920000+00:00,3.9,us2000jbcc,2019-01-31 18:17:13.400000+00:00,5.1,21.4475,143.8304,Mariana Islands,108.2,0,0.0,aftershock sequence
2412,1432,6,2012-06-17 05:18:33.530000+00:00,2012-06-18 04:57:44.100000+00:00,1.0,usp000jmwe,2012-06-17 22:06:43.400000+00:00,4.6,52.827,160.888,Russia,32.0,0,16.7,aftershock sequence
2413,1428,6,2012-06-06 01:08:35.520000+00:00,2012-06-09 04:41:19.940000+00:00,3.1,usp000jmdc,2012-06-06 01:08:35.520000+00:00,5.5,22.357,121.428,Taiwan,96.3,0,0.0,aftershock sequence
2414,1420,6,2012-05-06 10:23:40.740000+00:00,2012-05-16 18:49:29.550000+00:00,10.4,usp000jkbm,2012-05-12 13:23:15.960000+00:00,5.3,2.241,126.108,Indonesia,132.2,0,33.3,swarm
2415,1419,6,2012-05-01 13:35:11.270000+00:00,2012-05-03 11:10:22.280000+00:00,1.9,usp000jjvz,2012-05-01 22:43:33.340000+00:00,6.0,14.376,-92.897,Mexico,66.7,0,33.3,swarm
2416,2406,6,2019-01-25 13:29:40.100000+00:00,2019-02-01 06:04:02.190000+00:00,6.7,us2000jbnr,2019-02-01 06:04:02.190000+00:00,5.0,-12.9858,165.9332,Vanuatu,169.3,0,83.3,swarm
2417,949,6,2008-06-25 02:39:24.100000+00:00,2008-07-02 01:52:35.680000+00:00,7.0,usp000gahg,2008-06-25 10:20:10.160000+00:00,5.0,-6.529,154.552,Papua New Guinea,168.0,0,33.3,swarm
2418,944,6,2008-06-04 01:12:18.040000+00:00,2008-06-13 00:26:52.510000+00:00,9.0,usp000g93u,2008-06-10 07:44:36.590000+00:00,5.4,5.248,126.387,Philippines,105.2,0,16.7,aftershock sequence
2419,993,6,2008-10-11 09:06:10.770000+00:00,2008-10-20 06:27:52.810000+00:00,8.9,usp000gjy6,2008-10-11 09:06:10.770000+00:00,5.8,43.372,46.254,Russia,10.3,0,0.0,aftershock sequence
2420,968,6,2008-08-07 09:08:38.600000+00:00,2008-08-07 18:30:03.070000+00:00,0.4,usp000ge3t,2008-08-07 18:30:03.070000+00:00,5.8,52.19,-175.651,Alaska,15.7,0,83.3,swarm
2421,2436,6,2019-04-02 00:59:19.930000+00:00,2019-04-02 23:28:51.254000+00:00,0.9,us2000k9d7,2019-04-02 21:35:30.049000+00:00,6.4,52.1702,178.0709,Alaska,30.6,0,16.7,aftershock sequence
2422,2431,6,2019-03-20 13:22:42.861000+00:00,2019-03-29 14:49:01.238000+00:00,9.1,us2000k6df,2019-03-28 08:04:00.347000+00:00,4.8,-18.1779,-178.4173,Fiji,67.9,0,50.0,swarm
2423,1388,6,2012-02-19 03:18:23.390000+00:00,2012-02-27 20:12:11.840000+00:00,8.7,usp000jf8n,2012-02-23 04:05:34.160000+00:00,5.0,-20.57,-178.761,Fiji,126.6,0,16.7,aftershock sequence
2424,1412,6,2012-04-21 05:34:00.530000+00:00,2012-04-26 06:38:32.260000+00:00,5.0,usp000jjmf,2012-04-26 06:38:32.260000+00:00,5.0,-18.802,-177.879,Fiji,181.7,0,83.3,swarm
2425,1401,6,2012-03-17 15:11:27.570000+00:00,2012-03-17 17:00:56.860000+00:00,0.1,usp000jgd9,2012-03-17 17:00:56.860000+00:00,5.5,3.823,63.404,Carlsberg Ridge,13.1,0,83.3,swarm
2426,2419,6,2019-02-17 19:57:02.880000+00:00,2019-02-18 02:03:22.820000+00:00,0.3,us2000jjd0,2019-02-17 23:18:54.100000+00:00,5.1,-59.879,-25.8795,South Sandwich Islands,36.2,0,16.7,aftershock sequence
2427,1032,6,2009-01-19 08:59:28+00:00,2009-01-19 15:10:21.280000+00:00,0.3,usp000gsub,2009-01-19 10:27:12.440000+00:00,5.4,-38.958,-15.705,Tristan da Cunha,50.9,0,50.0,swarm
2428,1031,6,2009-01-17 11:49:58.960000+00:00,2009-01-18 09:42:20.130000+00:00,0.9,usp000gsr9,2009-01-17 12:07:33.850000+00:00,5.1,51.212,178.93,Alaska,57.6,0,16.7,aftershock sequence
2429,971,6,2008-08-18 00:36:27.150000+00:00,2008-08-23 04:21:24.930000+00:00,5.2,usp000gf6e,2008-08-21 19:13:44.520000+00:00,5.3,-58.599,-25.154,South Sandwich Islands,73.6,0,33.3,swarm
2430,1046,6,2009-02-24 12:39:41.830000+00:00,2009-02-27 14:34:25.740000+00:00,3.1,usp000gubz,2009-02-24 12:39:41.830000+00:00,5.7,-23.18,170.557,Loyalty Islands,48.8,0,0.0,aftershock sequence
2431,1042,6,2009-02-16 00:33:36.040000+00:00,2009-02-20 14:13:23.610000+00:00,4.6,usp000gu22,2009-02-16 00:33:36.040000+00:00,5.1,-3.664,149.608,Papua New Guinea,35.4,0,0.0,aftershock sequence
2432,1040,6,2009-02-03 15:37:25.600000+00:00,2009-02-15 07:15:34.800000+00:00,11.7,usp000gu0d,2009-02-15 07:15:34.800000+00:00,5.1,-0.302,132.469,Indonesia,100.8,0,83.3,swarm
2433,1037,6,2009-01-29 19:14:14.600000+00:00,2009-02-05 06:37:00.990000+00:00,6.5,usp000gtf2,2009-02-04 16:01:59.830000+00:00,4.6,-37.301,176.659,New Zealand,96.8,0,66.7,swarm
2434,2725,6,2021-04-09 12:51:28.903000+00:00,2021-04-12 22:44:32.927000+00:00,3.4,us6000e13e,2021-04-12 22:44:32.927000+00:00,5.2,-22.7429,172.1694,Loyalty Islands,93.1,0,83.3,swarm
2435,1013,6,2008-11-25 15:04:44.210000+00:00,2008-12-01 20:21:34.420000+00:00,6.2,usp000gpe3,2008-11-25 15:04:44.210000+00:00,5.6,-22.901,-175.201,Tonga,40.1,0,0.0,aftershock sequence
2436,1012,6,2008-11-22 16:01:39.380000+00:00,2008-11-23 09:12:06.280000+00:00,0.7,usp000gp76,2008-11-22 16:01:39.380000+00:00,6.4,-22.523,171.199,Loyalty Islands,20.0,0,0.0,aftershock sequence
2437,1010,6,2008-11-16 17:02:32.700000+00:00,2008-11-17 21:03:02.260000+00:00,1.2,usp000gnur,2008-11-16 17:02:32.700000+00:00,7.4,1.271,122.091,Indonesia,38.6,1,0.0,aftershock sequence
2438,2452,6,2019-05-06 14:13:48.707000+00:00,2019-05-20 06:02:14.900000+00:00,13.7,us70003hcu,2019-05-06 14:13:48.707000+00:00,5.2,-6.2299,154.8151,Papua New Guinea,74.1,0,0.0,aftershock sequence
2439,1381,6,2012-01-31 18:25:13.160000+00:00,2012-02-03 11:26:51.240000+00:00,2.7,usp000je9w,2012-02-02 06:46:30.290000+00:00,5.6,-6.563,149.774,Papua New Guinea,50.4,0,33.3,swarm
2440,1380,6,2012-01-31 03:40:31.570000+00:00,2012-02-05 14:44:49.400000+00:00,5.5,usp000jee1,2012-02-03 13:26:03.940000+00:00,4.7,3.495,126.505,Philippines,127.4,0,33.3,swarm
2441,1374,6,2012-01-26 04:24:58.300000+00:00,2012-01-29 09:55:06.600000+00:00,3.2,usp000je0w,2012-01-27 01:33:24+00:00,5.3,36.044,25.064,Greece,5.8,0,33.3,swarm
2442,1371,6,2012-01-17 23:21:35.040000+00:00,2012-01-24 17:07:54.730000+00:00,6.7,usp000jdmm,2012-01-17 23:21:35.040000+00:00,5.6,-31.655,-71.499,Chile,48.8,0,0.0,aftershock sequence
2443,1061,6,2009-04-15 17:47:27.770000+00:00,2009-04-20 19:20:55.050000+00:00,5.1,usp000gw6c,2009-04-15 20:01:34.680000+00:00,6.3,-3.115,100.471,Indonesia,98.5,0,16.7,aftershock sequence
2444,1054,6,2009-03-14 06:49:31.030000+00:00,2009-03-15 23:04:12.160000+00:00,1.7,usp000gv04,2009-03-15 03:14:31.910000+00:00,5.8,2.429,-95.124,Ecuador,30.7,0,33.3,swarm
2445,1053,6,2009-03-12 23:37:23.970000+00:00,2009-03-25 13:40:52.840000+00:00,12.6,usp000guy6,2009-03-13 03:32:33.590000+00:00,5.2,-26.902,-176.439,Fiji Islands,25.1,0,16.7,aftershock sequence
2446,1025,6,2008-12-30 05:38:55.940000+00:00,2009-01-01 18:37:24.120000+00:00,2.5,usp000grvs,2008-12-30 19:49:52.610000+00:00,5.9,-4.297,101.217,Indonesia,88.0,0,16.7,aftershock sequence
2447,1080,6,2009-07-04 17:14:39.750000+00:00,2009-07-05 11:17:04.030000+00:00,0.8,usp000gyxy,2009-07-04 17:14:39.750000+00:00,5.0,11.36,142.81,Guam,11.8,0,0.0,aftershock sequence
2448,1070,6,2009-05-17 19:50:06.240000+00:00,2009-05-19 20:35:40.090000+00:00,2.0,usp000gxam,2009-05-19 17:35:01.070000+00:00,5.7,25.291,37.74,Saudi Arabia,16.9,0,50.0,swarm
2449,2695,6,2021-02-01 05:46:52.958000+00:00,2021-02-01 20:46:15.897000+00:00,0.6,us6000ddle,2021-02-01 08:35:18.153000+00:00,5.2,39.0217,26.0784,Greece,18.0,0,50.0,swarm
2450,2723,6,2021-03-29 19:15:44.963000+00:00,2021-03-30 23:58:41.073000+00:00,1.2,us6000dxhb,2021-03-29 19:42:54.923000+00:00,5.2,21.3178,146.0835,Mariana Islands,26.8,0,16.7,aftershock sequence
2451,2719,6,2021-03-18 00:04:06.698000+00:00,2021-03-25 02:37:14.465000+00:00,7.1,us7000dker,2021-03-18 00:04:06.698000+00:00,6.0,36.9206,5.2014,Algeria,10.1,0,0.0,aftershock sequence
2452,1086,6,2009-08-03 17:55:22.710000+00:00,2009-08-05 09:13:12.300000+00:00,1.6,usp000gzyb,2009-08-03 17:59:56.170000+00:00,6.9,29.039,-112.903,Mexico,107.1,1,16.7,aftershock sequence
2453,1085,6,2009-07-30 20:05:35.650000+00:00,2009-08-03 21:41:55.620000+00:00,4.1,usp000gzts,2009-07-30 20:05:35.650000+00:00,5.8,-20.849,-174.256,Tonga,36.8,0,0.0,aftershock sequence
2454,1081,6,2009-07-06 06:56:05.680000+00:00,2009-07-13 22:31:56.050000+00:00,7.6,usp000gyz6,2009-07-06 06:56:05.680000+00:00,5.3,-52.971,-118.42,East Pacific Rise,27.9,0,0.0,aftershock sequence
2455,1329,6,2011-10-02 21:48:56.690000+00:00,2011-10-14 09:26:55.080000+00:00,11.5,usp000j9b6,2011-10-14 09:26:55.080000+00:00,4.9,35.686,140.251,Japan,97.1,0,83.3,swarm
2456,1347,6,2011-11-21 08:50:22.770000+00:00,2011-11-22 19:10:50.690000+00:00,1.4,usp000jb94,2011-11-22 16:45:18.960000+00:00,5.2,-2.219,99.446,Indonesia,45.0,0,50.0,swarm
2457,1346,6,2011-11-20 09:19:21.380000+00:00,2011-11-20 22:04:21.740000+00:00,0.5,usp000jb5e,2011-11-20 09:28:37.710000+00:00,5.2,59.304,-30.471,Reykjanes Ridge,24.9,0,33.3,swarm
2458,1342,6,2011-11-06 08:31:28.480000+00:00,2011-11-17 15:33:34.820000+00:00,11.3,usp000japx,2011-11-11 15:02:19.930000+00:00,5.6,-17.708,-173.095,Tonga,123.1,0,16.7,aftershock sequence
2459,2455,6,2019-05-16 06:52:00.006000+00:00,2019-05-20 20:34:46.565000+00:00,4.6,usd000a22m,2019-05-17 19:05:19.114000+00:00,5.1,7.6041,94.3069,Indonesia,17.6,0,66.7,swarm
2460,2675,6,2020-12-18 21:23:24.943000+00:00,2020-12-18 21:50:50.111000+00:00,0.0,us6000d1x0,2020-12-18 21:23:24.943000+00:00,4.6,39.1546,-30.1183,Portugal,63.1,0,0.0,aftershock sequence
2461,2672,6,2020-12-14 01:57:10.822000+00:00,2020-12-26 16:29:09.545000+00:00,12.6,us7000cqvm,2020-12-14 01:57:10.822000+00:00,5.6,-23.9372,179.8899,Fiji Islands,103.4,0,0.0,aftershock sequence
2462,1051,6,2009-03-11 17:24:36.610000+00:00,2009-03-14 14:29:11+00:00,2.9,usp000guv5,2009-03-11 17:24:36.610000+00:00,5.9,8.504,-83.219,Costa Rica,87.8,0,0.0,aftershock sequence
2463,1049,6,2009-03-05 18:13:02.920000+00:00,2009-03-07 17:34:25.480000+00:00,2.0,usp000gupe,2009-03-06 07:01:48.040000+00:00,5.8,-15.156,-173.309,Tonga,53.2,0,16.7,aftershock sequence
2464,1109,6,2009-10-08 01:38:36.300000+00:00,2009-10-16 10:27:15.260000+00:00,8.4,usp000h2hp,2009-10-08 01:38:36.300000+00:00,4.7,30.304,-114.031,Mexico,30.4,0,0.0,aftershock sequence
2465,1105,6,2009-09-24 11:22:09.570000+00:00,2009-10-02 14:54:06.210000+00:00,8.1,usp000h24c,2009-10-01 01:52:27.320000+00:00,6.6,-2.482,101.524,Indonesia,60.8,1,16.7,aftershock sequence
2466,1104,6,2009-09-30 17:17:25.320000+00:00,2009-10-07 13:10:05.770000+00:00,6.8,usp000h23r,2009-09-30 17:17:25.320000+00:00,5.1,-14.987,-175.83,Wallis and Futuna,54.2,0,0.0,aftershock sequence
2467,1099,6,2009-09-07 22:41:37.360000+00:00,2009-09-12 09:41:21.260000+00:00,4.5,usp000h1ar,2009-09-07 22:41:37.360000+00:00,6.0,42.66,43.443,Georgia,16.9,0,0.0,aftershock sequence
2468,1098,6,2009-09-02 07:55:01.050000+00:00,2009-09-02 20:48:59.560000+00:00,0.5,usp000h152,2009-09-02 07:55:01.050000+00:00,7.0,-7.782,107.297,Indonesia,20.1,1,0.0,aftershock sequence
2469,2662,6,2020-11-11 21:33:27.361000+00:00,2020-11-16 20:14:24.874000+00:00,4.9,us7000cdjk,2020-11-11 21:33:27.361000+00:00,5.0,21.6473,121.8442,Taiwan,87.0,0,0.0,aftershock sequence
2470,2681,6,2020-12-28 23:34:07.244000+00:00,2020-12-29 09:23:06.755000+00:00,0.4,us6000d3x8,2020-12-29 06:23:29.769000+00:00,5.4,-6.3985,154.6521,Papua New Guinea,32.7,0,66.7,swarm
2471,2652,6,2020-10-02 09:07:02.459000+00:00,2020-10-02 19:18:24.055000+00:00,0.4,us6000c4n8,2020-10-02 09:07:02.459000+00:00,4.8,-8.5538,-80.1628,Peru,31.9,0,0.0,aftershock sequence
2472,2649,6,2020-09-26 18:39:18.478000+00:00,2020-09-28 04:12:42.226000+00:00,1.4,us6000c1rq,2020-09-26 22:50:25.082000+00:00,5.4,39.9847,24.3349,Greece,6.2,0,16.7,aftershock sequence
2473,2646,6,2020-09-09 11:14:21.345000+00:00,2020-09-16 15:08:24.303000+00:00,7.2,us7000bmp6,2020-09-13 11:47:24.723000+00:00,5.0,-32.8356,-178.6311,Kermadec Islands,106.1,0,33.3,swarm
2474,1309,6,2011-08-19 23:49:16.360000+00:00,2011-08-30 13:22:12.720000+00:00,10.6,usp000j72h,2011-08-26 20:32:40.930000+00:00,5.3,36.445,70.727,Afghanistan,79.8,0,66.7,swarm
2475,1305,6,2011-08-04 18:08:27.260000+00:00,2011-08-05 06:34:31.730000+00:00,0.5,usp000j5z9,2011-08-04 18:11:12.310000+00:00,5.0,-14.615,66.487,Mid-Indian Ridge,38.2,0,16.7,aftershock sequence
2476,2487,6,2019-08-01 18:28:07.270000+00:00,2019-08-02 06:50:51.354000+00:00,0.5,us60004yps,2019-08-01 18:28:07.270000+00:00,6.8,-34.2364,-72.3102,Chile,12.3,1,0.0,aftershock sequence
2477,1304,6,2011-07-30 06:54:45.170000+00:00,2011-07-31 18:29:37.540000+00:00,1.5,usp000j5qs,2011-07-30 06:54:45.170000+00:00,4.9,27.108,143.28,Japan,12.8,0,0.0,aftershock sequence
2478,2477,6,2019-07-09 12:36:58.915000+00:00,2019-07-15 04:26:30.599000+00:00,5.7,us70004fsk,2019-07-09 12:36:58.915000+00:00,5.6,6.8138,125.1193,Philippines,111.1,0,0.0,aftershock sequence
2479,2476,6,2019-07-03 22:57:57.050000+00:00,2019-07-16 12:36:02.123000+00:00,12.6,us70004e5s,2019-07-07 18:49:01.003000+00:00,5.2,-23.7614,-179.8609,Fiji Islands,27.1,0,16.7,aftershock sequence
2480,2473,6,2019-06-29 19:27:08.591000+00:00,2019-06-30 05:45:10.272000+00:00,0.4,us700047g7,2019-06-29 19:51:20.829000+00:00,5.5,-1.7146,-13.0102,Ascension Island,120.1,0,33.3,swarm
2481,2463,6,2019-06-08 14:11:13.080000+00:00,2019-06-24 23:37:21.040000+00:00,16.4,us600040n4,2019-06-14 07:54:22.250000+00:00,4.9,-17.8957,-178.1045,Fiji,97.9,0,33.3,swarm
2482,1117,6,2009-11-08 23:05:19.320000+00:00,2009-11-19 14:08:39.320000+00:00,10.6,usp000h3vw,2009-11-08 23:05:19.320000+00:00,5.3,52.307,-168.454,Alaska,105.5,0,0.0,aftershock sequence
2483,1116,6,2009-11-05 06:23:04.220000+00:00,2009-11-06 19:27:04.860000+00:00,1.5,usp000h3rz,2009-11-05 07:12:32.440000+00:00,5.6,12.108,45.907,Yemen,15.1,0,16.7,aftershock sequence
2484,1113,6,2009-10-21 12:40:19.370000+00:00,2009-10-30 02:53:39.700000+00:00,8.6,usp000h37z,2009-10-21 12:40:19.370000+00:00,5.1,-32.768,-71.762,Chile,19.7,0,0.0,aftershock sequence
2485,2625,6,2020-07-26 00:53:59.061000+00:00,2020-08-07 11:11:17.230000+00:00,12.4,us6000b46r,2020-07-26 00:53:59.061000+00:00,6.4,-60.7833,-25.413,South Sandwich Islands,132.6,0,0.0,aftershock sequence
2486,2623,6,2020-07-17 13:47:26.615000+00:00,2020-08-01 09:17:17.522000+00:00,14.8,us6000b7wu,2020-08-01 09:17:17.522000+00:00,5.5,-22.9245,-13.5001,Mid-Atlantic Ridge,96.4,0,83.3,swarm
2487,2494,6,2019-09-06 12:02:24.055000+00:00,2019-09-17 18:45:27.493000+00:00,11.3,us70005ej7,2019-09-10 23:32:23.782000+00:00,5.6,4.0301,126.6816,Philippines,83.8,0,16.7,aftershock sequence
2488,1320,6,2011-09-19 17:59:54.050000+00:00,2011-09-25 21:29:37.150000+00:00,6.1,usp000j89y,2011-09-19 18:33:55.870000+00:00,5.6,14.186,-90.238,Guatemala,28.5,0,16.7,aftershock sequence
2489,1319,6,2011-09-14 13:36:34.120000+00:00,2011-09-19 00:02:56.590000+00:00,4.4,usp000j82j,2011-09-15 07:53:18.630000+00:00,6.1,-35.366,-179.039,North Island of New Zealand,43.6,0,16.7,aftershock sequence
2490,2617,6,2020-07-09 04:34:46.267000+00:00,2020-07-17 10:35:36.779000+00:00,8.3,us7000an1a,2020-07-13 22:14:48.760000+00:00,5.1,-17.2716,167.8762,Vanuatu,79.9,0,50.0,swarm
2491,2658,6,2020-10-30 11:51:27.348000+00:00,2020-11-02 19:16:40.054000+00:00,3.3,us7000c7y0,2020-10-30 11:51:27.348000+00:00,7.0,37.8973,26.7838,Greece,26.6,1,0.0,aftershock sequence
2492,1157,6,2010-03-02 22:18:42.080000+00:00,2010-03-03 22:54:13.420000+00:00,1.0,usp000h8jm,2010-03-02 22:18:42.080000+00:00,5.1,3.438,126.837,Indonesia,44.1,0,0.0,aftershock sequence
2493,1152,6,2010-02-12 11:20:39.260000+00:00,2010-02-13 04:30:45.400000+00:00,0.7,usp000h782,2010-02-13 01:00:57.620000+00:00,5.2,29.852,-42.753,Mid-Atlantic Ridge,16.4,0,50.0,swarm
2494,1148,6,2010-02-01 12:14:33.490000+00:00,2010-02-03 10:52:58.760000+00:00,1.9,usp000h6ut,2010-02-01 12:14:33.490000+00:00,5.1,-23.004,-112.306,Easter Island,16.4,0,0.0,aftershock sequence
2495,1145,6,2010-01-18 22:18:18.190000+00:00,2010-01-30 19:59:08.470000+00:00,11.9,usp000h6mc,2010-01-25 21:38:55.250000+00:00,5.6,-18.599,-173.696,Tonga,78.6,0,33.3,swarm
2496,2612,6,2020-06-25 18:29:44.765000+00:00,2020-06-26 20:22:36.663000+00:00,1.1,us7000abh1,2020-06-25 18:29:44.765000+00:00,5.1,-37.1623,-95.1851,Easter Island,83.8,0,0.0,aftershock sequence
2497,1120,6,2009-11-17 15:30:47.440000+00:00,2009-11-18 08:06:07.700000+00:00,0.7,usp000h44s,2009-11-17 15:30:47.440000+00:00,6.6,52.123,-131.395,Canada,21.3,1,0.0,aftershock sequence
2498,1173,6,2010-05-09 18:44:49.760000+00:00,2010-05-20 23:45:27.150000+00:00,11.2,usp000hcj9,2010-05-09 18:44:49.760000+00:00,5.2,-55.692,-26.932,South Sandwich Islands,75.8,0,0.0,aftershock sequence
2499,1172,6,2010-05-09 02:29:31.070000+00:00,2010-05-15 19:47:40.460000+00:00,6.7,usp000hchc,2010-05-09 02:29:31.070000+00:00,4.9,-32.561,-178.167,Kermadec Islands,65.3,0,0.0,aftershock sequence
2500,1170,6,2010-04-23 01:26:02.260000+00:00,2010-04-30 18:34:13.430000+00:00,7.7,usp000hc1r,2010-04-28 23:52:22.450000+00:00,4.9,-22.178,-174.49,Tonga,64.9,0,16.7,aftershock sequence
2501,2510,6,2019-10-23 04:49:41.420000+00:00,2019-10-31 09:24:03.867000+00:00,8.2,us70005xj5,2019-10-23 04:49:41.420000+00:00,4.9,-21.8303,169.0319,New Caledonia,129.3,0,0.0,aftershock sequence
2502,1256,6,2011-03-16 22:36:16+00:00,2011-03-18 18:38:07.300000+00:00,1.8,usp000hxk6,2011-03-16 22:36:16+00:00,5.5,-32.564,-71.726,Chile,97.7,0,0.0,aftershock sequence
2503,1303,6,2011-07-29 07:42:23.400000+00:00,2011-08-02 19:18:46.840000+00:00,4.5,usp000j5nv,2011-07-29 07:42:23.400000+00:00,6.7,-23.801,179.751,Fiji Islands,78.3,1,0.0,aftershock sequence
2504,1299,6,2011-07-15 00:55:46.880000+00:00,2011-07-27 06:10:46.700000+00:00,12.2,usp000j4xk,2011-07-15 00:55:46.880000+00:00,5.3,-24.194,-175.297,Tonga,74.4,0,0.0,aftershock sequence
2505,1292,6,2011-07-01 16:25:48.580000+00:00,2011-07-06 06:50:45.210000+00:00,4.6,usp000j417,2011-07-01 16:25:48.580000+00:00,5.6,-6.626,147.85,Papua New Guinea,122.5,0,0.0,aftershock sequence
2506,2596,6,2020-05-03 16:39:14.141000+00:00,2020-05-12 05:15:29.858000+00:00,8.5,us70009b14,2020-05-06 13:53:55.940000+00:00,6.8,-6.7761,129.7852,Banda Sea,80.7,1,16.7,aftershock sequence
2507,2595,6,2020-05-04 03:03:10.711000+00:00,2020-05-13 21:27:53.690000+00:00,9.8,us700099km,2020-05-04 03:03:10.711000+00:00,5.3,31.0366,141.8704,Japan,21.1,0,0.0,aftershock sequence
2508,1192,6,2010-07-29 01:39:42.340000+00:00,2010-07-30 04:28:02.920000+00:00,1.1,usp000hh4n,2010-07-30 03:56:13.710000+00:00,6.3,52.498,159.843,Russia,36.7,0,33.3,swarm
2509,1180,6,2010-06-19 12:58:35.090000+00:00,2010-07-01 02:12:33.540000+00:00,11.6,usp000he9f,2010-06-19 12:58:35.090000+00:00,4.7,37.146,71.553,Tajikistan,89.2,0,0.0,aftershock sequence
2510,2606,6,2020-06-14 14:24:29.501000+00:00,2020-06-15 16:52:37.882000+00:00,1.1,us6000abnv,2020-06-14 14:24:29.501000+00:00,5.9,39.4229,40.7073,Turkey,6.5,0,0.0,aftershock sequence
2511,1202,6,2010-08-25 07:53:17.280000+00:00,2010-09-06 09:54:30.720000+00:00,12.1,usp000hkb5,2010-09-06 09:54:30.720000+00:00,5.1,-30.82,-178.041,New Zealand,128.0,0,83.3,swarm
2512,2567,6,2020-02-14 01:13:40.006000+00:00,2020-02-23 13:25:40.621000+00:00,9.5,us70007rty,2020-02-17 12:54:53.982000+00:00,5.3,28.6016,142.6583,Japan,25.5,0,50.0,swarm
2513,2566,6,2020-02-13 17:49:19.911000+00:00,2020-02-25 11:14:03.929000+00:00,11.7,us70007qtx,2020-02-15 11:00:05.736000+00:00,5.3,23.838,121.6166,Taiwan,68.9,0,16.7,aftershock sequence
2514,2565,6,2020-02-08 19:02:49.980000+00:00,2020-02-10 16:49:06.292000+00:00,1.9,iscgem617544566,2020-02-08 22:21:49.530000+00:00,5.2,-17.249,-177.0,Fiji,111.6,0,33.3,swarm
2515,2559,6,2020-01-26 18:35:40.719000+00:00,2020-01-28 13:56:32.223000+00:00,1.8,us60007i66,2020-01-28 13:35:54.777000+00:00,4.8,-8.8855,-109.0178,East Pacific Rise,88.8,0,66.7,swarm
2516,2556,6,2020-01-24 17:55:14.147000+00:00,2020-01-31 23:32:51.609000+00:00,7.2,us60007ewc,2020-01-24 17:55:14.147000+00:00,6.7,38.4312,39.0609,Turkey,35.6,1,0.0,aftershock sequence
2517,1223,6,2010-11-30 17:54:47.580000+00:00,2010-12-05 08:50:32.340000+00:00,4.6,usp000hqbw,2010-11-30 17:54:47.580000+00:00,5.7,48.922,154.918,Russia,92.2,0,0.0,aftershock sequence
2518,2593,6,2020-04-25 12:50:26.811000+00:00,2020-05-05 23:20:39.569000+00:00,10.4,us70009arc,2020-05-05 23:20:39.569000+00:00,5.4,-15.2519,-172.8753,Tonga,126.3,0,83.3,swarm
2519,2590,6,2020-04-19 01:57:17.931000+00:00,2020-04-27 08:40:42.777000+00:00,8.3,us60009d5p,2020-04-27 08:40:42.777000+00:00,5.4,-3.7329,151.4659,Papua New Guinea,54.8,0,83.3,swarm
2520,1234,6,2010-12-30 16:56:14.930000+00:00,2011-01-08 18:30:12.890000+00:00,9.1,usp000hsah,2010-12-30 16:56:14.930000+00:00,5.0,9.989,126.249,Philippines,122.0,0,0.0,aftershock sequence
2521,1259,6,2011-03-24 13:55:12.010000+00:00,2011-03-26 05:57:33.380000+00:00,1.7,usp000hyfx,2011-03-24 13:55:12.010000+00:00,6.9,20.687,99.822,Myanmar,30.9,1,0.0,aftershock sequence
2522,2529,6,2019-12-09 08:19:04.828000+00:00,2019-12-19 18:36:40.962000+00:00,10.4,us60006rv1,2019-12-15 18:42:06.644000+00:00,5.0,-24.1789,-67.0399,Argentina,35.9,0,66.7,swarm
2523,1220,6,2010-11-16 12:57:49.200000+00:00,2010-11-24 10:01:48.750000+00:00,7.9,usp000hpz7,2010-11-22 16:18:43.440000+00:00,5.9,-33.625,-178.918,Kermadec Islands,51.1,0,33.3,swarm
2524,1274,6,2011-05-13 15:55:46.680000+00:00,2011-05-16 02:25:05.300000+00:00,2.4,usp000j1hu,2011-05-13 15:55:46.680000+00:00,5.3,-11.489,165.537,Solomon Islands,24.2,0,0.0,aftershock sequence
2525,2519,6,2019-11-14 18:30:18.751000+00:00,2019-11-20 03:43:04.660000+00:00,5.4,us7000690l,2019-11-17 01:28:55.472000+00:00,5.2,7.2027,94.5282,Indonesia,38.1,0,16.7,aftershock sequence
2526,2546,6,2019-12-26 09:24:33.933000+00:00,2020-01-08 07:14:05.518000+00:00,12.9,us70006r5x,2019-12-26 09:24:33.933000+00:00,5.3,-5.4782,150.9196,Papua New Guinea,223.4,0,0.0,aftershock sequence
2527,2571,6,2020-02-20 00:48:11.141000+00:00,2020-02-28 13:34:48.915000+00:00,8.5,us70007upz,2020-02-22 08:47:04.367000+00:00,4.9,27.0302,143.6732,Japan,22.1,0,16.7,aftershock sequence
2528,1244,6,2011-02-15 14:12:50.370000+00:00,2011-02-22 05:28:22.860000+00:00,6.6,usp000humf,2011-02-16 23:45:10.380000+00:00,5.2,25.909,128.281,Japan,79.1,0,50.0,swarm
2529,1271,6,2011-05-10 06:37:05.260000+00:00,2011-05-11 10:52:13.400000+00:00,1.2,usp000j1a0,2011-05-10 06:37:05.260000+00:00,5.0,-6.996,68.334,Chagos Archipelago,126.6,0,0.0,aftershock sequence
2530,1949,6,2015-11-07 06:58:30.300000+00:00,2015-11-20 18:00:04.410000+00:00,13.5,us10003vgf,2015-11-07 06:58:30.300000+00:00,5.3,8.4672,-71.3957,Venezuela,12.9,0,0.0,aftershock sequence
2531,1945,6,2015-10-24 13:38:56.410000+00:00,2015-11-03 02:40:17.550000+00:00,9.5,us200040f4,2015-10-25 09:05:10.020000+00:00,4.7,-32.6961,-177.8648,Kermadec Islands,44.1,0,50.0,swarm
2532,1992,6,2016-02-10 15:10:33.990000+00:00,2016-02-17 11:15:24.100000+00:00,6.8,us200050a6,2016-02-15 15:02:32.890000+00:00,6.0,-20.9981,-175.4788,Tonga,117.7,0,33.3,swarm
2533,1990,6,2016-02-09 21:11:20.200000+00:00,2016-02-13 03:44:46.790000+00:00,3.3,us20004zu2,2016-02-12 20:56:48.430000+00:00,5.4,-11.3289,162.8192,Solomon Islands,146.3,0,33.3,swarm
2534,1973,6,2015-12-20 18:47:36.610000+00:00,2015-12-25 05:00:13.430000+00:00,4.4,us100048hc,2015-12-20 18:47:36.610000+00:00,6.1,3.6455,117.6359,Indonesia,35.6,0,0.0,aftershock sequence
2535,1965,6,2015-12-02 12:12:36.830000+00:00,2015-12-10 15:03:26.410000+00:00,8.1,us20004fuz,2015-12-09 12:58:01.780000+00:00,6.1,-16.7374,175.2475,Fiji,31.4,0,33.3,swarm
2536,3539,6,2026-07-23 06:51:07.948000+00:00,2026-08-02 05:18:40.623000+00:00,9.9,us7000t3fm,2026-07-26 08:35:18.901000+00:00,5.8,51.4606,-173.2795,Alaska,21.5,0,50.0,swarm
2537,3535,6,2026-07-20 12:53:49.324000+00:00,2026-07-24 23:44:09.538000+00:00,4.5,us7000t37a,2026-07-24 21:37:51.634000+00:00,6.0,-13.9998,166.9736,Vanuatu,127.6,0,50.0,swarm
2538,36,6,2000-08-02 07:07:42.680000+00:00,2000-08-07 03:24:14.590000+00:00,4.8,usp0009xyc,2000-08-05 08:30:10.400000+00:00,5.5,-6.377,130.209,Indonesia,106.5,0,33.3,swarm
2539,45,6,2000-10-01 08:03:12.150000+00:00,2000-10-05 20:19:17.320000+00:00,4.5,usp000a18v,2000-10-04 16:58:44.310000+00:00,7.0,-15.421,166.91,Vanuatu,70.9,1,16.7,aftershock sequence
2540,46,6,2000-09-26 06:17:52.410000+00:00,2000-10-08 07:28:33.670000+00:00,12.0,usp000a0ty,2000-09-26 06:17:52.410000+00:00,6.4,-17.178,-173.927,Tonga,99.8,0,0.0,aftershock sequence
2541,51,6,2000-10-16 07:52:08.330000+00:00,2000-10-29 06:12:39.430000+00:00,12.9,usp000a2ak,2000-10-24 03:24:45.200000+00:00,5.2,-5.805,146.405,Papua New Guinea,164.4,0,50.0,swarm
2542,2,5,2000-02-02 17:49:25.090000+00:00,2000-02-03 18:30:06.230000+00:00,1.0,usp0009n0b,2000-02-03 13:42:25.040000+00:00,5.5,13.572,121.546,Philippines,20.2,0,40.0,swarm
2543,54,5,2000-10-27 18:57:40.550000+00:00,2000-10-30 03:07:10.060000+00:00,2.3,usp000a2pk,2000-10-30 03:07:10.060000+00:00,5.8,17.637,-61.193,Antigua and Barbuda,9.0,0,80.0,swarm
2544,52,5,2000-10-25 05:26:38.890000+00:00,2000-10-28 08:16:59.370000+00:00,3.1,usp000a2df,2000-10-25 19:00:17.490000+00:00,6.1,-34.678,-109.458,East Pacific Rise,36.3,0,40.0,swarm
2545,47,5,2000-10-03 00:02:49.300000+00:00,2000-10-03 19:27:07.800000+00:00,0.8,usp000a162,2000-10-03 02:46:59.250000+00:00,5.4,-7.123,67.926,Mid-Indian Ridge,66.8,0,40.0,swarm
2546,44,5,2000-09-12 00:27:58.620000+00:00,2000-09-12 06:43:09.900000+00:00,0.3,usp000a03h,2000-09-12 00:27:58.620000+00:00,6.1,35.389,99.343,China,7.4,0,0.0,aftershock sequence
2547,42,5,2000-08-29 10:18:21.950000+00:00,2000-09-09 06:24:45.710000+00:00,10.8,usp0009zm9,2000-09-03 05:00:45.250000+00:00,5.2,1.57,126.893,Indonesia,71.4,0,40.0,swarm
2548,39,5,2000-08-20 10:48:14.380000+00:00,2000-08-23 00:49:16.110000+00:00,2.6,usp0009z04,2000-08-23 00:49:16.110000+00:00,5.3,23.621,121.472,Taiwan,109.9,0,80.0,swarm
2549,40,5,2000-08-26 21:20:14.070000+00:00,2000-08-30 23:53:32.340000+00:00,4.1,usp0009zce,2000-08-29 23:05:04.450000+00:00,4.7,-5.277,154.306,Papua New Guinea,163.0,0,60.0,swarm
2550,3529,5,2026-07-06 06:05:59.269000+00:00,2026-07-14 07:18:47.695000+00:00,8.1,us7000szyr,2026-07-13 00:54:02.155000+00:00,5.4,12.815,123.0918,Philippines,27.7,0,20.0,aftershock sequence
2551,3536,5,2026-07-20 21:28:29.739000+00:00,2026-07-20 22:27:49.636000+00:00,0.0,us7000t21z,2026-07-20 21:28:29.739000+00:00,5.6,14.5273,-44.9798,Mid-Atlantic Ridge,27.4,0,0.0,aftershock sequence
2552,3538,5,2026-07-21 13:13:11.261000+00:00,2026-07-21 18:16:39.844000+00:00,0.2,us7000t26b,2026-07-21 13:13:11.261000+00:00,5.3,39.9092,-29.5992,Portugal,95.8,0,0.0,aftershock sequence
2553,3559,5,2026-09-05 06:54:59.988000+00:00,2026-09-13 19:40:25.496000+00:00,8.5,us7000tej2,2026-09-05 11:37:12.281000+00:00,5.1,-26.1121,-66.5901,Argentina,9.4,0,20.0,aftershock sequence
2554,1962,5,2015-11-26 22:33:05.620000+00:00,2015-12-05 02:10:00.660000+00:00,8.2,us1000421x,2015-11-29 18:52:49.490000+00:00,5.8,-23.5597,-64.6521,Argentina,13.1,0,20.0,aftershock sequence
2555,1963,5,2015-11-25 11:11:50.030000+00:00,2015-12-07 05:18:43.530000+00:00,11.8,us100041rh,2015-11-25 11:11:50.030000+00:00,4.8,-15.087,-172.937,Tonga,65.1,0,0.0,aftershock sequence
2556,97,5,2001-06-14 13:39:26.880000+00:00,2001-06-15 06:28:04.960000+00:00,0.7,usp000agn9,2001-06-14 19:48:47.850000+00:00,6.5,51.16,-179.828,Alaska,8.9,1,40.0,swarm
2557,96,5,2001-06-12 14:14:40.180000+00:00,2001-06-12 14:51:39.890000+00:00,0.0,usp000aggm,2001-06-12 14:22:15.920000+00:00,5.4,14.537,-45.031,Mid-Atlantic Ridge,10.3,0,40.0,swarm
2558,1941,5,2015-10-12 22:10:03.360000+00:00,2015-10-21 12:10:25.330000+00:00,8.6,us10003pei,2015-10-17 20:44:53.910000+00:00,5.4,-5.0806,152.9273,Papua New Guinea,65.8,0,20.0,aftershock sequence
2559,1936,5,2015-09-30 08:32:04.970000+00:00,2015-10-08 16:41:42.390000+00:00,8.3,us10003k7u,2015-10-04 14:57:42.180000+00:00,4.8,-15.626,-172.9284,Tonga,83.7,0,20.0,aftershock sequence
2560,1933,5,2015-09-24 15:53:27.740000+00:00,2015-09-25 21:53:18.080000+00:00,1.2,us20003nqr,2015-09-24 15:53:27.740000+00:00,6.6,-0.6212,131.2622,Indonesia,48.9,1,0.0,aftershock sequence
2561,1932,5,2015-09-24 08:21:47.320000+00:00,2015-09-29 11:35:42.550000+00:00,5.1,us10003iqu,2015-09-29 08:46:50.590000+00:00,5.2,40.3094,143.6835,Japan,142.8,0,60.0,swarm
2562,1931,5,2015-09-16 07:40:58.690000+00:00,2015-09-29 14:39:13.750000+00:00,13.3,us20003jwc,2015-09-16 07:40:58.690000+00:00,6.3,1.8841,126.4288,Indonesia,107.5,0,0.0,aftershock sequence
2563,120,5,2001-09-29 02:40:07.380000+00:00,2001-09-30 19:01:18.710000+00:00,1.7,usp000apyt,2001-09-29 02:40:07.380000+00:00,6.4,-18.503,168.159,Vanuatu,43.1,0,0.0,aftershock sequence
2564,16,5,2000-04-21 09:14:08.570000+00:00,2000-04-29 13:13:58.790000+00:00,8.2,usp0009rz8,2000-04-27 23:56:15.230000+00:00,4.7,10.238,126.121,Philippine Islands,35.5,0,40.0,swarm
2565,3565,5,2026-09-28 19:45:07.515000+00:00,2026-10-07 19:36:46.284000+00:00,9.0,us6000tytg,2026-10-01 12:27:11.864000+00:00,5.3,35.7025,140.5507,Japan,142.5,0,20.0,aftershock sequence
2566,5,5,2000-02-18 08:01:27.180000+00:00,2000-02-22 06:48:21.110000+00:00,3.9,usp0009nmd,2000-02-18 08:06:15.100000+00:00,5.6,16.569,-46.584,Mid-Atlantic Ridge,28.0,0,40.0,swarm
2567,3562,5,2026-09-19 08:47:44.610000+00:00,2026-10-01 20:00:34.322000+00:00,12.5,us6000tywu,2026-10-01 19:38:01.795000+00:00,5.1,-11.7706,166.961,Solomon Islands,112.5,0,60.0,swarm
2568,3561,5,2026-09-21 18:48:44.872000+00:00,2026-09-26 06:38:19.029000+00:00,4.5,us6000twzi,2026-09-22 22:12:26.626000+00:00,4.6,3.9539,-75.8291,Colombia,42.1,0,20.0,aftershock sequence
2569,3541,5,2026-07-27 04:40:40.998000+00:00,2026-07-30 02:46:23.781000+00:00,2.9,us6000tggm,2026-07-28 20:27:56.153000+00:00,5.4,-5.7635,153.6953,Papua New Guinea,74.0,0,40.0,swarm
2570,3495,5,2026-04-29 16:11:26.267000+00:00,2026-04-29 16:41:44.936000+00:00,0.0,us7000sh1c,2026-04-29 16:27:35.614000+00:00,5.3,-44.5893,37.5031,Prince Edward Islands,22.5,0,20.0,aftershock sequence
2571,3494,5,2026-04-24 03:15:28.052000+00:00,2026-05-03 16:36:11.891000+00:00,9.6,us7000sh7l,2026-04-30 09:07:07.893000+00:00,4.9,-18.3849,-175.3033,Tonga,58.1,0,40.0,swarm
2572,1226,5,2010-12-09 11:33:52.610000+00:00,2010-12-15 04:23:03.670000+00:00,5.7,usp000hqy2,2010-12-15 04:23:03.670000+00:00,5.3,-37.31,78.169,Mid-Indian Ridge,40.1,0,80.0,swarm
2573,2551,5,2020-01-04 19:54:43.162000+00:00,2020-01-14 23:16:45.292000+00:00,10.1,us70006wyw,2020-01-09 17:03:41.094000+00:00,4.6,-20.3249,-177.6243,Tonga,86.4,0,40.0,swarm
2574,2550,5,2020-01-09 08:38:08.278000+00:00,2020-01-09 10:47:19.774000+00:00,0.1,us70006wuf,2020-01-09 08:38:08.278000+00:00,6.4,62.358,171.0611,Russia,17.3,0,0.0,aftershock sequence
2575,1261,5,2011-03-27 10:59:25.900000+00:00,2011-04-08 18:25:04.850000+00:00,12.3,usp000hyqs,2011-03-27 10:59:25.900000+00:00,5.3,-24.079,179.904,Fiji Islands,62.8,0,0.0,aftershock sequence
2576,1258,5,2011-03-19 03:03:16.930000+00:00,2011-03-19 18:43:03.250000+00:00,0.7,usp000hxym,2011-03-19 18:43:03.250000+00:00,5.4,-10.248,-13.231,Saint Helena,24.0,0,80.0,swarm
2577,2536,5,2019-12-19 12:35:31.287000+00:00,2019-12-23 23:09:46.039000+00:00,4.4,us70006ng5,2019-12-19 12:35:31.287000+00:00,5.9,13.7354,-91.2255,Guatemala,111.7,0,0.0,aftershock sequence
2578,1219,5,2010-11-18 13:27:30.440000+00:00,2010-11-24 23:56:24.700000+00:00,6.4,usp000hpw1,2010-11-20 06:12:03.710000+00:00,5.3,-17.189,168.496,Vanuatu,89.3,0,20.0,aftershock sequence
2579,1216,5,2010-10-26 07:31:22.780000+00:00,2010-11-01 05:41:05.750000+00:00,5.9,usp000hnum,2010-10-31 16:38:49.490000+00:00,5.8,-6.385,150.161,Papua New Guinea,93.7,0,20.0,aftershock sequence
2580,2521,5,2019-11-22 18:10:41.641000+00:00,2019-11-24 06:53:24.834000+00:00,1.5,us70006ceb,2019-11-24 06:53:24.834000+00:00,4.8,-23.3301,-114.8885,Easter Island,50.8,0,80.0,swarm
2581,1284,5,2011-06-07 02:54:23.240000+00:00,2011-06-08 16:34:27.680000+00:00,1.6,usp000j2vt,2011-06-08 16:32:18.480000+00:00,5.3,1.171,96.78,Indonesia,13.9,0,60.0,swarm
2582,1283,5,2011-06-02 12:21:34+00:00,2011-06-09 19:36:02+00:00,7.3,usp000j2rh,2011-06-05 10:25:15+00:00,5.3,-35.0,-72.187,Chile,107.9,0,20.0,aftershock sequence
2583,1280,5,2011-05-20 20:13:41.970000+00:00,2011-05-31 20:13:40.820000+00:00,11.0,usp000j29d,2011-05-27 08:13:06.150000+00:00,4.7,0.3,97.678,Indonesia,92.4,0,60.0,swarm
2584,2520,5,2019-11-16 01:36:36.329000+00:00,2019-11-20 22:31:35.177000+00:00,4.9,us700069f4,2019-11-18 13:22:10.121000+00:00,5.9,7.6222,124.9103,Philippines,110.8,0,40.0,swarm
2585,2517,5,2019-11-08 09:41:14.601000+00:00,2019-11-17 19:54:51.364000+00:00,9.4,us6000692t,2019-11-08 09:41:14.601000+00:00,5.8,-15.7806,-172.8512,Tonga,120.1,0,0.0,aftershock sequence
2586,2548,5,2019-12-30 17:12:33.526000+00:00,2019-12-30 19:20:16.923000+00:00,0.1,us70006sj8,2019-12-30 17:18:57.445000+00:00,5.6,35.5909,74.628,Pakistan,16.3,0,20.0,aftershock sequence
2587,2542,5,2019-12-26 15:14:30.969000+00:00,2020-01-02 03:34:36.206000+00:00,6.5,us70006r89,2019-12-26 15:15:13.116000+00:00,5.2,-55.7273,-27.1686,South Sandwich Islands,24.1,0,20.0,aftershock sequence
2588,2581,5,2020-03-29 03:38:59.187000+00:00,2020-04-05 07:24:08.545000+00:00,7.2,us70008ing,2020-03-30 15:52:49.118000+00:00,5.3,23.9879,123.4477,Japan,82.0,0,40.0,swarm
2589,2579,5,2020-03-26 06:49:18.057000+00:00,2020-03-27 06:27:19.556000+00:00,1.0,us70008gtk,2020-03-26 21:36:42.248000+00:00,5.7,-2.9507,139.1131,Indonesia,36.4,0,40.0,swarm
2590,2577,5,2020-03-25 05:53:20.205000+00:00,2020-03-29 11:51:25.385000+00:00,4.2,us70008fmr,2020-03-25 06:52:38.920000+00:00,5.1,-35.7473,-73.4677,Chile,73.2,0,20.0,aftershock sequence
2591,2608,5,2020-06-12 19:09:20.689000+00:00,2020-06-20 04:44:31.318000+00:00,7.4,us6000af9w,2020-06-20 01:57:55.439000+00:00,5.4,-16.2027,-172.6698,Tonga,122.9,0,60.0,swarm
2592,2604,5,2020-06-09 16:08:50.970000+00:00,2020-06-14 18:06:01.738000+00:00,5.1,us6000a8nh,2020-06-09 17:18:14.071000+00:00,5.7,27.7199,53.4201,Iran,13.7,0,20.0,aftershock sequence
2593,1207,5,2010-09-16 01:54:40.290000+00:00,2010-09-26 10:32:12.640000+00:00,10.4,usp000hkt4,2010-09-16 01:54:40.290000+00:00,5.8,-16.031,-173.96,Tonga,114.5,0,0.0,aftershock sequence
2594,1206,5,2010-09-08 05:56:44.480000+00:00,2010-09-18 06:16:01.630000+00:00,10.0,usp000hkk1,2010-09-11 11:32:39.790000+00:00,5.3,-19.962,66.822,Mauritius - Reunion,68.2,0,40.0,swarm
2595,1201,5,2010-08-30 04:44:19.930000+00:00,2010-09-01 19:35:43.640000+00:00,2.6,usp000hjxv,2010-08-30 04:44:19.930000+00:00,5.3,-14.973,-174.163,Tonga,153.6,0,0.0,aftershock sequence
2596,1193,5,2010-07-23 02:49:33.320000+00:00,2010-07-29 13:59:16.250000+00:00,6.5,usp000hgrb,2010-07-25 03:39:17.410000+00:00,5.9,-15.069,-173.548,Tonga,125.6,0,40.0,swarm
2597,2560,5,2020-01-27 05:02:01.704000+00:00,2020-01-30 17:58:07.984000+00:00,3.5,us60007gyx,2020-01-27 05:02:01.704000+00:00,6.3,-10.0929,161.0606,Solomon Islands,43.1,0,0.0,aftershock sequence
2598,2557,5,2020-01-19 04:02:22.061000+00:00,2020-02-01 02:35:57.424000+00:00,12.9,us60007lwh,2020-02-01 02:35:57.424000+00:00,5.2,-24.4465,-66.9561,Argentina,113.6,0,80.0,swarm
2599,2592,5,2020-04-29 05:37:16.535000+00:00,2020-05-01 12:42:54.268000+00:00,2.3,us60009ehh,2020-04-29 05:37:16.535000+00:00,5.4,-24.2701,-67.0461,Argentina,118.7,0,0.0,aftershock sequence
2600,1210,5,2010-09-24 21:40:56.940000+00:00,2010-10-06 19:43:38.460000+00:00,11.9,usp000hmpq,2010-10-06 19:43:38.460000+00:00,5.7,-17.818,-173.989,Tonga,164.3,0,80.0,swarm
2601,1209,5,2010-09-26 22:24:49.570000+00:00,2010-09-27 00:35:01.890000+00:00,0.1,usp000hm7x,2010-09-27 00:08:45.960000+00:00,5.5,57.688,-32.762,Reykjanes Ridge,8.2,0,20.0,aftershock sequence
2602,1240,5,2011-01-28 11:17:23.150000+00:00,2011-02-08 06:43:31.830000+00:00,10.8,usp000hu1f,2011-02-03 20:25:15.890000+00:00,5.9,-15.511,-173.068,Tonga,96.5,0,20.0,aftershock sequence
2603,1230,5,2010-12-23 12:24:21.330000+00:00,2010-12-30 06:56:33.060000+00:00,6.8,usp000hrpy,2010-12-23 14:00:32.330000+00:00,6.4,53.127,171.161,Alaska,37.3,0,20.0,aftershock sequence
2604,2503,5,2019-09-29 12:32:54.458000+00:00,2019-10-07 04:50:47.050000+00:00,7.7,us70005pvy,2019-10-02 17:26:51.193000+00:00,4.8,-23.4117,-67.5576,Chile,112.9,0,40.0,swarm
2605,2502,5,2019-09-29 13:44:52.739000+00:00,2019-10-02 19:44:29.783000+00:00,3.2,us70005nhk,2019-09-29 13:44:52.739000+00:00,5.3,3.9369,64.2142,Carlsberg Ridge,50.2,0,0.0,aftershock sequence
2606,1164,5,2010-04-07 05:19:40.820000+00:00,2010-04-18 19:52:04.760000+00:00,11.6,usp000hb36,2010-04-10 02:53:24.100000+00:00,5.2,-7.146,129.583,Indonesia,137.0,0,20.0,aftershock sequence
2607,2600,5,2020-05-24 09:36:14.771000+00:00,2020-06-01 11:18:22.814000+00:00,8.1,us70009pe7,2020-05-24 09:36:14.771000+00:00,5.2,31.3991,140.0975,Japan,85.7,0,0.0,aftershock sequence
2608,2599,5,2020-05-18 04:29:15.060000+00:00,2020-05-29 20:24:41.185000+00:00,11.7,us70009jdx,2020-05-18 04:29:15.060000+00:00,4.7,-23.9785,-67.0515,Argentina,37.4,0,0.0,aftershock sequence
2609,1135,5,2009-12-19 20:04:31.990000+00:00,2009-12-30 10:59:10.140000+00:00,10.6,usp000h5dk,2009-12-27 13:19:07.170000+00:00,5.7,-3.102,139.653,Indonesia,89.1,0,40.0,swarm
2610,1133,5,2009-12-23 01:11:58.200000+00:00,2009-12-25 01:45:57.520000+00:00,2.0,usp000h599,2009-12-23 01:11:58.200000+00:00,6.0,-1.434,99.393,Indonesia,27.3,0,0.0,aftershock sequence
2611,1132,5,2009-12-15 15:10:47.370000+00:00,2009-12-25 03:44:34.320000+00:00,9.5,usp000h52h,2009-12-15 15:10:47.370000+00:00,5.0,-29.536,-177.738,New Zealand,66.9,0,0.0,aftershock sequence
2612,2588,5,2020-04-15 07:19:04.792000+00:00,2020-04-22 17:21:11.835000+00:00,7.4,us70008xxx,2020-04-16 21:22:29.788000+00:00,5.3,26.0062,128.5665,Japan,47.0,0,40.0,swarm
2613,2587,5,2020-04-16 19:55:59.769000+00:00,2020-04-22 04:37:35.219000+00:00,5.4,us70008yfh,2020-04-17 12:05:07.451000+00:00,5.3,52.7452,-34.6262,Reykjanes Ridge,14.2,0,40.0,swarm
2614,1187,5,2010-07-09 14:45:14.840000+00:00,2010-07-17 01:03:49.720000+00:00,7.4,usp000hf2k,2010-07-09 16:56:30.120000+00:00,5.0,-6.005,147.076,Papua New Guinea,154.5,0,20.0,aftershock sequence
2615,1186,5,2010-06-30 15:17:11.400000+00:00,2010-07-09 20:40:00.120000+00:00,9.2,usp000her2,2010-06-30 15:17:11.400000+00:00,5.3,-55.395,-27.94,South Sandwich Islands,119.9,0,0.0,aftershock sequence
2616,1184,5,2010-07-06 08:12:01.800000+00:00,2010-07-06 12:21:43.550000+00:00,0.2,usp000heyj,2010-07-06 08:12:01.800000+00:00,5.0,-50.453,114.266,Indian-Antarctic Ridge,55.3,0,0.0,aftershock sequence
2617,1181,5,2010-06-26 07:30:26.570000+00:00,2010-07-02 09:31:19.870000+00:00,6.1,usp000hen4,2010-06-28 10:44:15.400000+00:00,5.0,-18.25,168.215,Vanuatu,35.7,0,40.0,swarm
2618,2583,5,2020-03-29 04:06:07.554000+00:00,2020-04-10 16:38:06.408000+00:00,12.5,us70008tc7,2020-04-10 16:38:06.408000+00:00,5.1,-58.0955,-25.7252,South Sandwich Islands,97.6,0,80.0,swarm
2619,2582,5,2020-04-03 12:50:23.332000+00:00,2020-04-06 05:31:03.283000+00:00,2.7,us70008peg,2020-04-05 18:37:10.876000+00:00,6.0,1.395,126.4381,Indonesia,41.0,0,20.0,aftershock sequence
2620,1119,5,2009-11-15 17:19:45.380000+00:00,2009-11-25 10:05:52.740000+00:00,9.7,usp000h4dk,2009-11-25 10:05:52.740000+00:00,5.2,-16.094,-173.076,Tonga,149.7,0,80.0,swarm
2621,1118,5,2009-11-15 12:59:58.310000+00:00,2009-11-15 14:06:24+00:00,0.0,usp000h42n,2009-11-15 13:10:58.480000+00:00,5.4,53.85,-35.182,Reykjanes Ridge,44.2,0,20.0,aftershock sequence
2622,2602,5,2020-05-29 15:49:07.650000+00:00,2020-06-07 15:58:28.637000+00:00,9.0,us6000a5ld,2020-06-04 01:16:47.465000+00:00,4.8,-16.0873,-173.677,Tonga,93.7,0,40.0,swarm
2623,1169,5,2010-04-20 16:20:04.420000+00:00,2010-05-02 06:28:46.230000+00:00,11.6,usp000hc6z,2010-05-02 06:28:46.230000+00:00,4.7,-17.896,-178.656,Fiji,98.3,0,80.0,swarm
2624,1168,5,2010-04-25 23:23:25.560000+00:00,2010-05-01 13:35:44.630000+00:00,5.6,usp000hc0w,2010-04-28 14:05:07.310000+00:00,5.0,-7.332,128.632,Timor Leste,114.3,0,20.0,aftershock sequence
2625,1167,5,2010-04-18 05:33:48.900000+00:00,2010-04-28 20:11:27.290000+00:00,10.6,usp000hbre,2010-04-21 17:20:29.110000+00:00,6.1,-15.271,-173.219,Tonga,100.3,0,20.0,aftershock sequence
2626,1166,5,2010-04-13 20:27:00.640000+00:00,2010-04-26 17:04:52.660000+00:00,12.9,usp000hbwg,2010-04-25 21:09:44.500000+00:00,5.6,-55.606,-27.73,South Sandwich Islands,84.7,0,60.0,swarm
2627,2516,5,2019-11-06 14:04:05.451000+00:00,2019-11-12 21:35:06.516000+00:00,6.3,us60006av9,2019-11-12 21:35:06.516000+00:00,5.1,12.9265,-88.4934,El Salvador,117.7,0,80.0,swarm
2628,2514,5,2019-11-04 22:43:32.280000+00:00,2019-11-11 23:03:28.119000+00:00,7.0,us7000635e,2019-11-04 22:43:32.280000+00:00,6.6,-18.5747,-175.272,Tonga,45.3,1,0.0,aftershock sequence
2629,2513,5,2019-10-29 04:15:49.528000+00:00,2019-11-07 22:41:28.064000+00:00,9.8,us600068vx,2019-11-07 22:41:28.064000+00:00,5.1,5.6575,126.3289,Philippines,83.3,0,80.0,swarm
2630,2512,5,2019-10-31 02:06:33.581000+00:00,2019-11-03 22:56:40.131000+00:00,3.9,us60006981,2019-10-31 02:06:33.581000+00:00,4.6,35.6826,140.158,Japan,103.3,0,0.0,aftershock sequence
2631,2511,5,2019-10-27 02:05:37.966000+00:00,2019-11-02 02:06:05.622000+00:00,6.0,us700061vl,2019-11-01 02:33:58.542000+00:00,5.6,3.2144,126.9855,Indonesia,33.5,0,20.0,aftershock sequence
2632,1254,5,2011-03-11 17:45:18.530000+00:00,2011-03-16 07:38:14.620000+00:00,4.6,usp000hw2a,2011-03-11 20:12:22.270000+00:00,4.8,28.47,-43.572,Mid-Atlantic Ridge,16.1,0,40.0,swarm
2633,1302,5,2011-07-25 00:50:47.590000+00:00,2011-07-26 17:40:50.020000+00:00,1.7,usp000j5eq,2011-07-25 00:50:47.590000+00:00,6.3,-3.182,150.611,Papua New Guinea,59.4,0,0.0,aftershock sequence
2634,1298,5,2011-07-12 11:17:11.020000+00:00,2011-07-20 06:12:18.180000+00:00,7.8,usp000j4rk,2011-07-12 11:17:11.020000+00:00,5.0,23.43,121.519,Taiwan,106.3,0,0.0,aftershock sequence
2635,1296,5,2011-07-04 11:29:37.340000+00:00,2011-07-14 23:10:26.670000+00:00,10.5,usp000j4ex,2011-07-09 13:57:20.490000+00:00,4.9,-7.313,128.871,Timor Leste,100.0,0,40.0,swarm
2636,1313,5,2011-09-03 17:09:19.820000+00:00,2011-09-06 13:47:16.860000+00:00,2.9,usp000j7pv,2011-09-06 10:51:37.260000+00:00,5.4,-34.212,179.545,Kermadec Islands,82.4,0,40.0,swarm
2637,1311,5,2011-08-30 22:34:05.660000+00:00,2011-09-01 03:44:55.420000+00:00,1.2,usp000j7a3,2011-08-31 05:02:32.480000+00:00,4.9,49.258,156.099,Russia,94.7,0,20.0,aftershock sequence
2638,2619,5,2020-07-11 00:43:48.840000+00:00,2020-07-15 15:11:43.239000+00:00,4.6,us7000at7l,2020-07-15 15:00:44.241000+00:00,5.0,-15.8917,67.361,Mid-Indian Ridge,118.1,0,60.0,swarm
2639,1144,5,2010-01-14 21:19:27.810000+00:00,2010-01-26 22:12:33.570000+00:00,12.0,usp000h6nf,2010-01-26 22:12:33.570000+00:00,4.8,-17.762,-178.727,Fiji,62.8,0,80.0,swarm
2640,1142,5,2010-01-14 04:25:10.100000+00:00,2010-01-22 10:59:16.830000+00:00,8.3,usp000h6a0,2010-01-18 15:56:09+00:00,5.5,38.404,21.961,Greece,96.7,0,20.0,aftershock sequence
2641,1141,5,2010-01-09 12:27:12.190000+00:00,2010-01-17 22:38:19.880000+00:00,8.4,usp000h655,2010-01-15 10:14:02.980000+00:00,5.9,-31.728,-177.612,Kermadec Islands,49.8,0,20.0,aftershock sequence
2642,2660,5,2020-11-06 08:56:38.063000+00:00,2020-11-06 17:16:54.730000+00:00,0.3,us7000cb99,2020-11-06 08:56:38.063000+00:00,5.5,40.9903,143.255,Japan,16.2,0,0.0,aftershock sequence
2643,2655,5,2020-10-12 07:02:18.817000+00:00,2020-10-17 14:19:37.417000+00:00,5.3,us6000c8g3,2020-10-15 07:00:18.798000+00:00,5.1,-31.2695,-177.7261,Kermadec Islands,102.8,0,20.0,aftershock sequence
2644,1131,5,2009-12-16 12:36:38.540000+00:00,2009-12-23 04:55:25.980000+00:00,6.7,usp000h53c,2009-12-16 12:36:38.540000+00:00,5.5,-31.59,-177.84,Kermadec Islands,49.4,0,0.0,aftershock sequence
2645,1159,5,2010-03-06 17:23:12.730000+00:00,2010-03-06 19:10:10.370000+00:00,0.1,usp000h8uh,2010-03-06 17:23:12.730000+00:00,5.2,14.664,144.221,Guam,8.3,0,0.0,aftershock sequence
2646,1158,5,2010-03-04 00:18:51.290000+00:00,2010-03-09 05:31:49.310000+00:00,5.2,usp000h8nd,2010-03-04 00:18:51.290000+00:00,6.3,22.918,120.795,Taiwan,35.6,0,0.0,aftershock sequence
2647,1153,5,2010-02-06 02:41:00.410000+00:00,2010-02-19 11:13:19.810000+00:00,13.4,usp000h785,2010-02-13 02:34:28.860000+00:00,6.1,-21.902,-174.767,Tonga,76.9,0,20.0,aftershock sequence
2648,1150,5,2010-02-08 13:45:02.980000+00:00,2010-02-13 14:37:20.150000+00:00,5.0,usp000h731,2010-02-08 13:45:02.980000+00:00,5.4,-24.177,-175.843,Tonga,51.9,0,0.0,aftershock sequence
2649,2614,5,2020-06-27 21:17:51.263000+00:00,2020-06-30 12:56:53.838000+00:00,2.7,us7000ae89,2020-06-29 09:52:49.620000+00:00,5.3,33.8765,141.7348,Japan,12.5,0,40.0,swarm
2650,2613,5,2020-06-25 20:29:39.466000+00:00,2020-06-26 01:30:58.799000+00:00,0.2,us7000abmk,2020-06-25 21:05:18.140000+00:00,6.3,35.5948,82.4158,China,8.7,0,20.0,aftershock sequence
2651,2610,5,2020-06-22 13:23:45.763000+00:00,2020-06-25 12:16:07.104000+00:00,3.0,us6000aghn,2020-06-22 13:23:45.763000+00:00,5.0,-23.0222,-112.394,Easter Island,139.8,0,0.0,aftershock sequence
2652,2668,5,2020-12-03 01:52:50.273000+00:00,2020-12-14 15:20:49.542000+00:00,11.6,us7000cnnz,2020-12-06 16:47:42.643000+00:00,6.1,-20.3947,-69.0609,Chile,161.2,0,20.0,aftershock sequence
2653,2667,5,2020-12-02 23:55:34.325000+00:00,2020-12-12 21:00:06.754000+00:00,9.9,us7000cmbu,2020-12-03 00:18:48.095000+00:00,4.9,12.5164,144.4912,Guam,53.0,0,40.0,swarm
2654,1114,5,2009-10-30 20:00:38.270000+00:00,2009-11-05 16:27:25.510000+00:00,5.9,usp000h3mb,2009-10-31 20:34:44.620000+00:00,4.9,-30.329,-177.888,New Zealand,107.6,0,20.0,aftershock sequence
2655,2632,5,2020-08-12 03:25:11.427000+00:00,2020-08-23 10:06:39.545000+00:00,11.3,us6000bd3b,2020-08-12 03:25:11.427000+00:00,4.9,12.6804,-88.2397,El Salvador,71.1,0,0.0,aftershock sequence
2656,2624,5,2020-07-25 22:35:49.025000+00:00,2020-08-07 21:47:55.277000+00:00,13.0,us6000b45f,2020-07-25 22:35:49.025000+00:00,5.4,-20.4644,-178.4219,Fiji,76.8,0,0.0,aftershock sequence
2657,2500,5,2019-09-20 01:59:17.592000+00:00,2019-09-27 14:02:05.001000+00:00,7.5,us70005mea,2019-09-27 12:05:02.549000+00:00,6.1,-30.1733,-177.8625,New Zealand,128.5,0,60.0,swarm
2658,2499,5,2019-09-21 05:57:07.672000+00:00,2019-09-30 06:10:16.546000+00:00,9.0,us60005m8c,2019-09-23 14:34:43.808000+00:00,4.8,8.9314,126.6329,Philippines,83.6,0,40.0,swarm
2659,2497,5,2019-09-16 06:33:15.871000+00:00,2019-09-25 13:04:42.226000+00:00,9.3,us70005l3i,2019-09-25 13:04:42.226000+00:00,4.9,-17.6881,-178.7316,Fiji,71.8,0,80.0,swarm
2660,2495,5,2019-09-14 16:21:27.604000+00:00,2019-09-20 23:16:06.286000+00:00,6.3,us70005ge3,2019-09-14 16:21:27.604000+00:00,5.8,-0.9809,128.5368,Indonesia,74.0,0,0.0,aftershock sequence
2661,2492,5,2019-08-25 14:54:51.915000+00:00,2019-08-25 19:05:35.557000+00:00,0.2,us70005816,2019-08-25 18:46:50.339000+00:00,5.0,8.4925,-39.3527,Mid-Atlantic Ridge,40.1,0,40.0,swarm
2662,2525,5,2019-11-28 12:30:48.506000+00:00,2019-12-05 13:35:22.403000+00:00,7.0,us60006lu8,2019-12-04 01:38:55.815000+00:00,5.0,36.8425,140.4263,Japan,162.9,0,40.0,swarm
2663,2524,5,2019-11-24 15:47:15.773000+00:00,2019-12-03 04:41:44.601000+00:00,8.5,us70006cqy,2019-11-25 16:00:20.908000+00:00,5.4,-6.283,154.8015,Papua New Guinea,105.0,0,20.0,aftershock sequence
2664,1317,5,2011-09-10 04:31:22.220000+00:00,2011-09-18 01:33:59.870000+00:00,7.9,usp000j7vc,2011-09-10 04:31:22.220000+00:00,4.8,-30.009,-178.579,New Zealand,151.6,0,0.0,aftershock sequence
2665,1316,5,2011-09-07 23:33:48.250000+00:00,2011-09-14 16:37:05.400000+00:00,6.7,usp000j7wm,2011-09-10 23:56:57.360000+00:00,5.2,-29.441,-176.742,Kermadec Islands,64.6,0,20.0,aftershock sequence
2666,1315,5,2011-09-07 11:21:50+00:00,2011-09-14 07:03:51+00:00,6.8,usp000j816,2011-09-14 07:03:51+00:00,5.8,-32.696,-71.797,Chile,170.1,0,80.0,swarm
2667,1314,5,2011-09-05 05:05:37.220000+00:00,2011-09-05 08:22:46.800000+00:00,0.1,usp000j7mx,2011-09-05 07:15:51.320000+00:00,5.1,58.929,-30.544,Reykjanes Ridge,28.3,0,40.0,swarm
2668,2642,5,2020-08-29 07:46:07.788000+00:00,2020-09-02 15:00:10.005000+00:00,4.3,us7000beqi,2020-08-29 07:46:07.788000+00:00,5.2,-14.635,-177.7578,Wallis and Futuna,106.5,0,0.0,aftershock sequence
2669,2641,5,2020-08-28 10:17:44.123000+00:00,2020-09-07 12:53:55.461000+00:00,10.1,us7000bgzq,2020-09-03 02:34:02.313000+00:00,5.0,-14.5868,167.9641,Vanuatu,72.5,0,60.0,swarm
2670,1307,5,2011-08-09 11:11:22.160000+00:00,2011-08-20 17:28:52.930000+00:00,11.3,usp000j679,2011-08-09 11:11:22.160000+00:00,5.4,-20.58,-178.464,Fiji,91.2,0,0.0,aftershock sequence
2671,2488,5,2019-08-02 13:53:09.989000+00:00,2019-08-07 21:28:03.651000+00:00,5.3,us6000522g,2019-08-07 21:28:03.651000+00:00,5.8,24.4782,121.9301,Taiwan,101.8,0,80.0,swarm
2672,2485,5,2019-07-20 09:29:04.660000+00:00,2019-07-21 20:59:02.212000+00:00,1.5,us70004pra,2019-07-20 18:23:54.291000+00:00,5.1,-29.3259,-111.369,Easter Island,110.8,0,40.0,swarm
2673,2508,5,2019-10-18 10:54:12.546000+00:00,2019-10-22 11:03:02.320000+00:00,4.0,us70005x1t,2019-10-22 04:18:41.956000+00:00,5.9,-15.1698,-173.0068,Tonga,74.5,0,40.0,swarm
2674,2478,5,2019-07-10 16:28:41.072000+00:00,2019-07-17 04:44:47.059000+00:00,6.5,us70004gyp,2019-07-10 16:28:41.072000+00:00,4.8,-56.1512,-27.5334,South Sandwich Islands,87.0,0,0.0,aftershock sequence
2675,2472,5,2019-06-28 07:04:22.182000+00:00,2019-06-29 08:08:26.099000+00:00,1.0,us7000477y,2019-06-29 08:08:26.099000+00:00,5.0,8.3315,126.8522,Philippines,98.1,0,80.0,swarm
2676,2468,5,2019-06-22 12:43:42.498000+00:00,2019-06-22 14:26:42.503000+00:00,0.1,us600044lu,2019-06-22 12:52:01.945000+00:00,5.3,43.7669,-128.4022,Oregon,11.2,0,20.0,aftershock sequence
2677,2464,5,2019-06-14 16:26:26.921000+00:00,2019-06-14 18:36:25.561000+00:00,0.1,us600040uu,2019-06-14 16:26:26.921000+00:00,5.1,14.3561,-93.1616,Mexico,26.8,0,0.0,aftershock sequence
2678,2635,5,2020-08-23 08:12:47.379000+00:00,2020-08-28 08:28:08.137000+00:00,5.0,us6000bjc8,2020-08-23 08:12:47.379000+00:00,4.8,-5.7845,153.8102,Papua New Guinea,43.9,0,0.0,aftershock sequence
2679,2634,5,2020-08-21 00:30:39.318000+00:00,2020-08-27 07:01:08.675000+00:00,6.3,us6000bjn0,2020-08-24 08:19:27.494000+00:00,4.9,17.0613,147.3636,Northern Mariana Islands,34.6,0,20.0,aftershock sequence
2680,1128,5,2009-12-02 21:01:41.410000+00:00,2009-12-11 00:10:33.790000+00:00,8.1,usp000h4p9,2009-12-02 21:01:41.410000+00:00,4.9,-17.863,-178.598,Fiji,126.3,0,0.0,aftershock sequence
2681,1126,5,2009-11-29 12:29:37.840000+00:00,2009-12-08 15:43:35.100000+00:00,9.1,usp000h4jx,2009-11-29 12:29:37.840000+00:00,5.5,0.415,126.083,Indonesia,92.2,0,0.0,aftershock sequence
2682,1123,5,2009-11-20 05:55:40.760000+00:00,2009-12-01 22:05:51.520000+00:00,11.7,usp000h4f2,2009-11-26 15:42:17.730000+00:00,5.0,-30.522,-177.839,New Zealand,96.7,0,40.0,swarm
2683,2669,5,2020-12-07 15:52:14.966000+00:00,2020-12-13 22:05:58.821000+00:00,6.3,us7000cqv0,2020-12-13 22:05:58.821000+00:00,5.2,-4.1941,153.1187,Papua New Guinea,147.5,0,80.0,swarm
2684,2678,5,2020-12-24 10:32:07.304000+00:00,2020-12-28 13:43:32.767000+00:00,4.1,us6000d2ra,2020-12-24 23:43:41.964000+00:00,6.3,13.82,120.6539,Philippines,36.5,0,20.0,aftershock sequence
2685,2671,5,2020-12-13 14:29:40.650000+00:00,2020-12-21 03:42:57.726000+00:00,7.6,us7000cqt1,2020-12-13 14:29:40.650000+00:00,5.1,-16.641,-173.211,Tonga,145.3,0,0.0,aftershock sequence
2686,2670,5,2020-12-07 11:10:42.856000+00:00,2020-12-16 19:50:25.597000+00:00,9.4,us7000cpqh,2020-12-10 11:41:21.595000+00:00,5.2,-22.1503,-179.5052,Fiji Islands,109.1,0,20.0,aftershock sequence
2687,1050,5,2009-03-11 00:23:59.640000+00:00,2009-03-16 00:51:42.300000+00:00,5.0,usp000gv0y,2009-03-15 23:20:23.740000+00:00,4.8,24.795,122.272,Taiwan,95.7,0,60.0,swarm
2688,2665,5,2020-11-30 22:55:03.914000+00:00,2020-12-05 10:14:43.781000+00:00,4.5,us7000clbs,2020-11-30 22:55:03.914000+00:00,6.3,-24.3221,-67.0048,Argentina,69.1,0,0.0,aftershock sequence
2689,1112,5,2009-10-16 11:39:03.220000+00:00,2009-10-25 19:58:21.660000+00:00,9.3,usp000h3bp,2009-10-24 07:50:43.360000+00:00,4.8,-33.569,-178.517,Kermadec Islands,82.4,0,60.0,swarm
2690,1110,5,2009-10-10 06:54:22.320000+00:00,2009-10-16 17:51:37.490000+00:00,6.5,usp000h2q2,2009-10-10 15:26:19.760000+00:00,5.6,-24.941,-70.684,Chile,35.6,0,20.0,aftershock sequence
2691,1106,5,2009-10-01 10:01:24.670000+00:00,2009-10-03 05:31:57.720000+00:00,1.8,ci14519780,2009-10-03 01:16:00.310000+00:00,5.19,36.391,-117.8608333,California,0.8,0,60.0,swarm
2692,2664,5,2020-11-20 16:41:38.308000+00:00,2020-11-28 06:27:59.354000+00:00,7.6,us6000crg7,2020-11-22 11:27:26.446000+00:00,5.3,-2.6552,127.4963,Indonesia,141.0,0,20.0,aftershock sequence
2693,2663,5,2020-11-17 16:07:54.401000+00:00,2020-11-26 23:41:03.126000+00:00,9.3,us6000cqwi,2020-11-20 17:06:59.545000+00:00,4.9,-16.8065,-173.6073,Tonga,61.5,0,20.0,aftershock sequence
2694,2661,5,2020-11-11 00:56:17.392000+00:00,2020-11-16 16:41:20.268000+00:00,5.7,us7000cfa7,2020-11-15 12:33:15.076000+00:00,5.3,-24.1244,-67.5284,Argentina,111.3,0,40.0,swarm
2695,2683,5,2020-12-30 06:18:09.484000+00:00,2021-01-09 08:23:01.606000+00:00,10.1,us6000d6zw,2021-01-09 08:23:01.606000+00:00,5.2,-17.9343,-178.5181,Fiji,67.3,0,80.0,swarm
2696,2682,5,2021-01-02 09:23:36.888000+00:00,2021-01-02 12:09:06.835000+00:00,0.1,us6000d4z6,2021-01-02 09:23:36.888000+00:00,5.0,-52.9973,20.9425,Africa,56.0,0,0.0,aftershock sequence
2697,2654,5,2020-10-03 20:04:31.270000+00:00,2020-10-07 22:08:35.370000+00:00,4.1,us6000c617,2020-10-06 10:11:46.626000+00:00,5.9,-17.9962,-178.4717,Fiji,103.2,0,40.0,swarm
2698,2653,5,2020-10-04 03:35:23.166000+00:00,2020-10-09 19:34:49.700000+00:00,5.7,us6000c5cl,2020-10-04 03:35:23.166000+00:00,5.1,-12.4717,166.5355,Vanuatu,106.2,0,0.0,aftershock sequence
2699,2648,5,2020-09-17 01:27:21.815000+00:00,2020-09-28 19:07:21.467000+00:00,11.7,us7000bpbx,2020-09-17 10:32:25.906000+00:00,5.5,-6.7598,129.3659,Banda Sea,45.7,0,20.0,aftershock sequence
2700,1096,5,2009-08-18 00:59:45.870000+00:00,2009-08-24 13:27:33.650000+00:00,6.5,usp000h0q4,2009-08-21 11:15:39.030000+00:00,5.7,-22.539,171.239,Loyalty Islands,88.6,0,40.0,swarm
2701,1094,5,2009-08-18 00:27:07.170000+00:00,2009-08-23 14:02:40.690000+00:00,5.6,usp000h0j6,2009-08-18 00:27:07.170000+00:00,4.9,-5.205,152.876,Papua New Guinea,105.1,0,0.0,aftershock sequence
2702,1088,5,2009-08-10 14:23:18.800000+00:00,2009-08-12 18:56:33.940000+00:00,2.2,usp000h05r,2009-08-10 14:23:18.800000+00:00,5.3,-32.317,-179.096,Kermadec Islands,102.5,0,0.0,aftershock sequence
2703,2680,5,2020-12-27 21:39:14.770000+00:00,2020-12-29 12:58:12.300000+00:00,1.6,us6000d3i9,2020-12-27 21:39:14.770000+00:00,6.7,-39.3398,-74.9849,Chile,59.9,1,0.0,aftershock sequence
2704,2679,5,2020-12-27 13:15:50.497000+00:00,2020-12-28 06:25:06.418000+00:00,0.7,us6000d3kl,2020-12-28 04:32:20.070000+00:00,5.7,-47.5074,99.9538,southeast Indian Ridge,25.3,0,40.0,swarm
2705,2458,5,2019-05-26 20:57:34.519000+00:00,2019-06-03 19:37:01.036000+00:00,7.9,us60003sik,2019-05-26 20:57:34.519000+00:00,4.6,-23.9932,179.3652,Fiji Islands,123.8,0,0.0,aftershock sequence
2706,2457,5,2019-05-22 01:39:56.047000+00:00,2019-06-03 06:26:30.300000+00:00,12.2,us70003ump,2019-06-03 06:26:30.300000+00:00,5.3,-6.8616,129.4926,Banda Sea,61.0,0,80.0,swarm
2707,1332,5,2011-10-17 07:21:55.820000+00:00,2011-10-19 17:59:42.400000+00:00,2.4,usp000j9g7,2011-10-17 21:28:26.490000+00:00,5.1,-37.525,78.114,Mid-Indian Ridge,42.1,0,20.0,aftershock sequence
2708,1331,5,2011-10-07 23:50:08.630000+00:00,2011-10-15 22:24:49.330000+00:00,7.9,usp000j9d0,2011-10-15 22:24:49.330000+00:00,5.5,-25.788,-177.455,Fiji Islands,119.8,0,80.0,swarm
2709,1324,5,2011-10-01 01:18:49.880000+00:00,2011-10-03 04:35:03.360000+00:00,2.1,usp000j8t0,2011-10-01 04:22:19.210000+00:00,5.2,12.969,95.838,Myanmar,14.0,0,20.0,aftershock sequence
2710,2491,5,2019-08-24 15:27:06.787000+00:00,2019-08-27 13:00:41.752000+00:00,2.9,us700058jv,2019-08-26 21:40:49.683000+00:00,5.0,-19.8466,170.0409,Vanuatu,55.0,0,20.0,aftershock sequence
2711,2489,5,2019-08-09 09:26:02.025000+00:00,2019-08-09 11:22:51.233000+00:00,0.1,us600052rf,2019-08-09 11:22:51.233000+00:00,4.8,-34.8353,-112.7159,East Pacific Rise,127.6,0,80.0,swarm
2712,1349,5,2011-11-30 19:42:32.600000+00:00,2011-12-02 20:00:02.050000+00:00,2.0,usp000jbnk,2011-11-30 19:42:32.600000+00:00,5.6,7.805,93.843,Indonesia,40.8,0,0.0,aftershock sequence
2713,1340,5,2011-11-05 07:56:54.160000+00:00,2011-11-18 13:54:58.900000+00:00,13.2,usp000japt,2011-11-11 12:44:09.340000+00:00,5.1,39.667,143.371,Japan,19.1,0,20.0,aftershock sequence
2714,1339,5,2011-11-04 23:36:31.080000+00:00,2011-11-06 07:34:17.590000+00:00,1.3,usp000jae2,2011-11-06 07:34:17.590000+00:00,5.2,-23.23,-175.371,Tonga,77.0,0,80.0,swarm
2715,2454,5,2019-05-13 15:31:27.988000+00:00,2019-05-21 08:58:20.125000+00:00,7.7,us70003kgm,2019-05-13 16:57:16.605000+00:00,4.9,37.6753,21.267,Greece,25.2,0,20.0,aftershock sequence
2716,2439,5,2019-04-05 12:40:13.957000+00:00,2019-04-12 12:23:04.870000+00:00,7.0,us700034ya,2019-04-12 12:23:04.870000+00:00,6.0,-15.4067,-172.8171,Tonga,107.8,0,80.0,swarm
2717,2698,5,2021-02-10 10:15:34.561000+00:00,2021-02-17 09:48:02.213000+00:00,7.0,us6000dg70,2021-02-10 12:52:27.224000+00:00,6.3,-5.6856,101.6495,Indonesia,38.2,0,40.0,swarm
2718,1063,5,2009-04-15 18:26:34.230000+00:00,2009-04-23 07:54:21.680000+00:00,7.6,usp000gw6j,2009-04-16 00:43:20.700000+00:00,5.8,-6.484,154.151,Papua New Guinea,75.2,0,20.0,aftershock sequence
2719,1022,5,2008-12-22 18:06:32+00:00,2008-12-24 10:32:37.240000+00:00,1.7,usp000grbu,2008-12-24 09:11:34.290000+00:00,6.0,-17.29,-171.909,Tonga,93.4,0,40.0,swarm
2720,1048,5,2009-02-22 12:33:41.070000+00:00,2009-03-01 15:42:13.700000+00:00,7.1,usp000guha,2009-03-01 15:42:13.700000+00:00,5.5,-21.762,-176.58,Tonga,175.7,0,80.0,swarm
2721,1079,5,2009-06-24 18:06:15.560000+00:00,2009-07-03 22:58:57.560000+00:00,9.2,usp000gyjj,2009-06-24 18:06:15.560000+00:00,4.8,3.579,126.793,Indonesia,50.7,0,0.0,aftershock sequence
2722,1076,5,2009-06-21 12:27:06.190000+00:00,2009-06-22 19:17:38.190000+00:00,1.3,usp000gyen,2009-06-21 12:27:06.190000+00:00,5.4,76.284,7.158,Svalbard,11.9,0,0.0,aftershock sequence
2723,1075,5,2009-06-19 23:50:56.090000+00:00,2009-06-23 07:37:17.570000+00:00,3.3,usp000gyhg,2009-06-23 07:37:17.570000+00:00,5.6,38.85,142.389,Japan,100.7,0,80.0,swarm
2724,1074,5,2009-06-14 05:58:43.270000+00:00,2009-06-14 21:22:37.910000+00:00,0.6,usp000gy63,2009-06-14 05:58:43.270000+00:00,6.1,5.361,126.438,Philippines,10.3,0,0.0,aftershock sequence
2725,1073,5,2009-06-02 06:43:41.050000+00:00,2009-06-08 05:13:14.680000+00:00,5.9,usp000gxzj,2009-06-08 05:13:14.680000+00:00,5.4,15.792,-86.865,Honduras,93.8,0,80.0,swarm
2726,1067,5,2009-04-21 19:41:16.830000+00:00,2009-04-21 20:18:32.870000+00:00,0.0,usp000gwf9,2009-04-21 19:45:03.790000+00:00,5.3,14.434,56.283,Owen Fracture Zone,20.0,0,20.0,aftershock sequence
2727,1065,5,2009-04-14 23:54:49.460000+00:00,2009-04-23 16:09:56.660000+00:00,8.7,usp000gw5q,2009-04-15 07:23:37.100000+00:00,5.1,26.968,129.848,Japan,18.4,0,20.0,aftershock sequence
2728,2694,5,2021-01-22 16:03:58.957000+00:00,2021-02-01 08:34:45.955000+00:00,9.7,us7000d2p7,2021-01-23 13:12:10.280000+00:00,4.7,37.1622,141.5358,Japan,112.3,0,20.0,aftershock sequence
2729,2690,5,2021-01-20 22:27:43.468000+00:00,2021-01-21 00:27:45.235000+00:00,0.1,us7000d1ut,2021-01-20 22:59:11.650000+00:00,5.5,-15.0128,-75.523,Peru,9.0,0,40.0,swarm
2730,2688,5,2021-01-15 10:35:17.071000+00:00,2021-01-16 10:55:45.967000+00:00,1.0,us7000d0fd,2021-01-15 19:21:16.137000+00:00,4.8,1.1031,-79.6906,Ecuador,74.4,0,20.0,aftershock sequence
2731,2722,5,2021-03-26 15:46:07.621000+00:00,2021-04-01 00:43:11.357000+00:00,5.4,us6000dxcb,2021-03-29 07:43:38.701000+00:00,5.3,-7.021,156.1069,Papua New Guinea,115.7,0,40.0,swarm
2732,2715,5,2021-03-07 08:03:23.677000+00:00,2021-03-18 22:40:16.510000+00:00,11.6,us7000di85,2021-03-11 21:54:36.308000+00:00,5.2,-24.3321,-66.9585,Argentina,34.4,0,40.0,swarm
2733,2714,5,2021-03-07 01:22:13.867000+00:00,2021-03-17 18:57:29.824000+00:00,10.7,us7000dgpt,2021-03-07 01:22:13.867000+00:00,5.1,-5.6896,130.7664,Indonesia,168.1,0,0.0,aftershock sequence
2734,2713,5,2021-03-03 08:26:13.723000+00:00,2021-03-10 20:12:37.735000+00:00,7.5,us7000dhxm,2021-03-10 20:12:37.735000+00:00,5.9,-20.156,-177.6158,Tonga,155.9,0,80.0,swarm
2735,2708,5,2021-02-23 18:16:46.634000+00:00,2021-03-04 16:53:11.135000+00:00,8.9,us7000dfhs,2021-03-04 16:53:11.135000+00:00,6.1,-14.4334,167.3326,Vanuatu,67.6,0,80.0,swarm
2736,2704,5,2021-02-14 19:13:18.301000+00:00,2021-02-28 10:44:50.457000+00:00,13.6,us6000divk,2021-02-19 09:11:21.179000+00:00,5.6,50.9446,-179.2536,Alaska,55.4,0,20.0,aftershock sequence
2737,2699,5,2021-02-06 17:36:02.624000+00:00,2021-02-16 17:23:35.102000+00:00,10.0,us6000df68,2021-02-06 17:36:02.624000+00:00,5.4,24.696,122.6275,Japan,65.4,0,0.0,aftershock sequence
2738,2450,5,2019-05-09 22:43:23.033000+00:00,2019-05-10 11:40:32.697000+00:00,0.5,us70003j46,2019-05-09 23:48:42.779000+00:00,6.2,31.7772,131.8483,Japan,44.4,0,20.0,aftershock sequence
2739,2443,5,2019-04-16 13:26:58.719000+00:00,2019-04-17 05:03:43.144000+00:00,0.7,us7000376a,2019-04-16 16:01:16.256000+00:00,5.3,-32.3696,-179.5761,Kermadec Islands,91.4,0,20.0,aftershock sequence
2740,2442,5,2019-04-11 22:24:20.579000+00:00,2019-04-22 10:19:48.383000+00:00,10.5,us700034p6,2019-04-11 22:24:20.579000+00:00,4.8,-5.6354,152.391,Papua New Guinea,132.3,0,0.0,aftershock sequence
2741,1367,5,2012-01-12 02:20:23.870000+00:00,2012-01-12 08:41:51.690000+00:00,0.3,usp000jdck,2012-01-12 02:20:23.870000+00:00,5.0,-53.252,23.53,Africa,16.0,0,0.0,aftershock sequence
2742,1363,5,2011-12-29 16:08:44.390000+00:00,2012-01-09 06:32:56.340000+00:00,10.6,usp000jd6d,2012-01-07 18:38:08.090000+00:00,5.7,-28.613,-176.935,Kermadec Islands,130.6,0,40.0,swarm
2743,2484,5,2019-07-17 04:32:39.815000+00:00,2019-07-23 16:15:20.049000+00:00,6.5,us70004m1d,2019-07-17 04:35:14.648000+00:00,5.2,-12.3585,166.2766,Solomon Islands,40.2,0,20.0,aftershock sequence
2744,2482,5,2019-07-14 19:12:24.388000+00:00,2019-07-15 11:09:28.625000+00:00,0.7,us70004k5z,2019-07-14 19:12:24.388000+00:00,5.1,13.353,50.4469,Somalia,28.9,0,0.0,aftershock sequence
2745,1383,5,2012-02-03 05:21:16.180000+00:00,2012-02-12 23:03:50+00:00,9.7,usp000jem2,2012-02-06 20:59:13.520000+00:00,4.8,11.313,-85.444,Nicaragua,154.4,0,20.0,aftershock sequence
2746,1376,5,2012-01-20 13:30:50.590000+00:00,2012-01-27 01:08:31.130000+00:00,6.5,usp000jdrx,2012-01-20 13:30:50.590000+00:00,5.2,37.75,143.311,Japan,132.8,0,0.0,aftershock sequence
2747,1375,5,2012-01-22 00:55:36.920000+00:00,2012-01-30 13:20:35.830000+00:00,8.5,usp000je63,2012-01-30 13:20:35.830000+00:00,5.2,2.072,96.647,Indonesia,93.3,0,80.0,swarm
2748,2420,5,2019-02-22 09:25:59.030000+00:00,2019-03-01 22:43:26.923000+00:00,7.6,us2000jmvn,2019-02-25 15:28:42.090000+00:00,5.3,-29.7751,-71.813,Chile,136.3,0,20.0,aftershock sequence
2749,2729,5,2021-04-07 07:08:18.018000+00:00,2021-04-20 05:09:53.067000+00:00,12.9,us6000e1bu,2021-04-13 20:28:02.233000+00:00,5.3,36.5325,27.0593,Greece,27.0,0,40.0,swarm
2750,1030,5,2009-01-10 21:47:58.640000+00:00,2009-01-23 01:50:19.970000+00:00,12.2,usp000gszx,2009-01-23 01:50:19.970000+00:00,5.1,-15.201,167.506,Vanuatu,54.2,0,80.0,swarm
2751,972,5,2008-08-19 13:37:28.190000+00:00,2008-08-21 08:33:23.830000+00:00,1.8,usp000gf11,2008-08-19 16:30:13.210000+00:00,6.1,-15.087,-173.476,Tonga,69.7,0,40.0,swarm
2752,998,5,2008-10-28 15:15:04.680000+00:00,2008-11-02 02:36:01.900000+00:00,4.5,usp000gm89,2008-10-28 21:32:34.510000+00:00,5.0,44.938,150.747,Russia,12.5,0,20.0,aftershock sequence
2753,996,5,2008-10-16 02:08:45.990000+00:00,2008-10-27 19:28:39.910000+00:00,11.7,usp000gkcd,2008-10-16 09:46:16.830000+00:00,4.6,31.117,103.612,China,72.7,0,20.0,aftershock sequence
2754,1045,5,2009-02-21 15:21:38.260000+00:00,2009-02-21 16:53:54.350000+00:00,0.1,usp000gu8y,2009-02-21 16:53:54.350000+00:00,5.4,55.451,-35.066,Reykjanes Ridge,26.6,0,80.0,swarm
2755,1044,5,2009-02-21 13:35:37.250000+00:00,2009-02-28 20:35:16.580000+00:00,7.3,usp000gu8k,2009-02-21 13:35:37.250000+00:00,5.5,-0.397,132.67,Indonesia,70.6,0,0.0,aftershock sequence
2756,1038,5,2009-01-29 12:14:24.180000+00:00,2009-02-05 12:02:43.510000+00:00,7.0,usp000gtfq,2009-02-05 10:40:24.710000+00:00,5.0,-56.551,-25.513,South Sandwich Islands,142.7,0,60.0,swarm
2757,1036,5,2009-01-26 19:33:04.730000+00:00,2009-01-28 19:27:10.980000+00:00,2.0,usp000gt4s,2009-01-26 19:33:04.730000+00:00,5.7,-0.352,98.184,Indonesia,30.6,0,0.0,aftershock sequence
2758,1035,5,2009-01-18 14:11:48.860000+00:00,2009-01-25 09:15:41.210000+00:00,6.8,usp000gssv,2009-01-18 14:11:48.860000+00:00,6.4,-30.199,-177.951,New Zealand,118.8,0,0.0,aftershock sequence
2759,1034,5,2009-01-17 23:18:45.470000+00:00,2009-01-29 13:29:24.310000+00:00,11.6,usp000gswb,2009-01-20 09:26:12.170000+00:00,5.2,35.869,69.932,Afghanistan,118.2,0,40.0,swarm
2760,2727,5,2021-04-06 08:23:12.536000+00:00,2021-04-18 00:46:14.071000+00:00,11.7,us6000e39e,2021-04-14 06:35:59.802000+00:00,4.7,12.1073,143.2975,Guam,110.5,0,60.0,swarm
2761,1008,5,2008-11-10 01:22:02.570000+00:00,2008-11-12 12:09:31.180000+00:00,2.4,usp000gnbj,2008-11-10 01:22:02.570000+00:00,6.3,37.565,95.833,China,8.3,0,0.0,aftershock sequence
2762,2718,5,2021-03-14 12:05:13.433000+00:00,2021-03-14 14:18:00.635000+00:00,0.1,us7000dj9v,2021-03-14 12:05:13.433000+00:00,6.0,-59.8709,-29.4818,South Sandwich Islands,108.1,0,0.0,aftershock sequence
2763,2717,5,2021-03-09 08:09:11.664000+00:00,2021-03-19 18:06:41.019000+00:00,10.4,us7000din2,2021-03-12 14:42:59.550000+00:00,5.1,-5.7641,146.7094,Papua New Guinea,109.9,0,20.0,aftershock sequence
2764,1005,5,2008-11-01 16:26:32.370000+00:00,2008-11-10 02:35:19.440000+00:00,8.4,usp000gn6b,2008-11-07 16:54:14+00:00,4.9,36.555,70.935,Afghanistan,89.8,0,40.0,swarm
2765,1003,5,2008-11-01 01:13:09.640000+00:00,2008-11-01 04:08:59.280000+00:00,0.1,usp000gmjn,2008-11-01 01:13:09.640000+00:00,6.0,-3.399,148.712,Papua New Guinea,112.7,0,0.0,aftershock sequence
2766,2737,5,2021-05-01 11:50:25.886000+00:00,2021-05-13 19:02:22.599000+00:00,12.3,us7000dz8y,2021-05-01 11:50:25.886000+00:00,5.3,-16.1602,167.9257,Vanuatu,114.2,0,0.0,aftershock sequence
2767,2735,5,2021-04-21 21:49:47.770000+00:00,2021-05-03 19:29:38.176000+00:00,11.9,us6000e46r,2021-04-23 23:11:56.428000+00:00,5.1,-20.4345,-177.6995,Tonga,87.6,0,40.0,swarm
2768,2733,5,2021-04-20 08:30:13.320000+00:00,2021-04-25 13:05:44.791000+00:00,5.2,us6000e50r,2021-04-20 08:30:13.320000+00:00,4.7,9.5436,125.8521,Philippines,135.1,0,0.0,aftershock sequence
2769,2731,5,2021-04-18 06:41:49.595000+00:00,2021-04-18 22:17:46.081000+00:00,0.6,us6000e2k3,2021-04-18 06:41:49.595000+00:00,5.8,29.7531,50.6784,Iran,26.5,0,0.0,aftershock sequence
2770,2730,5,2021-04-11 17:54:37.289000+00:00,2021-04-20 20:01:27.349000+00:00,9.1,us6000e0vk,2021-04-11 18:57:59.184000+00:00,5.1,18.013,147.1488,Mariana Islands,55.2,0,40.0,swarm
2771,2434,5,2019-03-31 07:04:04.795000+00:00,2019-03-31 14:09:10.860000+00:00,0.3,us2000k7vu,2019-03-31 07:04:04.795000+00:00,6.2,-1.9446,-80.8101,Ecuador,21.9,0,0.0,aftershock sequence
2772,2430,5,2019-03-17 15:47:46.570000+00:00,2019-03-25 12:49:48.265000+00:00,7.9,us1000jhni,2019-03-17 21:57:11.631000+00:00,4.7,-23.7231,-179.621,Fiji Islands,98.2,0,20.0,aftershock sequence
2773,2429,5,2019-03-15 14:02:01.729000+00:00,2019-03-23 22:09:42.043000+00:00,8.3,us1000jj9r,2019-03-20 15:23:58.680000+00:00,6.3,-15.5965,167.6551,Vanuatu,71.1,0,60.0,swarm
2774,2427,5,2019-03-06 23:56:53.170000+00:00,2019-03-16 07:06:15.232000+00:00,9.3,us1000jblp,2019-03-06 23:56:53.170000+00:00,5.1,2.1246,126.6637,Indonesia,106.8,0,0.0,aftershock sequence
2775,1323,5,2011-09-29 05:16:30.170000+00:00,2011-10-06 23:47:04.910000+00:00,7.8,usp000j8sa,2011-09-30 13:06:04.600000+00:00,5.4,8.304,126.739,Philippines,76.8,0,20.0,aftershock sequence
2776,1351,5,2011-12-06 18:16:42.860000+00:00,2011-12-09 19:48:39.050000+00:00,3.1,usp000jbxe,2011-12-07 13:38:28.070000+00:00,5.8,-1.439,126.514,Indonesia,77.5,0,20.0,aftershock sequence
2777,1387,5,2012-02-16 15:54:28.300000+00:00,2012-02-23 13:25:30.190000+00:00,6.9,usp000jf2c,2012-02-18 04:50:22.430000+00:00,5.1,-5.285,151.415,Papua New Guinea,97.5,0,20.0,aftershock sequence
2778,1407,5,2012-04-12 06:48:37.820000+00:00,2012-04-12 10:26:55.430000+00:00,0.2,usp000jhr6,2012-04-12 07:15:48.500000+00:00,7.0,28.696,-113.104,Mexico,17.4,1,60.0,swarm
2779,1403,5,2012-03-21 02:41:00+00:00,2012-03-30 07:12:52+00:00,9.2,usp000jgsw,2012-03-25 22:37:06+00:00,7.1,-35.2,-72.217,Chile,80.3,1,20.0,aftershock sequence
2780,947,5,2008-06-21 05:57:16.200000+00:00,2008-06-22 07:22:46.400000+00:00,1.1,usp000ga7w,2008-06-21 11:36:23.900000+00:00,5.6,36.06,21.82,Greece,18.9,0,20.0,aftershock sequence
2781,992,5,2008-10-07 10:00:48.120000+00:00,2008-10-08 07:57:34.940000+00:00,0.9,usp000gjmm,2008-10-07 10:00:48.120000+00:00,5.7,79.817,-115.448,Arctic Ocean,35.2,0,0.0,aftershock sequence
2782,989,5,2008-09-30 12:02:34.470000+00:00,2008-10-03 20:57:47.140000+00:00,3.4,usp000gj8d,2008-10-03 18:41:08.480000+00:00,4.7,-27.002,-176.141,Kermadec Islands,59.2,0,20.0,aftershock sequence
2783,985,5,2008-09-26 23:10:04.710000+00:00,2008-10-03 07:15:09.670000+00:00,6.3,usp000ghwf,2008-09-28 18:03:49.050000+00:00,5.2,-6.096,130.287,Indonesia,68.6,0,40.0,swarm
2784,2758,5,2021-07-01 15:24:39.545000+00:00,2021-07-10 14:39:58.542000+00:00,9.0,us7000ei0r,2021-07-01 15:41:26.384000+00:00,4.9,-22.1349,170.1275,New Caledonia,89.7,0,20.0,aftershock sequence
2785,2757,5,2021-06-27 22:51:22.878000+00:00,2021-07-01 17:09:00.625000+00:00,3.8,us6000equ7,2021-06-29 14:24:37.380000+00:00,4.7,2.4662,128.8715,Indonesia,112.6,0,40.0,swarm
2786,2756,5,2021-06-27 07:14:10.316000+00:00,2021-07-05 19:57:23.025000+00:00,8.5,us6000eq6g,2021-06-27 07:14:10.316000+00:00,5.0,8.9437,126.2703,Philippines,112.5,0,0.0,aftershock sequence
2787,2754,5,2021-06-10 16:09:31.837000+00:00,2021-06-21 17:32:18.904000+00:00,11.1,us7000edug,2021-06-17 13:41:03.370000+00:00,5.5,-16.986,-172.7772,Tonga,98.3,0,40.0,swarm
2788,2753,5,2021-06-14 14:38:41.447000+00:00,2021-06-18 21:15:28.167000+00:00,4.3,us7000ecyk,2021-06-14 14:38:41.447000+00:00,5.7,7.7102,124.967,Philippines,20.5,0,0.0,aftershock sequence
2789,2748,5,2021-05-24 14:16:40.940000+00:00,2021-05-29 01:02:41.087000+00:00,4.4,us6000efq6,2021-05-29 01:02:41.087000+00:00,5.5,36.3105,141.9873,Japan,72.3,0,80.0,swarm
2790,2746,5,2021-05-21 11:52:17.285000+00:00,2021-05-29 02:17:18.435000+00:00,7.6,us7000e50n,2021-05-21 11:52:17.285000+00:00,5.0,29.7548,50.5448,Iran,13.3,0,0.0,aftershock sequence
2791,1015,5,2008-11-25 12:40:03.550000+00:00,2008-12-04 09:15:50.350000+00:00,8.9,usp000gpdz,2008-11-25 12:40:03.550000+00:00,5.6,18.013,146.968,Northern Mariana Islands,7.6,0,0.0,aftershock sequence
2792,2777,5,2021-08-03 06:43:00.468000+00:00,2021-08-08 02:14:15.449000+00:00,4.8,us6000f1sc,2021-08-03 06:43:00.468000+00:00,5.5,-52.7494,18.4678,Africa,21.7,0,0.0,aftershock sequence
2793,967,5,2008-08-05 21:39:00.160000+00:00,2008-08-10 22:53:55.590000+00:00,5.1,usp000gdxh,2008-08-05 21:59:44.190000+00:00,5.0,33.118,91.969,China,95.8,0,20.0,aftershock sequence
2794,962,5,2008-07-23 17:30:19.280000+00:00,2008-07-25 13:39:53.040000+00:00,1.8,usp000gd1g,2008-07-24 07:09:30.090000+00:00,5.7,32.747,105.542,China,54.3,0,60.0,swarm
2795,1006,5,2008-10-30 10:44:57.400000+00:00,2008-11-08 01:30:44.190000+00:00,8.6,usp000gn2y,2008-11-06 14:23:51.800000+00:00,4.9,39.478,74.017,Tajikistan,48.6,0,40.0,swarm
2796,957,5,2008-07-07 16:18:54.090000+00:00,2008-07-17 16:24:35.960000+00:00,10.0,usp000gc46,2008-07-14 04:44:51.640000+00:00,5.6,2.177,96.518,Indonesia,106.5,0,40.0,swarm
2797,2775,5,2021-08-02 20:35:04.516000+00:00,2021-08-03 01:57:47.276000+00:00,0.2,us6000f1nr,2021-08-02 22:48:50.780000+00:00,5.8,-3.2114,100.1976,Indonesia,38.7,0,20.0,aftershock sequence
2798,983,5,2008-09-17 15:55:49.530000+00:00,2008-09-26 05:48:51.880000+00:00,8.6,usp000ghrd,2008-09-26 05:48:51.880000+00:00,5.3,-17.663,-178.203,Fiji,59.8,0,80.0,swarm
2799,2417,5,2019-02-16 05:19:05.600000+00:00,2019-02-18 07:32:18.130000+00:00,2.1,us2000jitm,2019-02-16 10:01:28.340000+00:00,5.1,25.2928,125.0026,Japan,42.6,0,40.0,swarm
2800,2416,5,2019-02-15 02:56:16.820000+00:00,2019-02-17 12:25:21.580000+00:00,2.4,us2000jj4h,2019-02-17 11:29:17.300000+00:00,5.1,-55.1004,-31.676,South Georgia Island,20.7,0,40.0,swarm
2801,1359,5,2011-12-27 11:51:35.290000+00:00,2011-12-30 21:43:19.690000+00:00,3.4,usp000jcv5,2011-12-30 21:37:49.630000+00:00,5.2,-32.384,-178.325,Kermadec Islands,75.4,0,60.0,swarm
2802,1358,5,2011-12-22 16:23:37.220000+00:00,2012-01-01 21:07:24.670000+00:00,10.2,usp000jcs5,2011-12-28 17:33:53.610000+00:00,5.2,1.685,127.643,Indonesia,99.2,0,40.0,swarm
2803,1424,5,2012-05-24 22:47:46.800000+00:00,2012-05-25 12:53:08.930000+00:00,0.6,usp000jkw6,2012-05-24 22:47:46.800000+00:00,6.1,72.96,5.683,Norwegian Sea,17.2,0,0.0,aftershock sequence
2804,2408,5,2019-01-23 04:31:21.220000+00:00,2019-02-03 06:33:46.750000+00:00,11.1,us1000irw1,2019-01-30 01:53:36.210000+00:00,4.7,-5.8835,153.624,Papua New Guinea,163.5,0,20.0,aftershock sequence
2805,2407,5,2019-01-25 14:29:06.050000+00:00,2019-02-03 17:20:45.350000+00:00,9.1,us2000j9cu,2019-01-27 04:49:20.490000+00:00,4.7,24.8046,94.3026,India,105.8,0,40.0,swarm
2806,2404,5,2019-01-20 09:54:17.400000+00:00,2019-01-30 16:12:50.430000+00:00,10.3,us2000j6l8,2019-01-20 09:54:17.400000+00:00,4.9,-12.8272,45.4064,Mayotte,12.3,0,0.0,aftershock sequence
2807,978,5,2008-09-10 00:18:53.380000+00:00,2008-09-10 04:02:27.450000+00:00,0.2,usp000ggrr,2008-09-10 03:00:30.870000+00:00,5.5,2.506,96.323,Indonesia,11.2,0,20.0,aftershock sequence
2808,977,5,2008-09-09 13:53:52.530000+00:00,2008-09-16 02:46:46.740000+00:00,6.5,usp000ggsk,2008-09-10 11:23:37.400000+00:00,4.8,-19.315,-177.508,Fiji,106.9,0,20.0,aftershock sequence
2809,976,5,2008-08-30 06:03:03.680000+00:00,2008-09-12 09:37:25.790000+00:00,13.1,usp000gg6s,2008-09-02 03:14:36.300000+00:00,4.9,-6.509,130.046,Banda Sea,67.5,0,20.0,aftershock sequence
2810,974,5,2008-08-27 16:16:00.870000+00:00,2008-09-02 17:59:00.630000+00:00,6.1,usp000gfzr,2008-08-30 06:54:07.610000+00:00,6.4,-6.146,147.258,Papua New Guinea,80.5,0,20.0,aftershock sequence
2811,948,5,2008-06-23 20:16:13.270000+00:00,2008-06-29 03:13:04.980000+00:00,5.3,usp000gaqh,2008-06-27 14:16:21.150000+00:00,5.1,0.206,96.666,Indonesia,12.8,0,20.0,aftershock sequence
2812,938,5,2008-06-01 09:42:32.180000+00:00,2008-06-01 22:55:34.050000+00:00,0.6,usp000g89x,2008-06-01 09:42:32.180000+00:00,5.4,-4.583,129.532,Indonesia,19.9,0,0.0,aftershock sequence
2813,2791,5,2021-09-08 01:47:47.437000+00:00,2021-09-08 09:50:19.625000+00:00,0.3,us7000f93v,2021-09-08 01:47:47.437000+00:00,7.0,16.9465,-99.753,Mexico,39.1,1,0.0,aftershock sequence
2814,2789,5,2021-09-04 01:28:02.881000+00:00,2021-09-04 17:55:25.615000+00:00,0.7,us7000f7rd,2021-09-04 01:54:08.756000+00:00,4.8,37.7236,77.9238,China,13.6,0,40.0,swarm
2815,2788,5,2021-09-03 05:22:58.235000+00:00,2021-09-04 21:53:34.184000+00:00,1.7,us7000f7cc,2021-09-03 05:22:58.235000+00:00,5.4,-24.2993,-115.9595,East Pacific Rise,30.2,0,0.0,aftershock sequence
2816,2396,5,2019-01-12 13:57:06.570000+00:00,2019-01-13 16:04:05.330000+00:00,1.1,us2000j3bz,2019-01-12 17:13:17.320000+00:00,5.3,-5.8486,152.2245,Papua New Guinea,120.9,0,20.0,aftershock sequence
2817,2393,5,2019-01-03 12:47:31.970000+00:00,2019-01-15 02:39:12.050000+00:00,11.6,us2000j01b,2019-01-03 12:47:31.970000+00:00,5.4,-59.7459,-26.201,South Sandwich Islands,77.0,0,0.0,aftershock sequence
2818,1447,5,2012-08-03 05:00:06.700000+00:00,2012-08-10 06:42:15.830000+00:00,7.1,usp000jptt,2012-08-03 07:22:30.560000+00:00,5.5,-16.919,-176.916,Fiji,40.1,0,40.0,swarm
2819,1446,5,2012-07-29 22:05:09.170000+00:00,2012-08-07 16:11:20.860000+00:00,8.8,usp000jpmj,2012-07-29 22:05:09.170000+00:00,5.3,39.075,142.323,Japan,124.9,0,0.0,aftershock sequence
2820,1443,5,2012-07-21 19:40:35.910000+00:00,2012-07-31 02:07:28.600000+00:00,9.3,usp000jpen,2012-07-25 13:27:53.540000+00:00,4.8,5.525,126.45,Philippines,108.5,0,60.0,swarm
2821,1389,5,2012-02-24 20:54:18.530000+00:00,2012-03-01 00:59:59.990000+00:00,5.2,usp000jfkx,2012-02-29 16:03:57.290000+00:00,5.4,-17.647,168.038,Vanuatu,92.6,0,20.0,aftershock sequence
2822,1439,5,2012-07-07 08:11:37.020000+00:00,2012-07-19 05:14:27.920000+00:00,11.9,usp000jnq4,2012-07-07 08:11:37.020000+00:00,5.4,-56.203,-27.414,South Sandwich Islands,56.7,0,0.0,aftershock sequence
2823,1435,5,2012-06-27 06:56:44.830000+00:00,2012-06-27 21:20:56.670000+00:00,0.6,usp000jnam,2012-06-27 20:39:15.910000+00:00,5.5,-15.222,-173.268,Tonga,72.7,0,20.0,aftershock sequence
2824,1464,5,2012-10-04 23:14:56.400000+00:00,2012-10-05 02:23:00.550000+00:00,0.1,usp000jtj4,2012-10-05 00:19:56.960000+00:00,5.7,17.479,-46.457,Mid-Atlantic Ridge,8.9,0,60.0,swarm
2825,1463,5,2012-10-03 21:02:38.500000+00:00,2012-10-10 19:28:53.720000+00:00,6.9,usp000jtp8,2012-10-07 08:36:32.180000+00:00,5.3,-5.53,151.794,Papua New Guinea,76.9,0,60.0,swarm
2826,2812,5,2021-10-11 12:34:36.079000+00:00,2021-10-16 10:08:28.275000+00:00,4.9,us6000ftpp,2021-10-11 12:34:36.079000+00:00,5.7,0.8073,126.2042,Indonesia,48.1,0,0.0,aftershock sequence
2827,958,5,2008-07-13 17:41:27.970000+00:00,2008-07-19 06:03:20.190000+00:00,5.5,usp000gcjx,2008-07-19 06:03:20.190000+00:00,4.8,24.046,142.994,Japan,25.4,0,80.0,swarm
2828,1496,5,2012-12-27 15:31:40.840000+00:00,2013-01-05 18:34:20.810000+00:00,9.1,usp000jxfv,2012-12-27 15:31:40.840000+00:00,4.9,-14.9,-174.943,Tonga,175.4,0,0.0,aftershock sequence
2829,1491,5,2012-12-11 06:18:27.330000+00:00,2012-12-20 21:47:29.760000+00:00,9.6,usp000jwu3,2012-12-11 06:18:27.330000+00:00,6.0,0.533,126.231,Molucca Sea,43.7,0,0.0,aftershock sequence
2830,923,5,2008-04-15 22:59:51.500000+00:00,2008-04-18 20:51:54.540000+00:00,2.9,usp000g41s,2008-04-16 05:54:19.690000+00:00,6.6,51.878,-179.165,Alaska,32.6,1,40.0,swarm
2831,922,5,2008-04-13 20:30:43.360000+00:00,2008-04-17 00:02:54.120000+00:00,3.1,usp000g3z1,2008-04-15 07:50:24.470000+00:00,5.1,85.075,96.074,Severnaya Zemlya,15.4,0,20.0,aftershock sequence
2832,880,5,2007-12-26 14:57:02.760000+00:00,2008-01-07 02:01:02.620000+00:00,11.5,usp000fw28,2008-01-05 23:00:04.670000+00:00,5.0,-24.367,179.967,Fiji Islands,76.8,0,60.0,swarm
2833,2806,5,2021-09-24 04:44:15.824000+00:00,2021-10-04 21:06:32.940000+00:00,10.7,us6000fslh,2021-10-02 04:01:37.924000+00:00,4.8,38.4927,142.1025,Japan,46.1,0,60.0,swarm
2834,2804,5,2021-09-25 05:21:32.346000+00:00,2021-09-26 02:18:30.997000+00:00,0.9,us7000feai,2021-09-25 05:21:32.346000+00:00,5.8,-53.4197,23.5583,Africa,22.1,0,0.0,aftershock sequence
2835,2803,5,2021-09-22 23:31:25.521000+00:00,2021-09-28 20:29:44.600000+00:00,5.9,us7000ff8l,2021-09-28 16:26:55.295000+00:00,4.9,10.4909,139.0299,Micronesia,21.5,0,60.0,swarm
2836,2800,5,2021-09-21 16:43:08.724000+00:00,2021-09-26 22:57:51.761000+00:00,5.3,us7000fen1,2021-09-26 17:12:05.243000+00:00,5.7,13.8941,120.5097,Philippines,75.8,0,60.0,swarm
2837,2798,5,2021-09-20 13:12:04.402000+00:00,2021-09-23 00:33:34.631000+00:00,2.5,us7000fd4k,2021-09-21 13:14:32.025000+00:00,6.4,-36.7771,-73.9329,Chile,22.8,0,20.0,aftershock sequence
2838,2796,5,2021-09-13 16:22:49.656000+00:00,2021-09-17 13:23:17.387000+00:00,3.9,us7000fasf,2021-09-13 16:22:49.656000+00:00,4.7,-2.9316,147.5478,Papua New Guinea,19.8,0,0.0,aftershock sequence
2839,2793,5,2021-09-05 10:51:57.939000+00:00,2021-09-13 10:09:42.094000+00:00,8.0,us7000fap8,2021-09-13 05:18:14.639000+00:00,6.2,-23.7629,-67.0129,Argentina,54.2,0,60.0,swarm
2840,914,5,2008-03-25 00:57:47.300000+00:00,2008-03-26 13:34:25.400000+00:00,1.5,usp000g29z,2008-03-25 00:57:47.300000+00:00,5.2,52.538,-168.73,Alaska,27.7,0,0.0,aftershock sequence
2841,911,5,2008-03-21 21:45:24.920000+00:00,2008-03-26 18:33:34.060000+00:00,4.9,usp000g2e4,2008-03-26 18:33:34.060000+00:00,5.6,46.428,152.979,Kuril Islands,135.6,0,80.0,swarm
2842,907,5,2008-03-11 23:45:55.920000+00:00,2008-03-16 23:05:25.580000+00:00,5.0,usp000g1mx,2008-03-16 23:05:25.580000+00:00,5.2,-2.897,101.095,Indonesia,151.4,0,80.0,swarm
2843,943,5,2008-06-10 03:00:58.340000+00:00,2008-06-17 00:19:41.310000+00:00,6.9,usp000g933,2008-06-10 04:13:37.830000+00:00,5.9,-18.098,167.88,Vanuatu,99.6,0,20.0,aftershock sequence
2844,845,5,2007-10-05 07:17:52.810000+00:00,2007-10-16 22:24:21.920000+00:00,11.6,usp000fqqn,2007-10-16 21:05:43.270000+00:00,6.6,-25.775,179.53,Fiji Islands,150.7,2,60.0,swarm
2845,844,5,2007-10-09 21:52:05.415000+00:00,2007-10-13 07:39:09.946000+00:00,3.4,ak007d04ss29,2007-10-10 06:23:15.699000+00:00,4.9,56.2752,-152.8729,Alaska,42.5,0,40.0,swarm
2846,841,5,2007-10-01 07:52:15.920000+00:00,2007-10-02 17:31:54.770000+00:00,1.4,usp000fpqk,2007-10-02 16:34:46.620000+00:00,5.3,57.487,-33.03,Reykjanes Ridge,22.6,0,60.0,swarm
2847,933,5,2008-05-16 06:57:14.780000+00:00,2008-05-17 09:40:46.640000+00:00,1.1,usp000g6yu,2008-05-16 11:06:50.970000+00:00,5.4,-32.544,-178.356,Kermadec Islands,48.2,0,20.0,aftershock sequence
2848,931,5,2008-05-05 16:18:36.320000+00:00,2008-05-18 19:52:30.660000+00:00,13.1,usp000g64s,2008-05-12 02:21:46.820000+00:00,5.0,46.571,152.745,Kuril Islands,51.3,0,40.0,swarm
2849,927,5,2008-04-27 01:16:12.970000+00:00,2008-05-05 09:52:38.140000+00:00,8.4,usp000g5cy,2008-05-03 03:53:34.930000+00:00,5.3,-3.015,101.319,Indonesia,106.2,0,60.0,swarm
2850,1450,5,2012-08-18 15:31:40.060000+00:00,2012-08-26 23:06:14.300000+00:00,8.3,usp000jqfc,2012-08-18 15:31:40.060000+00:00,5.8,2.645,128.697,Indonesia,42.9,0,0.0,aftershock sequence
2851,2389,5,2018-12-21 18:29:22.890000+00:00,2019-01-01 05:58:52.820000+00:00,10.5,us2000izfk,2018-12-31 13:15:17.900000+00:00,4.7,-20.5142,-177.9825,Tonga,144.6,0,40.0,swarm
2852,2386,5,2018-12-19 19:35:53.760000+00:00,2018-12-29 21:27:52.420000+00:00,10.1,us2000iv48,2018-12-19 19:35:53.760000+00:00,4.9,36.7339,21.5667,Greece,116.8,0,0.0,aftershock sequence
2853,2378,5,2018-11-29 22:03:22.040000+00:00,2018-12-06 17:12:13.680000+00:00,6.8,us1000i1f1,2018-12-03 21:24:21.070000+00:00,5.1,-22.7294,-174.7066,Tonga,63.0,0,20.0,aftershock sequence
2854,2377,5,2018-12-02 23:38:39.120000+00:00,2018-12-06 13:44:36.890000+00:00,3.6,us2000isxd,2018-12-06 03:04:10.660000+00:00,4.9,-6.3296,129.1067,Banda Sea,104.3,0,60.0,swarm
2855,1480,5,2012-11-17 03:11:29.180000+00:00,2012-11-17 18:43:50.650000+00:00,0.6,usp000jvqk,2012-11-17 18:12:19.870000+00:00,5.4,-37.209,-95.075,Easter Island,85.8,0,20.0,aftershock sequence
2856,1429,5,2012-06-02 09:48:03.210000+00:00,2012-06-12 11:12:47.020000+00:00,10.1,usp000jmgx,2012-06-08 05:22:40.200000+00:00,4.9,37.558,141.852,Japan,98.4,0,60.0,swarm
2857,1479,5,2012-11-08 04:27:16.690000+00:00,2012-11-18 14:26:35.930000+00:00,10.4,usp000jv8v,2012-11-09 09:54:39.800000+00:00,5.2,-56.391,-27.344,South Sandwich Islands,82.6,0,20.0,aftershock sequence
2858,1475,5,2012-11-01 23:56:31.900000+00:00,2012-11-10 20:27:18.500000+00:00,8.9,usp000juzp,2012-11-03 19:25:13.220000+00:00,5.1,-16.662,-173.617,Tonga,110.4,0,20.0,aftershock sequence
2859,1467,5,2012-10-11 01:07:52.260000+00:00,2012-10-12 15:52:27.220000+00:00,1.6,usp000jtvw,2012-10-12 00:31:28.270000+00:00,6.6,-4.892,134.03,Indonesia,41.0,1,20.0,aftershock sequence
2860,1505,5,2013-01-23 04:29:37.870000+00:00,2013-02-01 05:33:47.610000+00:00,9.0,usp000jyva,2013-01-27 19:32:40.410000+00:00,5.2,-34.748,-108.964,East Pacific Rise,67.6,0,60.0,swarm
2861,1503,5,2013-01-25 05:00:55.180000+00:00,2013-01-29 16:15:23.180000+00:00,4.5,us2013kvcw,2013-01-25 05:00:55.180000+00:00,4.7,-3.438,149.512,Papua New Guinea,53.5,0,0.0,aftershock sequence
2862,884,5,2008-01-18 22:21:49.790000+00:00,2008-01-25 21:20:26.410000+00:00,7.0,usp000fxam,2008-01-24 00:25:18.020000+00:00,5.2,11.532,141.355,Micronesia,72.7,0,20.0,aftershock sequence
2863,837,5,2007-09-23 18:51:01.230000+00:00,2007-10-01 16:08:13.960000+00:00,7.9,usp000fpaf,2007-09-28 02:40:01.670000+00:00,5.5,12.378,141.921,Mariana Islands,18.4,0,60.0,swarm
2864,833,5,2007-09-10 10:04:14.250000+00:00,2007-09-20 17:40:27.500000+00:00,10.3,usp000fmuf,2007-09-10 10:04:14.250000+00:00,5.2,-15.109,-174.083,Tonga,85.7,0,0.0,aftershock sequence
2865,828,5,2007-08-27 18:11:36.650000+00:00,2007-08-29 22:10:10.430000+00:00,2.2,usp000fkz5,2007-08-29 22:10:10.430000+00:00,5.4,-0.559,-91.339,Ecuador,55.8,0,80.0,swarm
2866,903,5,2008-02-26 18:18:27.530000+00:00,2008-03-03 21:11:23.720000+00:00,6.1,usp000g01s,2008-02-26 18:18:27.530000+00:00,5.9,-3.852,101.067,Indonesia,80.6,0,0.0,aftershock sequence
2867,898,5,2008-02-21 14:16:02.821000+00:00,2008-02-22 23:27:45.133000+00:00,1.4,nn00234425,2008-02-21 14:16:02.821000+00:00,5.9,41.1444,-114.8721,Nevada,5.0,0,0.0,aftershock sequence
2868,891,5,2008-01-28 10:34:17.400000+00:00,2008-02-07 21:30:05.940000+00:00,10.5,usp000fydp,2008-02-07 21:30:05.940000+00:00,5.4,-23.526,179.923,Fiji Islands,99.3,0,80.0,swarm
2869,889,5,2008-01-25 17:15:07.390000+00:00,2008-01-28 21:46:16.240000+00:00,3.2,usp000fxnh,2008-01-28 21:46:16.240000+00:00,5.0,-5.008,151.762,Papua New Guinea,111.5,0,80.0,swarm
2870,2837,5,2021-12-04 12:07:31.020000+00:00,2021-12-14 01:51:59.610000+00:00,9.6,us6000gak1,2021-12-04 12:07:31.020000+00:00,4.7,-13.6972,167.3754,Vanuatu,47.6,0,0.0,aftershock sequence
2871,2835,5,2021-12-04 15:08:14.701000+00:00,2021-12-09 02:05:07.684000+00:00,4.5,us6000gaq5,2021-12-09 02:05:07.684000+00:00,6.0,29.4132,129.3846,Japan,22.2,0,80.0,swarm
2872,2828,5,2021-11-21 22:11:44.748000+00:00,2021-11-24 05:53:48.053000+00:00,2.3,us7000fwms,2021-11-24 05:53:48.053000+00:00,5.6,-16.9602,175.2221,Fiji,33.3,0,80.0,swarm
2873,2826,5,2021-11-11 14:18:17.666000+00:00,2021-11-18 15:40:15.277000+00:00,7.1,us7000fv37,2021-11-18 14:08:04.800000+00:00,6.2,-5.3122,153.7074,Papua New Guinea,86.1,0,60.0,swarm
2874,916,5,2008-03-24 21:27:25.180000+00:00,2008-04-01 02:37:11.560000+00:00,7.2,usp000g2v2,2008-04-01 02:37:11.560000+00:00,5.3,1.55,126.308,Indonesia,113.1,0,80.0,swarm
2875,847,5,2007-10-08 10:39:11.610000+00:00,2007-10-12 09:41:34.200000+00:00,4.0,usp000fqb3,2007-10-11 16:16:57.990000+00:00,5.2,13.93,-91.844,Guatemala,109.4,0,40.0,swarm
2876,793,5,2007-06-30 02:29:13.330000+00:00,2007-07-02 05:34:15.460000+00:00,2.1,usp000ff5m,2007-06-30 08:40:02.730000+00:00,5.2,-5.016,153.17,Papua New Guinea,95.5,0,20.0,aftershock sequence
2877,869,5,2007-12-01 12:40:49.160000+00:00,2007-12-01 22:45:07.920000+00:00,0.4,usp000ftnp,2007-12-01 13:11:23.630000+00:00,4.9,73.553,8.273,Greenland Sea,13.7,0,20.0,aftershock sequence
2878,857,5,2007-10-30 15:39:07.150000+00:00,2007-11-08 14:16:13.910000+00:00,8.9,usp000fs0n,2007-11-05 14:08:40+00:00,5.4,1.94,126.439,Indonesia,157.7,0,40.0,swarm
2879,2845,5,2022-01-01 14:08:31.705000+00:00,2022-01-06 08:35:08.149000+00:00,4.8,us7000g9hw,2022-01-06 08:18:36.593000+00:00,5.0,-5.5193,152.1909,Papua New Guinea,70.2,0,60.0,swarm
2880,2844,5,2021-12-29 03:57:32.869000+00:00,2021-12-29 16:35:23.363000+00:00,0.5,us6000gg09,2021-12-29 03:57:32.869000+00:00,5.6,54.622,170.6514,Alaska,15.2,0,0.0,aftershock sequence
2881,888,5,2008-01-21 03:22:56.840000+00:00,2008-01-30 23:33:19.920000+00:00,9.8,usp000fxsh,2008-01-30 12:48:32.950000+00:00,5.5,-0.169,125.083,Indonesia,145.4,0,60.0,swarm
2882,1490,5,2012-12-13 16:07:15.460000+00:00,2012-12-16 10:07:12.040000+00:00,2.7,usp000jwxv,2012-12-14 04:04:06.860000+00:00,5.2,13.926,-91.679,Guatemala,98.5,0,20.0,aftershock sequence
2883,1489,5,2012-12-14 02:34:52.550000+00:00,2012-12-15 19:30:02.170000+00:00,1.7,usp000jx05,2012-12-15 19:30:02.170000+00:00,6.1,-4.632,153.016,Papua New Guinea,115.4,0,80.0,swarm
2884,1488,5,2012-12-06 00:43:24.100000+00:00,2012-12-15 18:43:42.740000+00:00,9.8,usp000jwgq,2012-12-06 00:43:24.100000+00:00,5.5,10.974,126.638,Philippines,94.4,0,0.0,aftershock sequence
2885,1482,5,2012-11-24 18:47:59.220000+00:00,2012-12-05 23:08:36.860000+00:00,11.2,usp000jw79,2012-11-29 00:30:31.290000+00:00,5.1,-21.106,-178.772,Fiji,82.4,0,40.0,swarm
2886,1481,5,2012-11-19 16:45:50.370000+00:00,2012-11-21 22:52:29.370000+00:00,2.3,usp000jvxm,2012-11-21 21:36:22.740000+00:00,5.9,-33.939,-71.868,Chile,35.7,0,60.0,swarm
2887,2376,5,2018-12-02 23:13:53.280000+00:00,2018-12-03 06:21:51.790000+00:00,0.3,us1000i0t9,2018-12-02 23:13:53.280000+00:00,5.5,-52.571,17.9976,Africa,20.7,0,0.0,aftershock sequence
2888,2375,5,2018-11-27 05:11:05.630000+00:00,2018-12-07 23:55:36.720000+00:00,10.8,us1000hwxr,2018-11-27 05:11:05.630000+00:00,5.0,-12.8217,45.2988,Mayotte,19.5,0,0.0,aftershock sequence
2889,2361,5,2018-11-02 10:55:27.180000+00:00,2018-11-02 11:32:52.180000+00:00,0.0,us2000i5tm,2018-11-02 11:06:02.100000+00:00,5.4,57.2979,-33.0149,Reykjanes Ridge,99.2,0,20.0,aftershock sequence
2890,1510,5,2013-01-24 14:47:49.650000+00:00,2013-02-04 01:20:22.740000+00:00,10.4,usc000f0r7,2013-02-04 01:20:22.740000+00:00,4.9,-5.542,130.915,Indonesia,153.0,0,80.0,swarm
2891,1509,5,2013-01-30 20:15:43.340000+00:00,2013-01-31 05:10:52+00:00,0.4,usc000eyp3,2013-01-30 20:15:43.340000+00:00,6.8,-28.094,-70.653,Chile,17.6,1,0.0,aftershock sequence
2892,1525,5,2013-03-26 13:04:48.100000+00:00,2013-03-26 13:36:15.700000+00:00,0.0,usb000fssd,2013-03-26 13:04:48.100000+00:00,5.5,16.184,-98.152,Mexico,36.5,0,0.0,aftershock sequence
2893,1522,5,2013-02-27 11:01:23.780000+00:00,2013-03-06 09:38:23.470000+00:00,6.9,usc000fgwh,2013-03-06 09:15:58.780000+00:00,5.5,-22.396,171.055,Loyalty Islands,103.4,0,60.0,swarm
2894,1520,5,2013-02-28 14:05:50.250000+00:00,2013-03-09 14:56:28.810000+00:00,9.0,usc000febi,2013-02-28 14:05:50.250000+00:00,6.9,50.954,157.283,Russia,16.2,2,0.0,aftershock sequence
2895,1517,5,2013-02-23 11:09:19.270000+00:00,2013-02-24 13:02:17.040000+00:00,1.1,usc000fc5f,2013-02-23 11:09:19.270000+00:00,5.9,-8.467,127.467,Timor Leste,14.7,0,0.0,aftershock sequence
2896,2878,5,2022-03-06 05:45:39.192000+00:00,2022-03-15 16:43:30.980000+00:00,9.5,us6000h5ts,2022-03-15 16:43:30.980000+00:00,4.7,-55.8045,-28.1165,South Sandwich Islands,50.6,0,80.0,swarm
2897,2877,5,2022-03-02 14:20:15.914000+00:00,2022-03-11 12:58:41.707000+00:00,8.9,us6000h3rh,2022-03-11 09:46:27.320000+00:00,4.9,-20.7721,-175.5835,Tonga,94.2,0,60.0,swarm
2898,792,5,2007-06-28 08:44:46.300000+00:00,2007-06-29 02:02:17.390000+00:00,0.7,usp000ff0r,2007-06-28 08:44:46.300000+00:00,5.8,-15.679,-74.893,Peru,11.7,0,0.0,aftershock sequence
2899,786,5,2007-06-12 01:39:49.840000+00:00,2007-06-21 15:34:13.270000+00:00,9.6,usp000feb2,2007-06-19 07:03:39.980000+00:00,5.0,14.277,146.668,Northern Mariana Islands,34.3,0,60.0,swarm
2900,785,5,2007-06-06 21:14:34.680000+00:00,2007-06-18 11:16:38.180000+00:00,11.6,usp000fdxe,2007-06-12 23:18:28.430000+00:00,5.1,-16.234,-174.376,Tonga,90.3,0,20.0,aftershock sequence
2901,2865,5,2022-02-08 11:59:25.311000+00:00,2022-02-12 20:48:54.019000+00:00,4.4,us7000gj2g,2022-02-08 11:59:25.311000+00:00,6.2,-0.417,-19.8913,Mid-Atlantic Ridge,13.4,0,0.0,aftershock sequence
2902,2859,5,2022-01-25 03:25:24.760000+00:00,2022-02-05 08:20:44.355000+00:00,11.2,us7000gesz,2022-01-25 03:25:24.760000+00:00,5.2,-15.8467,-173.7454,Tonga,156.9,0,0.0,aftershock sequence
2903,855,5,2007-10-27 20:15:14.330000+00:00,2007-11-07 06:49:16.160000+00:00,10.4,usp000fs3m,2007-11-07 05:30:21.010000+00:00,4.9,-21.124,169.74,Vanuatu,85.8,0,60.0,swarm
2904,851,5,2007-10-24 09:34:55.940000+00:00,2007-10-26 09:17:04.880000+00:00,2.0,usp000fr9p,2007-10-26 09:10:41.160000+00:00,5.5,-2.877,139.596,Indonesia,92.5,0,60.0,swarm
2905,850,5,2007-10-18 18:47:59.170000+00:00,2007-10-27 21:54:21.610000+00:00,9.1,usp000frds,2007-10-27 21:54:21.610000+00:00,4.9,-24.26,-67.088,Argentina,57.4,0,80.0,swarm
2906,804,5,2007-07-15 13:25:24.340000+00:00,2007-07-26 00:20:22.730000+00:00,10.5,usp000fg81,2007-07-15 13:25:24.340000+00:00,4.8,-7.283,128.568,Timor Leste,162.3,0,0.0,aftershock sequence
2907,803,5,2007-07-15 09:27:34.480000+00:00,2007-07-25 01:41:33.870000+00:00,9.7,usp000fg76,2007-07-15 09:27:34.480000+00:00,6.1,-15.383,168.597,Vanuatu,96.3,0,0.0,aftershock sequence
2908,775,5,2007-05-25 17:47:31.260000+00:00,2007-06-03 03:00:10.710000+00:00,8.4,usp000fcqx,2007-05-25 17:47:31.260000+00:00,5.9,-24.222,-67.027,Argentina,45.5,0,0.0,aftershock sequence
2909,774,5,2007-05-19 01:46:50.770000+00:00,2007-05-29 02:54:38.830000+00:00,10.0,usp000fc99,2007-05-19 01:47:13.080000+00:00,4.8,45.592,153.956,Kuril Islands,155.1,0,20.0,aftershock sequence
2910,773,5,2007-05-13 08:53:14.730000+00:00,2007-05-21 19:17:33.170000+00:00,8.4,usp000fby9,2007-05-14 07:07:17.500000+00:00,5.1,1.238,126.16,Indonesia,127.8,0,20.0,aftershock sequence
2911,822,5,2007-08-17 02:16:30.640000+00:00,2007-08-20 20:52:45.320000+00:00,3.8,usp000fjzv,2007-08-17 03:04:03.090000+00:00,6.4,-5.261,129.432,Indonesia,36.4,0,20.0,aftershock sequence
2912,815,5,2007-07-31 14:47:09.650000+00:00,2007-08-09 12:03:21.820000+00:00,8.9,usp000fj2d,2007-08-07 00:02:24.200000+00:00,6.0,27.292,126.836,Japan,39.5,0,40.0,swarm
2913,814,5,2007-07-29 21:53:35.860000+00:00,2007-08-08 11:04:38.720000+00:00,9.5,usp000fj01,2007-08-06 03:52:32.080000+00:00,4.8,-5.476,152.005,Papua New Guinea,37.1,0,60.0,swarm
2914,2879,5,2022-03-11 17:00:37.932000+00:00,2022-03-15 14:19:34.941000+00:00,3.9,us6000h3ux,2022-03-11 17:00:37.932000+00:00,5.1,0.5475,126.2999,Indonesia,78.0,0,0.0,aftershock sequence
2915,1500,5,2013-01-14 14:16:16.520000+00:00,2013-01-18 05:20:21.300000+00:00,3.6,usp000jyev,2013-01-15 16:09:37.080000+00:00,6.1,-62.571,-161.432,Pacific-Antarctic Ridge,65.9,0,20.0,aftershock sequence
2916,1497,5,2012-12-29 07:19:35.320000+00:00,2013-01-10 12:48:21.460000+00:00,12.2,usp000jxkc,2012-12-29 23:05:24.200000+00:00,5.2,37.018,141.168,Japan,94.5,0,20.0,aftershock sequence
2917,2360,5,2018-10-23 04:34:58.630000+00:00,2018-11-01 09:24:20.210000+00:00,9.2,us1000hfxx,2018-10-23 04:34:58.630000+00:00,5.8,24.1153,122.6027,Japan,108.7,0,0.0,aftershock sequence
2918,2357,5,2018-10-23 03:32:58.600000+00:00,2018-11-03 01:13:37.980000+00:00,10.9,us1000hfxj,2018-10-23 03:32:58.600000+00:00,4.9,10.2624,-62.4297,Venezuela,67.6,0,0.0,aftershock sequence
2919,2356,5,2018-10-23 07:18:10.950000+00:00,2018-11-03 00:22:44.310000+00:00,10.7,us1000hfze,2018-10-23 07:18:10.950000+00:00,4.7,-23.8695,-179.652,Fiji Islands,75.1,0,0.0,aftershock sequence
2920,2349,5,2018-10-13 17:53:56.460000+00:00,2018-10-26 12:55:47.140000+00:00,12.8,us1000hezl,2018-10-20 14:21:34.720000+00:00,5.0,23.1784,143.7652,Japan,97.3,0,20.0,aftershock sequence
2921,2346,5,2018-10-14 05:05:34.400000+00:00,2018-10-16 02:49:44.980000+00:00,1.9,us1000hbyr,2018-10-14 12:41:14.450000+00:00,5.9,-42.2917,88.693,southeast Indian Ridge,61.9,0,40.0,swarm
2922,1527,5,2013-03-29 23:13:02.980000+00:00,2013-04-02 15:13:41.370000+00:00,3.7,us2013nmaz,2013-04-02 15:13:41.370000+00:00,5.2,-7.363,128.557,Timor Leste,104.4,0,80.0,swarm
2923,1526,5,2013-03-29 00:49:42.680000+00:00,2013-04-02 18:53:37.520000+00:00,4.8,usb000fwb9,2013-03-30 01:50:40.050000+00:00,5.5,10.032,126.247,Philippines,97.8,0,20.0,aftershock sequence
2924,2893,5,2022-04-02 17:20:06.041000+00:00,2022-04-09 01:22:59.445000+00:00,6.3,us7000h0uh,2022-04-09 01:22:59.445000+00:00,4.7,11.358,125.8113,Philippines,38.9,0,80.0,swarm
2925,2889,5,2022-03-25 16:21:03.998000+00:00,2022-03-25 18:50:06.221000+00:00,0.1,us7000gx8m,2022-03-25 16:21:03.998000+00:00,5.7,38.5365,97.2898,China,9.4,0,0.0,aftershock sequence
2926,1514,5,2013-02-16 01:20:26.430000+00:00,2013-02-18 19:38:04.310000+00:00,2.8,usc000f8a8,2013-02-16 01:20:26.430000+00:00,5.0,-26.32,71.546,Mid-Indian Ridge,17.9,0,0.0,aftershock sequence
2927,2342,5,2018-10-07 07:57:56.160000+00:00,2018-10-14 04:34:02.160000+00:00,6.9,us1000h8dp,2018-10-07 09:44:28.710000+00:00,5.0,-7.3314,-13.147,Saint Helena,73.3,0,60.0,swarm
2928,2341,5,2018-09-27 16:23:20.470000+00:00,2018-10-06 06:55:49.670000+00:00,8.6,us1000h7v7,2018-10-05 21:08:26.670000+00:00,5.4,-21.9791,169.6002,New Caledonia,87.8,0,40.0,swarm
2929,2339,5,2018-09-23 09:44:42.970000+00:00,2018-10-05 15:20:18.760000+00:00,12.2,us1000h73u,2018-09-28 15:50:36.090000+00:00,4.8,-16.9831,-174.1866,Tonga,104.1,0,40.0,swarm
2930,2332,5,2018-09-16 21:11:48.820000+00:00,2018-09-17 09:32:40.550000+00:00,0.5,us2000hfjk,2018-09-16 21:11:48.820000+00:00,6.5,-25.415,178.1991,Fiji Islands,41.2,1,0.0,aftershock sequence
2931,1543,5,2013-04-29 19:02:58.620000+00:00,2013-05-03 20:55:46.880000+00:00,4.1,usb000ghyn,2013-04-29 19:59:31.770000+00:00,4.8,24.908,123.729,Japan,99.1,0,20.0,aftershock sequence
2932,1542,5,2013-04-22 04:36:36.560000+00:00,2013-04-22 06:21:39.220000+00:00,0.1,usb000gdcd,2013-04-22 04:36:36.560000+00:00,5.5,51.098,179.392,Alaska,44.7,0,0.0,aftershock sequence
2933,1540,5,2013-04-18 17:59:50.110000+00:00,2013-04-24 02:15:51.040000+00:00,5.3,usp000k0dk,2013-04-24 02:05:11.680000+00:00,4.8,15.342,-87.218,Honduras,28.5,0,60.0,swarm
2934,1533,5,2013-04-05 13:12:34.620000+00:00,2013-04-13 10:08:24.310000+00:00,7.9,usb000g0d7,2013-04-05 13:12:34.620000+00:00,5.1,-15.268,-172.686,Tonga,140.3,0,0.0,aftershock sequence
2935,1531,5,2013-04-03 16:35:45.110000+00:00,2013-04-11 03:47:02.930000+00:00,7.5,usb000g4nw,2013-04-11 03:47:02.930000+00:00,5.5,19.258,95.623,Myanmar,13.2,0,80.0,swarm
2936,1530,5,2013-03-28 03:55:05.070000+00:00,2013-04-09 19:32:46.500000+00:00,12.7,usb000g1pg,2013-04-07 17:43:53.060000+00:00,4.7,21.26,144.053,Mariana Islands,88.7,0,60.0,swarm
2937,807,5,2007-07-19 18:49:18.790000+00:00,2007-07-31 02:15:54.160000+00:00,11.3,usp000fh1v,2007-07-25 06:21:31.840000+00:00,5.0,36.077,70.364,Afghanistan,88.8,0,40.0,swarm
2938,806,5,2007-07-18 12:24:44.390000+00:00,2007-07-26 14:29:10.610000+00:00,8.1,usp000fgvg,2007-07-22 15:49:16.250000+00:00,4.9,-30.883,-177.51,New Zealand,85.6,0,20.0,aftershock sequence
2939,748,5,2007-03-16 00:07:10.800000+00:00,2007-03-22 20:25:20.100000+00:00,6.8,usp000f76j,2007-03-22 20:25:20.100000+00:00,5.2,-28.122,-71.201,Chile,105.1,0,80.0,swarm
2940,1545,5,2013-05-13 13:59:29.180000+00:00,2013-05-18 05:47:59.500000+00:00,4.7,usb000gy67,2013-05-18 05:47:59.500000+00:00,6.0,37.739,141.471,Japan,135.0,0,80.0,swarm
2941,758,5,2007-03-29 05:52:56.220000+00:00,2007-04-07 01:25:23.140000+00:00,8.8,usp000f8pr,2007-04-04 21:40:18.770000+00:00,5.7,30.926,141.673,Japan,26.4,0,40.0,swarm
2942,725,5,2007-01-21 15:03:16.370000+00:00,2007-02-03 19:49:37.110000+00:00,13.2,usp000f35j,2007-01-21 15:03:16.370000+00:00,5.6,-55.764,-27.016,South Sandwich Islands,59.2,0,0.0,aftershock sequence
2943,724,5,2007-01-23 20:40:16.300000+00:00,2007-02-03 09:00:15.790000+00:00,10.5,usp000f3eq,2007-01-23 20:40:16.300000+00:00,5.3,-45.313,-72.192,Chile,26.2,0,0.0,aftershock sequence
2944,723,5,2007-01-20 16:22:21.730000+00:00,2007-01-30 20:55:36.850000+00:00,10.2,usp000f3j0,2007-01-25 06:48:49.430000+00:00,4.9,-21.88,-179.526,Fiji,72.5,0,20.0,aftershock sequence
2945,719,5,2006-12-30 16:05:58.160000+00:00,2007-01-05 23:07:58.060000+00:00,6.3,usp000f1jv,2007-01-02 16:13:47.600000+00:00,5.2,-17.519,-174.421,Tonga,94.6,0,60.0,swarm
2946,767,5,2007-04-25 04:19:00.100000+00:00,2007-04-28 21:22:56.100000+00:00,3.7,usp000faj6,2007-04-25 04:19:00.100000+00:00,5.2,28.19,56.22,Iran,8.9,0,0.0,aftershock sequence
2947,764,5,2007-04-19 03:20:24.950000+00:00,2007-04-27 17:21:07.820000+00:00,8.6,usp000fa11,2007-04-19 03:20:24.950000+00:00,5.1,-20.966,169.92,Vanuatu,136.7,0,0.0,aftershock sequence
2948,761,5,2007-04-14 18:00:59.580000+00:00,2007-04-14 23:57:22.350000+00:00,0.2,usp000f9r7,2007-04-14 23:17:01.550000+00:00,5.3,-3.672,144.806,Papua New Guinea,38.8,0,40.0,swarm
2949,2920,5,2022-06-02 03:06:38.869000+00:00,2022-06-07 20:37:25.713000+00:00,5.7,us7000he8r,2022-06-02 03:06:38.869000+00:00,5.2,6.0471,127.5479,Philippines,99.3,0,0.0,aftershock sequence
2950,2919,5,2022-05-29 04:21:21.049000+00:00,2022-06-04 14:02:14.210000+00:00,6.4,us7000hedh,2022-05-29 04:21:21.049000+00:00,4.6,-32.3086,-179.0689,Kermadec Islands,138.0,0,0.0,aftershock sequence
2951,2913,5,2022-05-19 10:10:55.795000+00:00,2022-05-19 16:19:05.526000+00:00,0.3,us6000hm9j,2022-05-19 10:13:31.625000+00:00,6.9,-54.132,159.0545,Macquarie Island,19.8,1,20.0,aftershock sequence
2952,742,5,2007-03-01 22:45:29.580000+00:00,2007-03-01 23:42:04.850000+00:00,0.0,usp000f5x2,2007-03-01 23:11:52.070000+00:00,6.0,26.581,-44.594,Mid-Atlantic Ridge,19.6,0,60.0,swarm
2953,780,5,2007-06-04 19:40:02.990000+00:00,2007-06-05 17:05:49.990000+00:00,0.9,usp000fdcm,2007-06-04 19:40:02.990000+00:00,5.0,12.062,143.81,Guam,13.2,0,0.0,aftershock sequence
2954,2904,5,2022-05-01 16:30:50.010000+00:00,2022-05-05 11:06:53.781000+00:00,3.8,us7000h791,2022-05-05 11:06:53.781000+00:00,4.7,13.9474,119.4961,Philippines,39.4,0,80.0,swarm
2955,2902,5,2022-04-20 11:37:06.089000+00:00,2022-04-27 12:20:51.354000+00:00,7.0,us7000h6gp,2022-04-20 11:37:06.089000+00:00,4.6,11.5986,143.9789,Guam,147.8,0,0.0,aftershock sequence
2956,709,5,2006-11-22 08:03:15.870000+00:00,2006-12-01 20:06:19.800000+00:00,9.5,usp000ez0q,2006-11-28 04:25:01.660000+00:00,5.1,-14.838,167.287,Vanuatu,113.6,0,60.0,swarm
2957,704,5,2006-11-07 06:23:41.300000+00:00,2006-11-10 09:28:29.710000+00:00,3.1,usp000ewsw,2006-11-07 06:23:41.300000+00:00,5.3,-23.532,-179.82,Fiji Islands,85.5,0,0.0,aftershock sequence
2958,2933,5,2022-06-26 01:54:36.082000+00:00,2022-07-04 22:10:40.912000+00:00,8.8,us6000hzvi,2022-07-04 22:10:40.912000+00:00,5.1,-55.9401,-27.295,South Sandwich Islands,51.6,0,80.0,swarm
2959,2930,5,2022-06-20 12:20:10.569000+00:00,2022-07-02 01:28:15.647000+00:00,11.5,us7000hkh5,2022-06-27 01:52:38.715000+00:00,5.3,-60.3844,-26.3007,South Sandwich Islands,96.4,0,60.0,swarm
2960,2928,5,2022-06-20 01:05:07.321000+00:00,2022-06-25 13:34:35.441000+00:00,5.5,us7000him8,2022-06-20 01:05:07.321000+00:00,5.9,23.6544,121.4725,Taiwan,18.4,0,0.0,aftershock sequence
2961,2927,5,2022-06-19 09:55:19.070000+00:00,2022-06-21 16:14:55.933000+00:00,2.3,us7000hiil,2022-06-19 09:55:19.070000+00:00,5.5,26.7173,126.5426,Japan,19.1,0,0.0,aftershock sequence
2962,2922,5,2022-06-03 19:59:33.087000+00:00,2022-06-13 14:47:02.379000+00:00,9.8,us7000hfiv,2022-06-07 09:37:17.409000+00:00,4.8,-6.4376,129.997,Banda Sea,88.4,0,40.0,swarm
2963,2326,5,2018-08-28 04:05:24.520000+00:00,2018-09-07 19:09:58.560000+00:00,10.6,us2000h6wl,2018-09-02 17:56:43.770000+00:00,5.1,-7.0189,155.3987,Papua New Guinea,96.2,0,20.0,aftershock sequence
2964,2325,5,2018-08-31 11:39:36.750000+00:00,2018-09-05 09:54:02.670000+00:00,4.9,us2000h6dj,2018-09-01 06:13:45.040000+00:00,5.5,-28.9796,74.5586,Mid-Indian Ridge,39.3,0,40.0,swarm
2965,2314,5,2018-07-31 20:28:57.320000+00:00,2018-08-05 11:14:49.960000+00:00,4.6,us1000g3sp,2018-08-05 08:56:24.820000+00:00,5.0,-2.3473,99.4295,Indonesia,119.7,0,20.0,aftershock sequence
2966,2313,5,2018-08-05 04:44:40.460000+00:00,2018-08-08 14:39:00.330000+00:00,3.4,us1000g6cg,2018-08-06 14:46:35.840000+00:00,4.8,-30.2157,-177.7733,New Zealand,164.6,0,40.0,swarm
2967,1557,5,2013-06-13 16:47:23.320000+00:00,2013-06-13 20:50:42.470000+00:00,0.2,usc000hpsd,2013-06-13 16:47:23.320000+00:00,6.7,-10.004,107.236,Indonesia,22.8,1,0.0,aftershock sequence
2968,1556,5,2013-06-06 03:39:06.190000+00:00,2013-06-15 07:33:21.450000+00:00,9.2,usc000hh0t,2013-06-06 07:05:42.440000+00:00,5.1,-6.973,128.289,Timor Leste,144.5,0,20.0,aftershock sequence
2969,1549,5,2013-05-19 11:02:11.100000+00:00,2013-05-22 17:37:49.790000+00:00,3.3,usb000h1tw,2013-05-22 11:35:22.290000+00:00,4.9,-30.399,-177.651,New Zealand,100.5,0,60.0,swarm
2970,1548,5,2013-05-10 22:52:45.930000+00:00,2013-05-21 18:52:00.190000+00:00,10.8,usb000gxjn,2013-05-17 08:32:39.810000+00:00,5.4,-6.24,154.44,Papua New Guinea,34.8,0,60.0,swarm
2971,1547,5,2013-05-13 08:40:16.140000+00:00,2013-05-24 05:27:25.550000+00:00,10.9,usb000gxic,2013-05-17 06:43:15.680000+00:00,5.7,-11.066,165.08,Solomon Islands,64.6,0,60.0,swarm
2972,2947,5,2022-07-21 16:40:09.562000+00:00,2022-07-29 09:58:46.530000+00:00,7.7,us7000hsg4,2022-07-21 17:07:25.226000+00:00,5.9,21.1504,99.8777,Myanmar,13.2,0,20.0,aftershock sequence
2973,2946,5,2022-07-23 06:09:15.535000+00:00,2022-07-24 12:43:06.009000+00:00,1.3,us7000hswf,2022-07-23 06:09:15.535000+00:00,5.4,-7.5962,122.4103,Indonesia,9.6,0,0.0,aftershock sequence
2974,2944,5,2022-07-13 11:08:35.867000+00:00,2022-07-18 00:20:35.419000+00:00,4.5,us6000i22b,2022-07-13 11:08:35.867000+00:00,4.7,16.8039,147.2383,Northern Mariana Islands,42.3,0,0.0,aftershock sequence
2975,2943,5,2022-07-12 23:36:12.967000+00:00,2022-07-13 17:56:16.055000+00:00,0.8,us6000i1yw,2022-07-12 23:36:12.967000+00:00,5.5,-16.7782,-71.2091,Peru,36.3,0,0.0,aftershock sequence
2976,2312,5,2018-08-04 05:46:02.740000+00:00,2018-08-09 19:21:51.990000+00:00,5.6,us1000g60s,2018-08-09 19:21:51.990000+00:00,5.6,13.5731,-91.2308,Guatemala,78.8,0,80.0,swarm
2977,2303,5,2018-06-28 03:27:33.610000+00:00,2018-07-08 18:06:28.680000+00:00,10.6,us2000fzb7,2018-07-07 21:33:49.640000+00:00,6.0,-30.5662,-178.0701,New Zealand,62.9,0,60.0,swarm
2978,2301,5,2018-06-12 23:08:28.310000+00:00,2018-06-13 23:06:11.350000+00:00,1.0,us1000epfe,2018-06-12 23:08:28.310000+00:00,5.9,-2.0196,98.5876,Indonesia,21.4,0,0.0,aftershock sequence
2979,2300,5,2018-06-07 13:15:37.890000+00:00,2018-06-10 01:19:24.950000+00:00,2.5,us1000ema9,2018-06-09 19:49:58.740000+00:00,5.2,-5.8776,151.9083,Papua New Guinea,120.7,0,40.0,swarm
2980,1575,5,2013-07-16 09:35:08.220000+00:00,2013-07-22 23:24:45.560000+00:00,6.6,usb000iie5,2013-07-20 06:06:22.130000+00:00,5.2,36.251,141.698,Japan,92.9,0,20.0,aftershock sequence
2981,1573,5,2013-07-18 09:59:32.790000+00:00,2013-07-24 00:30:36.750000+00:00,5.6,usb000ihl9,2013-07-19 02:20:40.840000+00:00,5.5,-16.757,167.69,Vanuatu,82.1,0,20.0,aftershock sequence
2982,1567,5,2013-07-06 05:05:06.650000+00:00,2013-07-14 23:02:30.380000+00:00,8.7,usb000i7na,2013-07-06 05:05:06.650000+00:00,6.0,-3.269,100.564,Indonesia,41.3,0,0.0,aftershock sequence
2983,1565,5,2013-06-29 11:35:38.960000+00:00,2013-07-08 04:16:04.670000+00:00,8.7,usb000i42t,2013-07-01 08:47:19.430000+00:00,5.1,-55.488,-28.561,South Sandwich Islands,144.0,0,40.0,swarm
2984,1562,5,2013-06-21 10:33:57+00:00,2013-06-30 14:40:09.570000+00:00,9.2,usc000hx16,2013-06-21 10:33:57+00:00,5.2,44.153,10.135,Italy,13.1,0,0.0,aftershock sequence
2985,712,5,2006-11-25 21:39:35.920000+00:00,2006-12-02 09:11:08.220000+00:00,6.5,usp000ez6a,2006-11-29 23:08:15.520000+00:00,5.5,-25.371,179.661,Fiji Islands,109.2,0,40.0,swarm
2986,711,5,2006-11-29 02:36:14.220000+00:00,2006-11-29 17:12:24.340000+00:00,0.6,usp000ez59,2006-11-29 15:38:44.500000+00:00,5.6,53.741,-35.438,Reykjanes Ridge,54.5,0,60.0,swarm
2987,710,5,2006-11-23 17:05:14.300000+00:00,2006-12-04 23:03:04.890000+00:00,11.2,usp000ez7y,2006-11-30 11:33:17.020000+00:00,6.0,-21.297,-174.677,Tonga,115.8,0,40.0,swarm
2988,703,5,2006-10-28 22:15:40.770000+00:00,2006-11-06 04:39:39.110000+00:00,8.3,usp000ewqs,2006-11-06 04:39:39.110000+00:00,4.7,-17.492,-178.594,Fiji,131.9,0,80.0,swarm
2989,700,5,2006-10-24 12:05:28+00:00,2006-10-30 05:37:07.480000+00:00,5.7,usp000evxf,2006-10-24 12:05:28+00:00,5.4,-1.205,127.327,Indonesia,34.7,0,0.0,aftershock sequence
2990,2966,5,2022-09-08 04:01:03.089000+00:00,2022-09-10 02:45:09.402000+00:00,1.9,us6000ii1h,2022-09-08 04:01:03.089000+00:00,5.2,66.5051,-17.8312,Iceland,12.4,0,0.0,aftershock sequence
2991,2965,5,2022-08-31 15:50:53.284000+00:00,2022-09-14 13:01:25.248000+00:00,13.9,us7000i5wu,2022-09-07 03:39:58.107000+00:00,4.9,-59.6586,-25.9265,South Sandwich Islands,102.2,0,20.0,aftershock sequence
2992,2957,5,2022-08-14 02:47:46.891000+00:00,2022-08-16 16:35:28.165000+00:00,2.6,us6000iamw,2022-08-14 02:47:46.891000+00:00,5.7,1.7974,126.3859,Indonesia,103.1,0,0.0,aftershock sequence
2993,2288,5,2018-05-10 08:37:29.700000+00:00,2018-05-13 15:33:31.340000+00:00,3.3,us1000e453,2018-05-13 15:33:31.340000+00:00,5.2,5.3594,125.4392,Philippines,177.2,0,80.0,swarm
2994,2281,5,2018-05-01 03:15:40.330000+00:00,2018-05-01 22:04:29.740000+00:00,0.8,us1000dv5b,2018-05-01 03:15:40.330000+00:00,5.2,-29.4836,-177.0774,New Zealand,52.9,0,0.0,aftershock sequence
2995,1592,5,2013-09-15 17:35:42.140000+00:00,2013-09-21 20:29:45.890000+00:00,6.1,usb000jwjk,2013-09-20 06:50:27.660000+00:00,5.0,30.0386,131.1453,Japan,14.4,0,20.0,aftershock sequence
2996,1591,5,2013-09-09 00:04:20.730000+00:00,2013-09-19 17:25:06.920000+00:00,10.7,usb000jw8u,2013-09-19 17:25:06.920000+00:00,5.4,37.0674,140.7879,Japan,52.4,0,80.0,swarm
2997,1589,5,2013-08-29 09:27:40.480000+00:00,2013-09-09 16:58:09.200000+00:00,11.3,usb000jm8y,2013-09-09 16:31:05.430000+00:00,5.1,-10.6821,164.7787,Solomon Islands,55.9,0,60.0,swarm
2998,1578,5,2013-08-01 20:01:43.160000+00:00,2013-08-13 14:16:37.810000+00:00,11.8,usb000itmf,2013-08-01 20:01:43.160000+00:00,6.0,-15.2443,-173.5006,Tonga,113.6,0,0.0,aftershock sequence
2999,2279,5,2018-04-16 16:50:27.860000+00:00,2018-04-24 21:57:00.420000+00:00,8.2,us1000drm0,2018-04-24 21:57:00.420000+00:00,5.5,-23.9432,179.8003,Fiji Islands,117.6,0,80.0,swarm
3000,2955,5,2022-08-14 13:44:19.694000+00:00,2022-08-16 19:24:11.035000+00:00,2.2,us6000iasi,2022-08-14 13:44:19.694000+00:00,6.6,-32.7361,-179.0088,Kermadec Islands,48.0,1,0.0,aftershock sequence
3001,2986,5,2022-10-06 16:19:15.582000+00:00,2022-10-12 01:22:52.370000+00:00,5.4,us6000isw5,2022-10-12 01:22:52.370000+00:00,4.9,-23.7267,-179.8083,Fiji Islands,50.4,0,80.0,swarm
3002,688,5,2006-09-28 13:14:58.260000+00:00,2006-10-01 03:28:03.600000+00:00,2.6,usp000eu07,2006-09-28 13:22:47.130000+00:00,4.9,11.746,95.014,India,21.5,0,20.0,aftershock sequence
3003,715,5,2006-12-16 01:09:36.290000+00:00,2006-12-25 16:43:50.680000+00:00,9.6,usp000f0h8,2006-12-18 23:46:16.790000+00:00,5.3,-6.809,154.576,Papua New Guinea,98.3,0,40.0,swarm
3004,3017,5,2022-12-19 14:13:39.276000+00:00,2022-12-28 20:13:23.513000+00:00,9.2,us6000jat1,2022-12-21 07:16:12.937000+00:00,4.7,-5.7255,153.2215,Papua New Guinea,158.7,0,20.0,aftershock sequence
3005,664,5,2006-07-26 03:05:50.260000+00:00,2006-08-01 10:19:40.920000+00:00,6.3,usp000epkt,2006-07-26 03:05:50.260000+00:00,5.2,-18.795,-173.394,Tonga,56.7,0,0.0,aftershock sequence
3006,663,5,2006-07-23 08:22:04.160000+00:00,2006-07-23 12:05:56.170000+00:00,0.2,usp000epcn,2006-07-23 08:22:04.160000+00:00,6.0,-0.336,123.286,Indonesia,32.8,0,0.0,aftershock sequence
3007,661,5,2006-07-10 23:21:31.970000+00:00,2006-07-20 08:48:45.520000+00:00,9.4,usp000enwz,2006-07-17 22:31:49.110000+00:00,5.3,-17.669,-173.257,Tonga,85.9,0,40.0,swarm
3008,685,5,2006-09-17 05:15:24.740000+00:00,2006-09-24 22:56:21.070000+00:00,7.7,usp000etrn,2006-09-24 22:56:21.070000+00:00,5.7,-17.741,41.811,Madagascar,9.8,0,80.0,swarm
3009,681,5,2006-09-08 10:15:10.260000+00:00,2006-09-20 17:12:49.680000+00:00,12.3,usp000et4e,2006-09-15 10:13:14.810000+00:00,5.8,-6.018,150.471,Papua New Guinea,90.2,0,20.0,aftershock sequence
3010,2984,5,2022-10-01 12:44:42.001000+00:00,2022-10-02 06:59:55.368000+00:00,0.8,us6000ipzg,2022-10-01 12:44:42.001000+00:00,4.9,28.7274,140.4714,Japan,16.2,0,0.0,aftershock sequence
3011,2982,5,2022-09-24 19:38:53.478000+00:00,2022-10-02 19:07:35.325000+00:00,8.0,us7000iasw,2022-09-24 19:38:53.478000+00:00,5.0,-15.011,166.9844,Vanuatu,114.7,0,0.0,aftershock sequence
3012,2980,5,2022-09-28 04:47:59.142000+00:00,2022-10-03 20:05:29.831000+00:00,5.6,us6000ipga,2022-09-29 22:59:01.286000+00:00,5.7,-22.9136,172.2913,Loyalty Islands,168.5,0,20.0,aftershock sequence
3013,2976,5,2022-09-23 07:04:15.441000+00:00,2022-09-30 09:20:17.957000+00:00,7.1,us7000iatm,2022-09-24 21:45:17.199000+00:00,5.0,-59.0189,-25.62,South Sandwich Islands,82.9,0,20.0,aftershock sequence
3014,3012,5,2022-11-26 10:36:30.694000+00:00,2022-12-07 18:22:22.607000+00:00,11.3,us7000ismn,2022-11-27 01:57:13.337000+00:00,5.0,-16.7976,-173.4055,Tonga,48.9,0,20.0,aftershock sequence
3015,3010,5,2022-11-23 02:33:20.262000+00:00,2022-12-04 12:12:50.881000+00:00,11.4,us7000ita4,2022-11-29 13:33:27.946000+00:00,5.1,-27.0964,-176.3739,Kermadec Islands,92.6,0,40.0,swarm
3016,3009,5,2022-11-21 20:02:03.928000+00:00,2022-11-30 01:33:50.719000+00:00,8.2,us7000irdm,2022-11-21 20:02:03.928000+00:00,4.7,45.36,150.3182,Kuril Islands,102.8,0,0.0,aftershock sequence
3017,680,5,2006-09-09 12:08:07.690000+00:00,2006-09-17 07:18:28.690000+00:00,7.8,usp000esun,2006-09-10 11:08:51.020000+00:00,4.8,51.188,-177.673,Alaska,135.9,0,20.0,aftershock sequence
3018,679,5,2006-09-10 13:17:42.710000+00:00,2006-09-19 20:31:43.710000+00:00,9.3,usp000et2m,2006-09-14 07:37:19.640000+00:00,4.9,-20.627,-174.885,Tonga,92.9,0,40.0,swarm
3019,678,5,2006-08-31 22:25:04.290000+00:00,2006-09-08 14:11:31.570000+00:00,7.7,usp000espv,2006-09-08 14:11:31.570000+00:00,5.1,-18.03,-174.569,Tonga,129.3,0,80.0,swarm
3020,622,5,2006-04-26 01:46:03.860000+00:00,2006-04-26 04:08:53.650000+00:00,0.1,usp000efhd,2006-04-26 01:46:03.860000+00:00,6.1,-57.482,147.568,Macquarie Island,140.9,0,0.0,aftershock sequence
3021,646,5,2006-06-15 06:31:53.380000+00:00,2006-06-23 08:02:46.570000+00:00,8.1,usp000ekza,2006-06-21 23:37:50.350000+00:00,5.1,18.979,-46.034,Mid-Atlantic Ridge,38.5,0,40.0,swarm
3022,645,5,2006-06-17 03:45:54.900000+00:00,2006-06-19 10:14:22.970000+00:00,2.3,usp000ekk5,2006-06-17 03:45:54.900000+00:00,4.9,-20.028,-174.465,Tonga,48.9,0,0.0,aftershock sequence
3023,641,5,2006-06-06 02:52:54.660000+00:00,2006-06-15 14:18:06.280000+00:00,9.5,usp000ek01,2006-06-09 05:58:27.770000+00:00,6.1,-17.531,-178.747,Fiji,121.3,0,20.0,aftershock sequence
3024,673,5,2006-08-23 12:27:55+00:00,2006-08-26 01:42:59.020000+00:00,2.6,usp000erkk,2006-08-23 23:15:21.910000+00:00,5.6,-4.245,152.815,Papua New Guinea,76.3,0,20.0,aftershock sequence
3025,2278,5,2018-04-20 04:16:01.950000+00:00,2018-04-24 12:23:34.070000+00:00,4.3,us1000dr8g,2018-04-24 12:23:34.070000+00:00,5.1,18.3623,96.1394,Myanmar,16.9,0,80.0,swarm
3026,2275,5,2018-03-26 15:21:43.590000+00:00,2018-04-08 05:34:28.230000+00:00,12.6,us2000dwar,2018-04-08 05:08:20.900000+00:00,5.2,13.8832,-91.5365,Guatemala,158.0,0,60.0,swarm
3027,2271,5,2018-03-22 00:44:43.810000+00:00,2018-03-29 11:13:08.030000+00:00,7.4,us1000d7ji,2018-03-22 16:05:40.880000+00:00,5.1,-15.1153,166.9555,Vanuatu,84.6,0,20.0,aftershock sequence
3028,2270,5,2018-03-17 05:23:54.320000+00:00,2018-03-27 07:59:34.250000+00:00,10.1,us1000d72a,2018-03-21 15:33:47.850000+00:00,5.2,1.4793,127.9345,Indonesia,153.0,0,40.0,swarm
3029,2269,5,2018-03-17 04:58:56.550000+00:00,2018-03-25 14:15:14.880000+00:00,8.4,us1000d8sa,2018-03-25 01:53:20.370000+00:00,5.2,-22.9187,-174.9273,Tonga,111.7,0,60.0,swarm
3030,2266,5,2018-02-21 14:53:07.510000+00:00,2018-03-02 14:21:38.080000+00:00,9.0,us2000damy,2018-03-02 02:20:12.280000+00:00,5.9,-6.1353,130.2782,Indonesia,143.0,0,60.0,swarm
3031,1603,5,2013-10-19 13:43:46.310000+00:00,2013-10-25 21:51:57.860000+00:00,6.3,usb000khl5,2013-10-20 13:16:38.680000+00:00,5.6,-56.5117,-25.6931,South Sandwich Islands,109.2,0,20.0,aftershock sequence
3032,1599,5,2013-10-04 17:26:13.620000+00:00,2013-10-04 18:26:18.230000+00:00,0.0,usb000k6nk,2013-10-04 17:26:13.620000+00:00,6.4,-38.6062,78.3693,Mid-Indian Ridge,60.9,0,0.0,aftershock sequence
3033,1598,5,2013-09-29 14:09:40.340000+00:00,2013-10-08 09:13:56.040000+00:00,8.8,usb000k520,2013-10-02 22:21:40.690000+00:00,4.6,-6.8584,129.7191,Banda Sea,123.7,0,40.0,swarm
3034,1597,5,2013-09-30 20:21:16.960000+00:00,2013-10-04 19:05:52.440000+00:00,3.9,usb000k41q,2013-10-01 19:41:31.890000+00:00,5.3,55.794,-34.761,Reykjanes Ridge,36.3,0,20.0,aftershock sequence
3035,3026,5,2023-01-16 21:57:39.008000+00:00,2023-01-18 05:00:09.114000+00:00,1.3,us7000j4sk,2023-01-16 21:57:39.008000+00:00,5.1,14.4132,122.9785,Philippines,25.2,0,0.0,aftershock sequence
3036,649,5,2006-06-25 03:30:07.720000+00:00,2006-07-02 00:35:54.330000+00:00,6.9,usp000em7d,2006-06-25 03:30:07.720000+00:00,4.6,-5.586,146.826,Papua New Guinea,111.5,0,0.0,aftershock sequence
3037,3016,5,2022-12-15 09:10:42.760000+00:00,2022-12-15 17:43:44.985000+00:00,0.4,us6000j9gr,2022-12-15 15:44:37.807000+00:00,5.0,-3.0409,142.2261,Papua New Guinea,18.5,0,20.0,aftershock sequence
3038,2263,5,2018-02-14 08:35:32.050000+00:00,2018-02-25 12:51:38.750000+00:00,11.2,us2000d1wu,2018-02-14 08:35:32.050000+00:00,5.0,15.5393,-95.6953,Mexico,166.4,0,0.0,aftershock sequence
3039,2258,5,2018-01-21 19:10:25.910000+00:00,2018-01-28 13:04:56.710000+00:00,6.7,us2000cmwv,2018-01-23 05:59:56.370000+00:00,5.2,-5.9035,154.7264,Papua New Guinea,142.6,0,20.0,aftershock sequence
3040,2253,5,2018-01-02 12:04:08.320000+00:00,2018-01-08 07:42:41.010000+00:00,5.8,us2000cl97,2018-01-07 02:21:47.830000+00:00,4.8,6.9714,127.534,Philippines,114.5,0,60.0,swarm
3041,2250,5,2018-01-04 17:19:53.140000+00:00,2018-01-10 05:17:47.110000+00:00,5.5,us1000c31m,2018-01-10 05:12:11.230000+00:00,5.1,-21.7678,169.1144,New Caledonia,69.7,0,60.0,swarm
3042,2249,5,2017-12-28 17:20:19.350000+00:00,2018-01-08 14:09:47.850000+00:00,10.9,us1000bx7a,2017-12-28 17:20:19.350000+00:00,5.7,4.0803,126.7919,Philippines,155.8,0,0.0,aftershock sequence
3043,1621,5,2013-11-22 06:51:25.060000+00:00,2013-11-24 18:05:41.670000+00:00,2.5,usb000l4lf,2013-11-22 18:30:58.010000+00:00,5.8,34.3083,45.6105,Iran,20.3,0,20.0,aftershock sequence
3044,1620,5,2013-11-14 18:13:53.150000+00:00,2013-11-26 06:15:57.160000+00:00,11.5,usb000l6sq,2013-11-20 15:41:25.320000+00:00,4.8,10.1317,124.3129,Philippines,130.3,0,40.0,swarm
3045,2228,5,2017-11-07 09:01:40.270000+00:00,2017-11-14 10:50:05.520000+00:00,7.1,us2000bjrq,2017-11-07 09:01:40.270000+00:00,5.7,-17.6808,-178.5471,Fiji,86.2,0,0.0,aftershock sequence
3046,1611,5,2013-11-03 12:16:56.220000+00:00,2013-11-12 16:01:02.230000+00:00,9.2,usb000ks31,2013-11-03 12:16:56.220000+00:00,5.4,26.0913,128.4171,Japan,78.9,0,0.0,aftershock sequence
3047,1610,5,2013-10-30 03:22:01.760000+00:00,2013-11-08 09:15:22.150000+00:00,9.2,usc000kra3,2013-10-30 03:22:01.760000+00:00,4.8,37.1118,141.2547,Japan,101.8,0,0.0,aftershock sequence
3048,1640,5,2013-12-24 22:41:57.610000+00:00,2014-01-01 14:39:26.570000+00:00,7.7,usc000luj7,2013-12-31 01:02:59.460000+00:00,5.1,36.6768,140.7171,Japan,174.1,0,60.0,swarm
3049,1639,5,2013-12-26 11:29:48.150000+00:00,2013-12-31 19:54:04.190000+00:00,5.4,usc000ltnq,2013-12-29 12:49:16.720000+00:00,5.5,-5.605,153.9863,Papua New Guinea,103.7,0,60.0,swarm
3050,1635,5,2013-12-14 22:29:20.800000+00:00,2013-12-23 13:16:57.120000+00:00,8.6,usc000lvp5,2013-12-19 15:42:58.990000+00:00,4.8,-25.0455,179.7513,Fiji Islands,97.9,0,40.0,swarm
3051,3014,5,2022-12-03 03:34:38.021000+00:00,2022-12-14 01:45:37.368000+00:00,10.9,us6000j830,2022-12-09 04:49:06.879000+00:00,5.2,-56.3735,-26.6644,South Sandwich Islands,86.9,0,20.0,aftershock sequence
3052,3077,5,2023-05-03 04:08:24.376000+00:00,2023-05-10 00:38:11.455000+00:00,6.9,us7000jxp5,2023-05-03 05:04:06.693000+00:00,4.9,28.1196,105.1572,China,15.1,0,20.0,aftershock sequence
3053,3068,5,2023-04-17 04:00:01.849000+00:00,2023-04-20 00:14:52.874000+00:00,2.8,us6000k500,2023-04-17 07:30:01.954000+00:00,4.9,-17.8321,167.5402,Vanuatu,62.0,0,20.0,aftershock sequence
3054,615,5,2006-04-06 11:03:06.650000+00:00,2006-04-16 12:42:59.020000+00:00,10.1,usp000edxt,2006-04-08 03:08:02.280000+00:00,5.3,-6.385,154.264,Papua New Guinea,79.7,0,40.0,swarm
3055,614,5,2006-04-01 02:36:35.640000+00:00,2006-04-13 15:54:14.680000+00:00,12.6,usp000eedy,2006-04-13 15:54:14.680000+00:00,4.8,5.036,94.386,Indonesia,87.4,0,80.0,swarm
3056,639,5,2006-05-30 02:24:07.130000+00:00,2006-06-09 11:16:16.540000+00:00,10.4,usp000ejtm,2006-06-06 07:13:14.950000+00:00,5.0,-32.103,-178.191,Kermadec Islands,113.4,0,40.0,swarm
3057,636,5,2006-05-27 07:05:25.540000+00:00,2006-06-06 15:04:20.450000+00:00,10.3,usp000ej4t,2006-05-28 03:12:08.760000+00:00,6.5,-5.724,151.133,Papua New Guinea,182.4,1,20.0,aftershock sequence
3058,3032,5,2023-01-28 18:14:45.855000+00:00,2023-01-29 15:13:25.532000+00:00,0.9,us6000jk0t,2023-01-28 18:14:45.855000+00:00,5.9,38.4199,44.9097,Iran,21.3,0,0.0,aftershock sequence
3059,3031,5,2023-01-24 19:33:16.087000+00:00,2023-02-02 02:59:22.930000+00:00,8.3,us6000jjcy,2023-01-26 10:45:52.834000+00:00,6.0,-30.2115,-178.6615,New Zealand,104.4,0,40.0,swarm
3060,3059,5,2023-03-23 02:36:05.959000+00:00,2023-04-03 04:40:05.358000+00:00,11.1,us6000k1n8,2023-04-03 04:40:05.358000+00:00,5.2,-58.554,-25.0158,South Sandwich Islands,168.5,0,80.0,swarm
3061,3056,5,2023-03-14 10:23:51.692000+00:00,2023-03-21 14:40:30.688000+00:00,7.2,us7000jl3d,2023-03-18 16:30:45.629000+00:00,4.9,2.3089,128.7618,Indonesia,88.9,0,40.0,swarm
3062,3052,5,2023-03-08 16:10:50.651000+00:00,2023-03-14 10:01:14.443000+00:00,5.7,us7000ji6x,2023-03-08 16:10:50.651000+00:00,4.9,51.4801,159.8688,Russia,21.1,0,0.0,aftershock sequence
3063,3050,5,2023-02-27 18:46:06.643000+00:00,2023-03-09 02:35:35.260000+00:00,9.3,us7000jg2l,2023-02-27 18:46:06.643000+00:00,5.2,12.7603,-87.9127,Nicaragua,90.2,0,0.0,aftershock sequence
3064,659,5,2006-07-04 14:34:38.880000+00:00,2006-07-17 20:41:13.920000+00:00,13.3,usp000enwh,2006-07-17 20:41:13.920000+00:00,5.3,0.333,96.923,Indonesia,121.1,0,80.0,swarm
3065,654,5,2006-06-28 13:00:25.300000+00:00,2006-07-10 13:10:04.380000+00:00,12.0,usp000emxj,2006-07-05 03:44:10.270000+00:00,5.6,-20.565,-174.125,Tonga,95.8,0,60.0,swarm
3066,653,5,2006-06-30 08:07:40.110000+00:00,2006-07-07 22:32:23.460000+00:00,7.6,usp000emmm,2006-06-30 08:07:40.110000+00:00,5.6,-6.257,154.799,Papua New Guinea,67.7,0,0.0,aftershock sequence
3067,650,5,2006-06-22 19:20:55.440000+00:00,2006-07-03 11:22:01.280000+00:00,10.7,usp000em0w,2006-06-22 19:20:55.440000+00:00,5.4,-3.035,127.196,Indonesia,35.4,0,0.0,aftershock sequence
3068,597,5,2006-02-28 19:14:43.520000+00:00,2006-03-07 02:34:32.400000+00:00,6.3,usp000ebkb,2006-03-07 01:46:25.750000+00:00,5.3,-4.484,152.374,Papua New Guinea,87.0,0,60.0,swarm
3069,594,5,2006-02-12 17:40:18.630000+00:00,2006-02-19 23:47:30.970000+00:00,7.3,usp000eaa9,2006-02-18 15:59:22.090000+00:00,6.2,-5.193,152.053,Papua New Guinea,51.4,0,20.0,aftershock sequence
3070,3046,5,2023-03-01 22:28:26.500000+00:00,2023-03-04 02:31:19.572000+00:00,2.2,us7000jgrg,2023-03-02 05:42:02.928000+00:00,5.2,-55.0543,-31.5432,South Georgia Island,19.3,0,40.0,swarm
3071,3045,5,2023-02-25 18:25:48.671000+00:00,2023-03-02 20:00:04.031000+00:00,5.1,us7000jh3x,2023-02-25 18:25:48.671000+00:00,5.0,-11.2217,165.6226,Solomon Islands,92.9,0,0.0,aftershock sequence
3072,3039,5,2023-02-11 16:47:11.898000+00:00,2023-02-22 09:34:03.470000+00:00,10.7,us6000jqrr,2023-02-22 09:34:03.470000+00:00,5.6,-7.0256,129.5058,Indonesia,113.4,0,80.0,swarm
3073,628,5,2006-05-11 22:58:12.190000+00:00,2006-05-14 01:20:06.950000+00:00,2.1,usp000eh25,2006-05-14 01:20:06.950000+00:00,4.9,-11.241,116.009,Indonesia,3.4,0,80.0,swarm
3074,1634,5,2013-12-16 01:23:59.760000+00:00,2013-12-23 15:45:47.020000+00:00,7.6,usc000lnj6,2013-12-19 21:34:12.610000+00:00,5.7,-6.9084,128.3228,Timor Leste,75.1,0,40.0,swarm
3075,1631,5,2013-12-16 12:04:04.430000+00:00,2013-12-16 14:19:22.300000+00:00,0.1,usc000llgl,2013-12-16 12:28:31.940000+00:00,5.2,-47.1806,-13.392,Mid-Atlantic Ridge,18.8,0,60.0,swarm
3076,1630,5,2013-12-03 09:16:43.550000+00:00,2013-12-15 15:35:15.130000+00:00,12.3,usb000l9xu,2013-12-03 09:16:43.550000+00:00,5.1,36.492,141.7115,Japan,68.0,0,0.0,aftershock sequence
3077,1628,5,2013-12-02 20:38:01.730000+00:00,2013-12-09 00:03:20.300000+00:00,6.1,usb000ldw9,2013-12-09 00:03:20.300000+00:00,5.1,-15.5806,-173.2667,Tonga,94.3,0,80.0,swarm
3078,2246,5,2017-12-24 15:42:39.570000+00:00,2018-01-02 00:09:46.830000+00:00,8.4,us1000bwa6,2017-12-26 08:08:20.830000+00:00,4.8,36.562,70.9416,Afghanistan,62.6,0,20.0,aftershock sequence
3079,2244,5,2017-12-20 20:01:05.290000+00:00,2017-12-26 15:32:59.380000+00:00,5.8,us1000c0pw,2017-12-20 20:01:05.290000+00:00,4.7,34.4279,45.7971,Iran,77.2,0,0.0,aftershock sequence
3080,2241,5,2017-12-14 04:28:42.510000+00:00,2017-12-22 00:56:52.510000+00:00,7.9,us1000c130,2017-12-21 15:08:46.440000+00:00,5.1,-16.3069,-172.8918,Tonga,144.2,0,60.0,swarm
3081,2236,5,2017-12-03 15:26:48.690000+00:00,2017-12-11 19:16:37.850000+00:00,8.2,us2000c1xc,2017-12-08 02:09:57.430000+00:00,5.9,-30.5548,-178.4924,New Zealand,81.0,0,40.0,swarm
3082,2235,5,2017-12-01 20:17:06.980000+00:00,2017-12-11 14:42:40.930000+00:00,9.8,us2000c2ue,2017-12-11 14:09:57.360000+00:00,5.4,35.0786,45.7614,Iraq,97.9,0,60.0,swarm
3083,2234,5,2017-11-23 08:39:12.490000+00:00,2017-11-30 17:57:59.230000+00:00,7.4,us1000bjab,2017-11-30 11:47:46.630000+00:00,5.0,-20.6292,-173.7336,Tonga,70.4,0,60.0,swarm
3084,611,5,2006-03-29 22:40:42.090000+00:00,2006-04-05 13:39:18.510000+00:00,6.6,usp000ed8e,2006-03-30 02:14:02.480000+00:00,4.9,-5.272,152.088,Papua New Guinea,125.9,0,20.0,aftershock sequence
3085,603,5,2006-03-14 13:11:18.090000+00:00,2006-03-15 06:01:08.090000+00:00,0.7,usp000ec6e,2006-03-15 05:27:54.370000+00:00,5.6,-16.871,167.242,Vanuatu,50.0,0,60.0,swarm
3086,3064,5,2023-04-04 09:27:13.888000+00:00,2023-04-10 23:58:13.660000+00:00,6.6,us6000k3ds,2023-04-10 23:58:13.660000+00:00,5.1,-15.1759,167.5134,Vanuatu,114.9,0,80.0,swarm
3087,3061,5,2023-04-04 12:54:31.503000+00:00,2023-04-05 18:45:09.107000+00:00,1.2,us6000k1x2,2023-04-04 12:54:31.503000+00:00,6.2,13.7318,125.5376,Philippines,21.7,0,0.0,aftershock sequence
3088,1644,5,2013-12-28 18:24:58.160000+00:00,2014-01-10 01:32:31.380000+00:00,12.3,usc000ltd3,2013-12-28 18:24:58.160000+00:00,4.8,-20.0151,-177.4439,Tonga,102.1,0,0.0,aftershock sequence
3089,1643,5,2013-12-31 14:21:08.400000+00:00,2014-01-03 20:58:49.040000+00:00,3.3,usc000lw85,2014-01-03 14:17:50.680000+00:00,4.8,-5.8842,103.4526,Indonesia,79.9,0,60.0,swarm
3090,2231,5,2017-11-06 12:03:11.400000+00:00,2017-11-19 10:00:35.760000+00:00,12.9,us2000bj6m,2017-11-06 12:03:11.400000+00:00,4.7,-23.7443,-179.8609,Fiji Islands,128.4,0,0.0,aftershock sequence
3091,2194,5,2017-07-29 18:46:12.310000+00:00,2017-08-07 06:36:08.940000+00:00,8.5,us2000a5g1,2017-08-07 06:26:43.700000+00:00,5.8,-5.4347,151.5815,Papua New Guinea,83.2,0,40.0,swarm
3092,1669,5,2014-02-13 01:41:04.500000+00:00,2014-02-20 05:18:22.650000+00:00,7.2,usc000mu5l,2014-02-20 05:18:22.650000+00:00,5.2,-32.3045,-178.8149,Kermadec Islands,96.9,0,80.0,swarm
3093,1667,5,2014-02-04 00:35:31.890000+00:00,2014-02-14 18:54:24.560000+00:00,10.8,usc000mkcq,2014-02-07 17:18:34.490000+00:00,5.2,37.5618,141.3625,Japan,128.9,0,40.0,swarm
3094,1665,5,2014-01-30 04:45:51.920000+00:00,2014-02-09 13:05:22.990000+00:00,10.3,usc000mgux,2014-02-04 06:55:44.450000+00:00,5.0,-18.051,-175.3011,Tonga,90.3,0,60.0,swarm
3095,1659,5,2014-01-25 05:14:18.510000+00:00,2014-02-02 11:12:36.390000+00:00,8.2,usb000m7wd,2014-01-25 05:14:18.510000+00:00,6.1,-7.9855,109.2653,Indonesia,27.6,0,0.0,aftershock sequence
3096,3085,5,2023-05-16 15:23:08.880000+00:00,2023-05-21 05:14:27.295000+00:00,4.6,us6000kcss,2023-05-18 11:56:17.006000+00:00,5.2,-55.7305,-27.0087,South Sandwich Islands,71.5,0,40.0,swarm
3097,3082,5,2023-05-07 02:39:58.456000+00:00,2023-05-12 15:01:51.784000+00:00,5.5,us6000kbcl,2023-05-12 08:02:31.700000+00:00,5.5,12.4049,144.1714,Guam,78.8,0,60.0,swarm
3098,3081,5,2023-05-09 08:35:32.541000+00:00,2023-05-18 09:45:48.481000+00:00,9.0,us6000kb2y,2023-05-11 12:03:17.739000+00:00,5.0,55.361,163.0409,Russia,12.3,0,40.0,swarm
3099,598,5,2006-03-01 11:04:12.190000+00:00,2006-03-06 03:11:24.760000+00:00,4.7,usp000eb3e,2006-03-01 11:04:12.190000+00:00,5.8,13.459,120.515,Philippines,35.0,0,0.0,aftershock sequence
3100,544,5,2005-09-08 04:52:34.350000+00:00,2005-09-09 04:19:58.240000+00:00,1.0,usp000dyzd,2005-09-08 05:55:41.560000+00:00,5.2,21.317,-45.805,Mid-Atlantic Ridge,30.5,0,20.0,aftershock sequence
3101,543,5,2005-09-06 22:32:31.160000+00:00,2005-09-12 03:01:33.190000+00:00,5.2,usp000dz3r,2005-09-09 15:55:24.550000+00:00,5.2,-11.802,166.283,Solomon Islands,105.3,0,20.0,aftershock sequence
3102,542,5,2005-09-05 00:24:42.620000+00:00,2005-09-08 18:00:50.500000+00:00,3.7,usp000dywf,2005-09-06 21:13:54.290000+00:00,5.3,-7.312,128.826,Timor Leste,82.3,0,20.0,aftershock sequence
3103,593,5,2006-02-10 07:50:43.420000+00:00,2006-02-18 06:31:40.880000+00:00,7.9,usp000ea97,2006-02-18 06:31:40.880000+00:00,5.0,13.497,144.48,Guam,112.6,0,80.0,swarm
3104,592,5,2006-02-13 17:59:31.440000+00:00,2006-02-13 18:19:08.020000+00:00,0.0,usp000ea0y,2006-02-13 18:08:47.740000+00:00,5.3,59.506,-30.3,Reykjanes Ridge,16.2,0,20.0,aftershock sequence
3105,591,5,2006-02-03 04:37:36.360000+00:00,2006-02-03 06:10:06.050000+00:00,0.1,usp000e9cg,2006-02-03 04:37:36.360000+00:00,5.7,36.156,141.449,Japan,47.4,0,0.0,aftershock sequence
3106,588,5,2006-01-22 11:37:24.450000+00:00,2006-01-29 08:26:25.550000+00:00,6.9,usp000e8np,2006-01-22 11:37:24.450000+00:00,5.2,-23.017,-178.05,Fiji Islands,113.8,0,0.0,aftershock sequence
3107,3078,5,2023-05-04 00:49:04.476000+00:00,2023-05-08 17:13:40.068000+00:00,4.7,us6000k9d5,2023-05-04 00:49:04.476000+00:00,5.4,17.4696,122.3465,Philippines,7.5,0,0.0,aftershock sequence
3108,583,5,2006-01-04 01:05:08.770000+00:00,2006-01-04 09:17:54.800000+00:00,0.3,usp000e7jp,2006-01-04 08:32:32.400000+00:00,6.6,28.164,-112.117,Mexico,38.8,1,60.0,swarm
3109,582,5,2005-12-31 03:19:36.560000+00:00,2006-01-07 00:13:55.440000+00:00,6.9,usp000e798,2005-12-31 09:29:27.350000+00:00,5.2,-27.18,-176.434,Kermadec Islands,82.3,0,20.0,aftershock sequence
3110,580,5,2005-12-27 16:56:13.480000+00:00,2006-01-02 21:38:44.040000+00:00,6.2,usp000e71k,2005-12-27 16:56:13.480000+00:00,4.7,36.467,70.663,Afghanistan,83.3,0,0.0,aftershock sequence
3111,579,5,2005-12-19 09:04:29.600000+00:00,2005-12-28 22:08:18.850000+00:00,9.5,usp000e6ub,2005-12-25 08:02:05.630000+00:00,5.2,34.621,73.237,Pakistan,71.8,0,20.0,aftershock sequence
3112,576,5,2005-12-13 08:43:57.550000+00:00,2005-12-24 13:00:15.380000+00:00,11.2,usp000e6sh,2005-12-24 13:00:15.380000+00:00,4.8,-21.88,-179.481,Fiji,139.4,0,80.0,swarm
3113,574,5,2005-12-12 04:06:55.970000+00:00,2005-12-21 23:31:36.870000+00:00,9.8,usp000e66h,2005-12-15 12:59:24.810000+00:00,5.0,-23.841,-66.588,Argentina,65.3,0,60.0,swarm
3114,573,5,2005-12-14 06:45:41.940000+00:00,2005-12-17 23:24:48.040000+00:00,3.7,usp000e644,2005-12-14 06:45:41.940000+00:00,5.6,-14.596,167.928,Vanuatu,52.0,0,0.0,aftershock sequence
3115,612,5,2006-03-25 18:10:49.590000+00:00,2006-04-02 00:21:20.310000+00:00,7.3,usp000edc9,2006-03-31 21:14:45.200000+00:00,6.2,3.798,126.344,Philippines,47.3,0,20.0,aftershock sequence
3116,3095,5,2023-06-13 10:06:45.544000+00:00,2023-06-23 19:06:16.025000+00:00,10.4,us7000k98q,2023-06-17 18:44:57.573000+00:00,5.7,-14.9328,-173.2694,Tonga,96.6,0,40.0,swarm
3117,3090,5,2023-06-02 13:53:31.479000+00:00,2023-06-03 23:01:48.458000+00:00,1.4,us7000k5zk,2023-06-03 01:44:28.193000+00:00,5.0,-18.4392,168.1268,Vanuatu,25.2,0,60.0,swarm
3118,2215,5,2017-09-20 12:25:51.070000+00:00,2017-09-26 19:08:18.460000+00:00,6.3,us2000av22,2017-09-26 19:08:18.460000+00:00,5.4,1.2072,132.6936,Palau,19.6,0,80.0,swarm
3119,2213,5,2017-09-12 19:09:11.700000+00:00,2017-09-12 23:10:35.180000+00:00,0.2,us2000al3g,2017-09-12 21:04:06.670000+00:00,4.9,58.0645,-32.3689,Reykjanes Ridge,7.0,0,20.0,aftershock sequence
3120,2212,5,2017-09-04 17:42:01.740000+00:00,2017-09-15 12:35:10.170000+00:00,10.8,us2000ahm8,2017-09-07 17:36:15.020000+00:00,5.0,-25.7528,-179.9352,Fiji Islands,167.4,0,40.0,swarm
3121,2207,5,2017-09-02 16:50:53.440000+00:00,2017-09-05 18:43:13.080000+00:00,3.1,us2000arud,2017-09-05 17:51:59.650000+00:00,4.9,-55.8715,-26.0768,South Sandwich Islands,61.8,0,40.0,swarm
3122,2206,5,2017-08-27 04:17:51+00:00,2017-09-07 03:21:33.510000+00:00,11.0,us2000ac7a,2017-08-27 04:17:51+00:00,6.3,-1.4525,148.08,Papua New Guinea,33.7,0,0.0,aftershock sequence
3123,2204,5,2017-08-29 08:43:07.630000+00:00,2017-09-04 00:14:11.190000+00:00,5.6,us2000ad3j,2017-08-30 08:03:42.440000+00:00,5.2,12.9924,145.6228,Guam,91.4,0,40.0,swarm
3124,2202,5,2017-08-18 15:16:58.180000+00:00,2017-08-31 18:14:16.940000+00:00,13.1,us2000ad4p,2017-08-30 13:22:26.190000+00:00,4.7,-23.8527,179.9185,Fiji Islands,67.5,0,60.0,swarm
3125,1688,5,2014-04-09 17:59:26.260000+00:00,2014-04-09 20:38:54.480000+00:00,0.1,usc000pffe,2014-04-09 20:30:41.200000+00:00,5.4,-54.1426,-133.9387,Pacific-Antarctic Ridge,10.2,0,60.0,swarm
3126,1686,5,2014-03-19 01:42:52.690000+00:00,2014-03-28 10:24:12.500000+00:00,9.4,usc000nugd,2014-03-28 10:24:12.500000+00:00,5.2,37.2444,71.2425,Tajikistan,101.4,0,80.0,swarm
3127,1685,5,2014-03-17 03:20:32.480000+00:00,2014-03-25 19:38:13.550000+00:00,8.7,usc000nuxd,2014-03-21 07:14:04.570000+00:00,4.8,-32.8953,-177.8015,Kermadec Islands,99.4,0,40.0,swarm
3128,1679,5,2014-03-06 14:31:44.360000+00:00,2014-03-11 16:13:53.930000+00:00,5.1,usc000n42q,2014-03-06 14:31:44.360000+00:00,5.0,-21.4431,-178.8219,Fiji,154.4,0,0.0,aftershock sequence
3129,522,5,2005-06-25 08:25:27.760000+00:00,2005-07-02 04:11:04.080000+00:00,6.8,usp000dubj,2005-07-02 02:16:43.700000+00:00,6.6,11.245,-86.172,Nicaragua,101.7,1,20.0,aftershock sequence
3130,552,5,2005-09-24 13:28:16.230000+00:00,2005-10-04 02:54:45.430000+00:00,9.6,usp000e0a9,2005-09-26 11:46:01.290000+00:00,4.9,43.942,149.164,Russia,94.7,0,20.0,aftershock sequence
3131,548,5,2005-09-14 09:52:07.980000+00:00,2005-09-25 16:23:19.060000+00:00,11.3,usp000dzmy,2005-09-17 23:50:20.870000+00:00,4.7,-24.351,179.848,Fiji Islands,85.2,0,20.0,aftershock sequence
3132,501,5,2005-04-09 16:18:18.090000+00:00,2005-04-18 12:01:25.740000+00:00,8.8,usp000dn2k,2005-04-11 17:08:53.940000+00:00,6.7,-21.975,170.612,New Caledonia,98.7,1,40.0,swarm
3133,500,5,2005-04-07 20:04:41.060000+00:00,2005-04-10 05:59:43.520000+00:00,2.4,usp000dmht,2005-04-07 20:04:41.060000+00:00,6.3,30.491,83.662,Nepal,20.7,0,0.0,aftershock sequence
3134,497,5,2005-03-31 01:26:46.070000+00:00,2005-04-03 08:16:44.780000+00:00,3.3,usp000dkqy,2005-03-31 01:26:46.070000+00:00,5.0,-3.848,152.549,Papua New Guinea,167.3,0,0.0,aftershock sequence
3135,493,5,2005-03-13 22:33:05.020000+00:00,2005-03-26 02:42:04.360000+00:00,12.2,usp000dj52,2005-03-13 22:33:05.020000+00:00,5.4,-15.215,-173.462,Tonga,48.2,0,0.0,aftershock sequence
3136,491,5,2005-03-16 13:23:32.570000+00:00,2005-03-19 01:51:14.390000+00:00,2.5,usp000djav,2005-03-16 13:23:32.570000+00:00,5.4,43.466,146.894,Russia,94.4,0,0.0,aftershock sequence
3137,3103,5,2023-07-05 07:46:57.217000+00:00,2023-07-09 22:22:59.149000+00:00,4.6,us6000kr82,2023-07-09 22:22:59.149000+00:00,5.2,64.0461,-22.1636,Iceland,4.7,0,80.0,swarm
3138,3098,5,2023-06-21 03:34:52.277000+00:00,2023-06-21 04:10:53.045000+00:00,0.0,us7000ka0y,2023-06-21 04:10:53.045000+00:00,5.5,-12.7671,-14.7485,Mid-Atlantic Ridge,43.1,0,80.0,swarm
3139,561,5,2005-10-29 01:05:11.350000+00:00,2005-10-31 13:14:14.810000+00:00,2.5,usp000e31x,2005-10-29 01:09:51.190000+00:00,5.1,2.639,126.986,Indonesia,20.0,0,20.0,aftershock sequence
3140,558,5,2005-10-17 05:45:16+00:00,2005-10-20 21:40:04.090000+00:00,3.7,usp000e2bq,2005-10-20 21:40:04.090000+00:00,5.9,38.152,26.751,Turkey,22.6,0,80.0,swarm
3141,3130,5,2023-09-28 00:08:01.049000+00:00,2023-09-30 12:33:29.966000+00:00,2.5,us6000lbb9,2023-09-28 00:08:01.049000+00:00,4.6,2.6204,66.3947,Carlsberg Ridge,23.1,0,0.0,aftershock sequence
3142,513,5,2005-06-03 08:41:22.730000+00:00,2005-06-14 10:45:47.040000+00:00,11.1,usp000dstt,2005-06-12 19:26:24.800000+00:00,6.0,-56.293,-27.075,South Sandwich Islands,155.9,0,60.0,swarm
3143,512,5,2005-06-01 13:56:21.880000+00:00,2005-06-10 22:46:05.520000+00:00,9.4,usp000ds0p,2005-06-01 17:11:20.240000+00:00,5.2,-32.754,-179.177,Kermadec Islands,98.4,0,20.0,aftershock sequence
3144,510,5,2005-05-23 15:10:35.890000+00:00,2005-05-29 08:51:52.220000+00:00,5.7,usp000drt2,2005-05-29 08:40:50.410000+00:00,5.1,51.235,179.589,Alaska,78.5,0,40.0,swarm
3145,509,5,2005-05-15 19:55:06.330000+00:00,2005-05-24 19:14:34.470000+00:00,9.0,usp000dr3a,2005-05-18 09:02:10.180000+00:00,5.0,-6.959,129.564,Banda Sea,80.6,0,60.0,swarm
3146,572,5,2005-12-04 21:49:35.740000+00:00,2005-12-15 20:08:37.390000+00:00,10.9,usp000e5wx,2005-12-10 08:24:13.330000+00:00,5.6,-24.599,179.948,Fiji Islands,98.7,0,60.0,swarm
3147,3096,5,2023-06-19 01:40:24.074000+00:00,2023-06-22 00:12:56.808000+00:00,2.9,us7000k9he,2023-06-19 01:40:24.074000+00:00,5.6,15.2546,96.2895,Myanmar,23.4,0,0.0,aftershock sequence
3148,3117,5,2023-08-06 01:44:34.949000+00:00,2023-08-12 13:20:17.303000+00:00,6.5,us6000ky96,2023-08-06 10:09:22.344000+00:00,5.3,-1.0804,120.281,Indonesia,114.1,0,40.0,swarm
3149,536,5,2005-08-04 09:26:52.810000+00:00,2005-08-15 10:49:37.880000+00:00,11.1,usp000dwxu,2005-08-08 08:33:56.730000+00:00,5.9,-3.795,140.156,Indonesia,15.5,0,20.0,aftershock sequence
3150,532,5,2005-07-28 16:30:30.910000+00:00,2005-07-31 22:06:53.270000+00:00,3.2,usp000dwdp,2005-07-31 22:06:53.270000+00:00,5.1,-0.063,123.722,Indonesia,168.9,0,80.0,swarm
3151,3146,5,2023-11-07 05:49:51.636000+00:00,2023-11-07 10:13:10.736000+00:00,0.2,us7000l9az,2023-11-07 07:47:05.435000+00:00,5.5,-8.275,160.8708,Solomon Islands,17.8,0,40.0,swarm
3152,502,5,2005-04-15 03:22:03.630000+00:00,2005-04-27 17:58:23.640000+00:00,12.6,usp000dnyf,2005-04-22 00:11:29.590000+00:00,4.8,-5.414,147.306,Papua New Guinea,54.5,0,40.0,swarm
3153,1678,5,2014-02-28 19:41:15.090000+00:00,2014-03-10 22:30:43.130000+00:00,10.1,usc000n4rt,2014-03-07 10:04:52.740000+00:00,5.7,-28.152,-176.6437,Kermadec Islands,130.1,0,20.0,aftershock sequence
3154,1677,5,2014-02-27 16:15:30.210000+00:00,2014-03-10 17:31:31.880000+00:00,11.1,usc000n6pi,2014-03-10 17:31:31.880000+00:00,5.0,-6.9663,129.8413,Banda Sea,94.2,0,80.0,swarm
3155,1676,5,2014-03-02 10:07:48.380000+00:00,2014-03-02 17:03:41.700000+00:00,0.3,usb000mzjs,2014-03-02 17:03:41.700000+00:00,5.4,-45.7209,-76.609,Chile,13.1,0,80.0,swarm
3156,2198,5,2017-08-08 23:27:53.080000+00:00,2017-08-09 05:22:42.620000+00:00,0.2,us2000a65e,2017-08-08 23:27:53.080000+00:00,6.3,44.3023,82.8317,China,7.9,0,0.0,aftershock sequence
3157,2197,5,2017-08-08 13:19:49.540000+00:00,2017-08-09 21:05:57.870000+00:00,1.3,us2000a5x1,2017-08-08 13:19:49.540000+00:00,6.5,33.1926,103.8552,China,18.7,1,0.0,aftershock sequence
3158,2196,5,2017-08-01 08:54:49.890000+00:00,2017-08-12 18:09:36+00:00,11.4,us2000a7m3,2017-08-12 18:09:36+00:00,5.2,-4.2405,152.9065,Papua New Guinea,166.4,0,80.0,swarm
3159,2195,5,2017-08-02 19:01:27.380000+00:00,2017-08-13 06:19:26.730000+00:00,10.5,us2000a5ds,2017-08-06 19:56:57.080000+00:00,5.1,-5.8903,-12.633,Saint Helena,27.9,0,60.0,swarm
3160,2192,5,2017-07-16 17:06:43.140000+00:00,2017-07-24 06:08:13.740000+00:00,7.5,us20009wu6,2017-07-17 01:20:32.170000+00:00,5.7,-20.3736,-173.3744,Tonga,125.7,0,20.0,aftershock sequence
3161,2191,5,2017-07-18 10:13:54.740000+00:00,2017-07-21 22:09:24.500000+00:00,3.5,us20009zhh,2017-07-21 22:09:24.500000+00:00,4.9,-55.7939,-28.1412,South Sandwich Islands,103.1,0,80.0,swarm
3162,1703,5,2014-05-13 06:35:24.240000+00:00,2014-05-15 05:07:19.790000+00:00,1.9,usb000qk64,2014-05-13 06:35:24.240000+00:00,6.5,7.2096,-82.3045,Panama,51.2,1,0.0,aftershock sequence
3163,1702,5,2014-05-07 00:55:23.200000+00:00,2014-05-10 17:26:33.900000+00:00,3.7,usb000qea2,2014-05-08 17:00:14.810000+00:00,6.4,17.2349,-100.7461,Mexico,75.9,0,20.0,aftershock sequence
3164,485,5,2005-03-01 03:34:35.020000+00:00,2005-03-02 00:27:42.550000+00:00,0.9,usp000dhau,2005-03-01 23:57:01.550000+00:00,5.6,-24.964,-112.124,Easter Island,27.2,0,40.0,swarm
3165,1699,5,2014-04-27 08:21:11.980000+00:00,2014-05-07 19:58:19.490000+00:00,10.5,usb000q272,2014-04-28 11:59:53.690000+00:00,4.8,-17.6395,-178.8545,Fiji,48.6,0,20.0,aftershock sequence
3166,1697,5,2014-04-20 14:09:16.670000+00:00,2014-04-26 18:58:26.740000+00:00,6.2,usb000qq9g,2014-04-20 14:09:16.670000+00:00,4.7,-31.4709,-178.2808,Kermadec Islands,165.6,0,0.0,aftershock sequence
3167,2183,5,2017-06-29 00:30:40.890000+00:00,2017-06-30 15:22:28.930000+00:00,1.6,us1000954x,2017-06-29 06:52:49.430000+00:00,4.7,28.7528,128.5311,Japan,20.3,0,40.0,swarm
3168,2182,5,2017-06-15 10:41:00.220000+00:00,2017-06-20 13:02:29.380000+00:00,5.1,us20009npn,2017-06-20 12:54:35.910000+00:00,5.3,-56.2587,-27.0145,South Sandwich Islands,95.7,0,60.0,swarm
3169,2176,5,2017-05-14 02:01:48.570000+00:00,2017-05-26 05:22:33.640000+00:00,12.1,us10008ve3,2017-05-25 21:09:53.900000+00:00,4.9,-15.1249,-173.2316,Tonga,71.9,0,60.0,swarm
3170,2172,5,2017-05-09 01:54:14.550000+00:00,2017-05-11 20:54:26.380000+00:00,2.8,us10008qnw,2017-05-09 01:54:14.550000+00:00,6.0,24.45,126.3174,Japan,89.7,0,0.0,aftershock sequence
3171,1720,5,2014-06-06 02:58:36.350000+00:00,2014-06-07 04:19:35.470000+00:00,1.1,usc000rce2,2014-06-07 04:19:35.470000+00:00,4.9,14.5935,54.8443,Yemen,15.8,0,80.0,swarm
3172,1719,5,2014-05-31 20:07:13.230000+00:00,2014-06-07 18:23:02.740000+00:00,6.9,usc000rhe4,2014-06-01 14:03:20.170000+00:00,4.7,-24.4113,179.9278,Fiji Islands,95.5,0,20.0,aftershock sequence
3173,1714,5,2014-05-25 18:50:53.280000+00:00,2014-06-04 04:17:10.940000+00:00,9.4,usc000r9tg,2014-06-01 11:31:52.720000+00:00,4.9,5.4949,126.5452,Philippines,83.0,0,60.0,swarm
3174,483,5,2005-02-22 17:12:00.640000+00:00,2005-03-04 10:33:04.620000+00:00,9.7,usp000dgrk,2005-02-22 17:12:00.640000+00:00,5.5,10.829,91.772,India,106.9,0,0.0,aftershock sequence
3175,481,5,2005-02-22 23:14:17.820000+00:00,2005-02-24 20:33:46.050000+00:00,1.9,usp000dgrz,2005-02-22 23:14:17.820000+00:00,5.4,-65.71,133.289,Australia,22.3,0,0.0,aftershock sequence
3176,480,5,2005-02-14 16:15:25.660000+00:00,2005-02-24 14:59:17.110000+00:00,9.9,usp000dg4r,2005-02-14 16:15:25.660000+00:00,4.7,7.656,92.257,India,87.0,0,0.0,aftershock sequence
3177,473,5,2005-01-25 00:03:53.890000+00:00,2005-01-25 11:39:20.910000+00:00,0.5,usp000deag,2005-01-25 11:39:20.910000+00:00,5.0,33.388,45.872,Iran,59.6,0,80.0,swarm
3178,3119,5,2023-08-15 15:00:43.545000+00:00,2023-08-16 18:43:47.165000+00:00,1.2,us7000knrv,2023-08-16 15:02:40.455000+00:00,5.3,49.3209,156.0464,Russia,23.1,0,40.0,swarm
3179,3118,5,2023-08-08 15:31:18.374000+00:00,2023-08-11 17:22:24.586000+00:00,3.1,us6000kynh,2023-08-08 15:31:18.374000+00:00,5.5,-5.4436,34.9505,Tanzania,16.2,0,0.0,aftershock sequence
3180,3191,5,2024-02-02 20:11:25.772000+00:00,2024-02-15 12:21:14.224000+00:00,12.7,us7000lxye,2024-02-09 09:18:58.560000+00:00,4.9,-17.5206,-178.7123,Fiji,88.7,0,60.0,swarm
3181,3190,5,2024-02-08 17:17:37.824000+00:00,2024-02-09 07:47:58.756000+00:00,0.6,us7000lxv1,2024-02-08 21:29:14.887000+00:00,5.0,1.6386,-30.5947,Mid-Atlantic Ridge,14.8,0,60.0,swarm
3182,3157,5,2023-12-01 17:58:56.596000+00:00,2023-12-03 02:39:55.888000+00:00,1.4,us7000lfqm,2023-12-03 02:39:55.888000+00:00,5.2,-2.7823,129.3648,Indonesia,45.4,0,80.0,swarm
3183,3156,5,2023-11-28 00:19:27.294000+00:00,2023-12-05 12:36:38.296000+00:00,7.5,us7000lgee,2023-12-05 12:36:38.296000+00:00,5.1,2.5629,128.2423,Indonesia,101.6,0,80.0,swarm
3184,3155,5,2023-11-27 21:46:42.183000+00:00,2023-11-28 17:25:28.860000+00:00,0.8,us7000le6w,2023-11-27 21:46:42.183000+00:00,6.5,-3.5605,144.0313,Papua New Guinea,39.3,1,0.0,aftershock sequence
3185,3153,5,2023-11-25 17:33:01.138000+00:00,2023-11-28 02:41:20.792000+00:00,2.4,us7000lewv,2023-11-26 22:52:59.411000+00:00,4.7,-54.1031,141.1926,Macquarie Island,56.9,0,40.0,swarm
3186,3150,5,2023-11-14 00:10:14.942000+00:00,2023-11-23 03:24:33.295000+00:00,9.1,us6000lp12,2023-11-17 08:14:10.513000+00:00,6.7,5.5627,125.0013,Philippines,81.8,1,20.0,aftershock sequence
3187,3148,5,2023-11-07 12:48:30.616000+00:00,2023-11-17 02:22:37.420000+00:00,9.6,us6000lq3g,2023-11-17 02:22:37.420000+00:00,4.7,12.1876,143.745,Guam,96.3,0,80.0,swarm
3188,467,5,2005-01-05 00:04:03.630000+00:00,2005-01-18 00:37:36.090000+00:00,13.0,usp000dcju,2005-01-05 00:04:03.630000+00:00,4.8,-20.151,-177.67,Tonga,119.3,0,0.0,aftershock sequence
3189,461,5,2004-12-17 21:54:50.340000+00:00,2004-12-20 07:39:28.580000+00:00,2.4,usp000daz4,2004-12-18 17:15:26.430000+00:00,5.8,-16.052,-174.785,Tonga,98.8,0,60.0,swarm
3190,460,5,2004-12-13 12:00:12.420000+00:00,2004-12-21 17:01:20.870000+00:00,8.2,usp000dam2,2004-12-13 12:00:12.420000+00:00,5.5,-8.059,125.068,Timor Leste,61.5,0,0.0,aftershock sequence
3191,459,5,2004-12-09 02:35:18.770000+00:00,2004-12-18 21:40:15.820000+00:00,9.8,usp000dauf,2004-12-16 16:38:50.660000+00:00,4.9,-6.326,150.171,Papua New Guinea,105.2,0,60.0,swarm
3192,3175,5,2024-01-07 21:41:05.926000+00:00,2024-01-15 05:47:12.445000+00:00,7.3,us6000m2nr,2024-01-09 07:53:21.240000+00:00,5.6,-20.8063,-173.6067,Tonga,96.8,0,40.0,swarm
3193,489,5,2005-03-07 20:00:24.270000+00:00,2005-03-10 18:04:53.660000+00:00,2.9,usp000dhrw,2005-03-07 20:00:24.270000+00:00,5.3,-16.036,-173.589,Tonga,123.1,0,0.0,aftershock sequence
3194,3143,5,2023-10-31 20:26:15.293000+00:00,2023-11-04 13:17:36.345000+00:00,3.7,us7000l7x8,2023-10-31 20:26:15.293000+00:00,4.9,20.0752,147.6871,Mariana Islands,22.7,0,0.0,aftershock sequence
3195,3139,5,2023-10-16 10:42:10.570000+00:00,2023-10-23 11:28:05.942000+00:00,7.0,us6000lfvj,2023-10-16 10:42:10.570000+00:00,5.7,25.1582,125.5573,Japan,57.4,0,0.0,aftershock sequence
3196,3208,5,2024-03-29 01:54:42.543000+00:00,2024-03-29 09:37:30.748000+00:00,0.3,us7000m8p1,2024-03-29 02:02:42.608000+00:00,5.0,17.013,147.3137,Northern Mariana Islands,19.0,0,20.0,aftershock sequence
3197,3206,5,2024-03-23 09:00:07.731000+00:00,2024-03-29 17:58:36.489000+00:00,6.4,us7000m8sn,2024-03-29 17:58:36.489000+00:00,5.2,12.7994,-44.8917,Mid-Atlantic Ridge,50.3,0,80.0,swarm
3198,3203,5,2024-03-07 08:20:10.597000+00:00,2024-03-16 16:39:07.676000+00:00,9.3,us7000m3ud,2024-03-07 08:20:10.597000+00:00,5.6,9.7718,-86.3228,Costa Rica,114.2,0,0.0,aftershock sequence
3199,3169,5,2023-12-18 05:13:14.976000+00:00,2023-12-28 18:57:11.575000+00:00,10.6,us7000lkb0,2023-12-20 12:09:13.884000+00:00,5.6,-56.153,-27.7345,South Sandwich Islands,63.9,0,20.0,aftershock sequence
3200,3167,5,2023-12-20 13:16:01.298000+00:00,2023-12-26 15:06:18.936000+00:00,6.1,us7000llid,2023-12-26 15:06:18.936000+00:00,4.8,31.5109,139.7096,Japan,93.3,0,80.0,swarm
3201,3165,5,2023-12-02 11:02:53.644000+00:00,2023-12-14 14:57:30.865000+00:00,12.2,usd001097k,2023-12-11 18:35:59.877000+00:00,5.5,-24.0849,-66.7812,Argentina,62.5,0,60.0,swarm
3202,456,5,2004-12-01 03:58:37.580000+00:00,2004-12-01 14:40:51.050000+00:00,0.4,usp000d9qz,2004-12-01 14:36:02.740000+00:00,4.7,-6.831,149.632,Papua New Guinea,29.5,0,60.0,swarm
3203,1706,5,2014-05-14 20:23:11.930000+00:00,2014-05-22 11:24:00.060000+00:00,7.6,usb000qnyu,2014-05-15 16:33:04.900000+00:00,5.0,-15.8104,-172.6018,Tonga,127.2,0,20.0,aftershock sequence
3204,1705,5,2014-05-10 00:00:14.860000+00:00,2014-05-22 00:16:08.740000+00:00,12.0,usc000rc4f,2014-05-21 17:08:16.100000+00:00,4.7,-24.7886,-179.9627,Fiji Islands,68.9,0,60.0,swarm
3205,2167,5,2017-04-30 13:29:10.010000+00:00,2017-05-02 14:54:35.620000+00:00,2.1,us10008m7l,2017-04-30 13:29:10.010000+00:00,5.1,-15.7425,-71.8941,Peru,65.8,0,0.0,aftershock sequence
3206,2165,5,2017-04-29 10:02:12.550000+00:00,2017-05-02 20:02:50.260000+00:00,3.4,us10008lzr,2017-04-29 10:02:12.550000+00:00,5.5,-9.6687,111.8495,Indonesia,18.3,0,0.0,aftershock sequence
3207,2164,5,2017-04-24 03:24:02.530000+00:00,2017-04-30 09:50:17.370000+00:00,6.3,us10008k6d,2017-04-24 03:24:02.530000+00:00,5.0,10.87,-86.4531,Nicaragua,98.6,0,0.0,aftershock sequence
3208,1766,5,2014-08-15 18:05:24.440000+00:00,2014-08-26 09:30:12.610000+00:00,10.6,usb000s67l,2014-08-26 09:30:12.610000+00:00,5.3,-15.2568,-172.9708,Tonga,90.3,0,80.0,swarm
3209,2159,5,2017-04-13 02:58:32.730000+00:00,2017-04-14 10:46:27.750000+00:00,1.3,us10008h4w,2017-04-13 02:58:32.730000+00:00,5.3,-12.3413,-14.7744,Mid-Atlantic Ridge,26.9,0,0.0,aftershock sequence
3210,2154,5,2017-04-04 10:49:06.140000+00:00,2017-04-04 22:08:40.600000+00:00,0.5,us10008ef7,2017-04-04 22:08:40.600000+00:00,5.6,51.1865,-176.3772,Alaska,13.5,0,80.0,swarm
3211,1736,5,2014-07-05 05:31:07.070000+00:00,2014-07-07 10:25:05.690000+00:00,2.2,usb000rv25,2014-07-06 23:17:25.490000+00:00,4.9,-40.3091,78.1611,Mid-Indian Ridge,66.3,0,40.0,swarm
3212,2137,5,2017-02-14 20:47:26.600000+00:00,2017-02-18 11:24:05.380000+00:00,3.6,us20008jzd,2017-02-15 14:07:29.500000+00:00,5.0,3.9156,126.8062,Philippines,24.4,0,20.0,aftershock sequence
3213,395,5,2004-06-02 20:21:33.690000+00:00,2004-06-10 11:24:03.800000+00:00,7.6,usp000cwyb,2004-06-02 20:21:33.690000+00:00,4.8,39.093,100.075,China,6.1,0,0.0,aftershock sequence
3214,423,5,2004-09-24 07:05:28.320000+00:00,2004-09-28 15:09:19.880000+00:00,4.3,usp000d57f,2004-09-28 10:41:50.500000+00:00,5.3,32.426,141.202,Japan,80.3,0,20.0,aftershock sequence
3215,412,5,2004-08-17 05:46:15.530000+00:00,2004-08-30 07:33:24.810000+00:00,13.1,usp000d2wp,2004-08-26 13:54:03.200000+00:00,5.1,-30.197,-177.79,New Zealand,111.1,0,60.0,swarm
3216,409,5,2004-08-03 05:33:37.430000+00:00,2004-08-04 14:18:50.160000+00:00,1.4,usp000d1e2,2004-08-04 03:01:07.570000+00:00,5.6,36.833,27.815,Turkey,22.4,0,40.0,swarm
3217,3223,5,2024-04-26 16:42:07.891000+00:00,2024-04-26 17:54:54.423000+00:00,0.1,us6000mw2a,2024-04-26 17:16:41.104000+00:00,4.7,-15.1864,-177.5787,Wallis and Futuna,42.4,0,60.0,swarm
3218,3181,5,2024-01-19 06:41:30.266000+00:00,2024-01-24 05:24:39.401000+00:00,4.9,us6000m4xl,2024-01-20 05:20:14.543000+00:00,5.3,-23.3851,170.7536,Loyalty Islands,100.4,0,20.0,aftershock sequence
3219,3180,5,2024-01-19 08:19:50.553000+00:00,2024-01-23 13:21:45.341000+00:00,4.2,us6000m4vw,2024-01-20 01:36:11.203000+00:00,5.0,9.4409,94.0987,India,24.0,0,20.0,aftershock sequence
3220,3177,5,2024-01-10 11:28:50.264000+00:00,2024-01-14 11:00:38.431000+00:00,4.0,us6000m3fa,2024-01-13 02:38:44.006000+00:00,4.8,-20.1456,-178.4358,Fiji,82.7,0,20.0,aftershock sequence
3221,471,5,2005-01-18 04:26:54.620000+00:00,2005-01-21 01:22:28.150000+00:00,2.9,usp000ddn9,2005-01-18 04:26:54.620000+00:00,5.1,-19.948,168.514,Vanuatu,111.8,0,0.0,aftershock sequence
3222,3215,5,2024-04-03 12:18:31.578000+00:00,2024-04-14 03:37:41.535000+00:00,10.6,us7000maq4,2024-04-08 03:10:17.316000+00:00,5.1,-30.7975,-178.4494,New Zealand,99.9,0,20.0,aftershock sequence
3223,3213,5,2024-04-04 23:16:56.394000+00:00,2024-04-04 23:46:40.169000+00:00,0.0,us7000m9zr,2024-04-04 23:37:28.670000+00:00,5.3,7.9741,-38.1448,Mid-Atlantic Ridge,15.9,0,40.0,swarm
3224,439,5,2004-10-29 03:02:14.710000+00:00,2004-11-08 01:43:57.800000+00:00,9.9,usp000d7qm,2004-11-05 05:35:29.920000+00:00,5.0,-5.004,152.421,Papua New Guinea,136.3,0,60.0,swarm
3225,437,5,2004-10-31 00:18:41.130000+00:00,2004-10-31 21:25:14.580000+00:00,0.9,usp000d7cy,2004-10-31 06:10:37.690000+00:00,5.1,35.267,74.52,Pakistan,26.8,0,60.0,swarm
3226,434,5,2004-10-24 23:13:31.870000+00:00,2004-10-27 15:07:31.740000+00:00,2.7,usp000d70x,2004-10-25 01:09:32.060000+00:00,5.1,16.991,145.817,Northern Mariana Islands,25.0,0,20.0,aftershock sequence
3227,428,5,2004-10-06 11:14:34.030000+00:00,2004-10-10 16:27:50.150000+00:00,4.2,usp000d5vu,2004-10-06 11:14:34.030000+00:00,5.2,28.837,57.93,Iran,97.7,0,0.0,aftershock sequence
3228,3235,5,2024-05-14 09:54:17.372000+00:00,2024-05-23 04:19:00.764000+00:00,8.8,us6000mzyf,2024-05-21 03:35:59.152000+00:00,5.7,-6.3098,147.3092,Papua New Guinea,60.7,0,40.0,swarm
3229,3230,5,2024-05-05 19:27:38.528000+00:00,2024-05-06 16:03:33.297000+00:00,0.9,us6000mwjw,2024-05-05 19:33:39.569000+00:00,4.9,-37.1794,-95.556,Easter Island,78.5,0,40.0,swarm
3230,3202,5,2024-03-09 12:01:09.046000+00:00,2024-03-12 16:27:20.633000+00:00,3.2,us7000m4e2,2024-03-09 12:01:09.046000+00:00,5.4,-17.99,-178.4182,Fiji,72.6,0,0.0,aftershock sequence
3231,3201,5,2024-03-01 00:44:00.786000+00:00,2024-03-09 10:27:17.930000+00:00,8.4,us6000mj0y,2024-03-09 10:27:17.930000+00:00,4.9,-30.6758,-177.8463,New Zealand,87.7,0,80.0,swarm
3232,3197,5,2024-02-15 03:41:35.662000+00:00,2024-02-25 04:15:00.431000+00:00,10.0,us7000m1fq,2024-02-25 04:15:00.431000+00:00,5.4,41.2117,78.4315,Kyrgyzstan,32.5,0,80.0,swarm
3233,3195,5,2024-02-13 15:14:17.016000+00:00,2024-02-19 15:41:49.247000+00:00,6.0,us7000lzz2,2024-02-18 07:29:20.068000+00:00,5.6,-16.0835,-174.6161,Tonga,158.7,0,60.0,swarm
3234,399,5,2004-06-24 14:37:41.030000+00:00,2004-07-02 23:07:30.870000+00:00,8.4,usp000cz6q,2004-06-29 23:20:41.340000+00:00,5.0,0.461,126.155,Indonesia,123.9,0,40.0,swarm
3235,1728,5,2014-06-23 13:23:36.120000+00:00,2014-06-28 04:44:19.310000+00:00,4.6,usc000rkah,2014-06-23 14:30:39.690000+00:00,4.8,30.9262,-41.4693,Mid-Atlantic Ridge,53.0,0,20.0,aftershock sequence
3236,1722,5,2014-06-08 13:06:37.270000+00:00,2014-06-17 16:42:41.750000+00:00,9.2,usc000rl0t,2014-06-08 13:06:37.270000+00:00,4.6,-17.7669,-178.6279,Fiji,50.6,0,0.0,aftershock sequence
3237,2151,5,2017-03-30 07:57:22.850000+00:00,2017-03-31 04:35:08.030000+00:00,0.9,us10008d8n,2017-03-30 07:57:22.850000+00:00,5.2,-5.5394,151.7792,Papua New Guinea,36.0,0,0.0,aftershock sequence
3238,2147,5,2017-03-11 14:04:49.830000+00:00,2017-03-22 08:02:27.300000+00:00,10.7,us100088eu,2017-03-11 14:04:49.830000+00:00,5.2,-6.7841,130.2747,Banda Sea,86.3,0,0.0,aftershock sequence
3239,2146,5,2017-03-11 17:10:38.670000+00:00,2017-03-18 14:24:41.020000+00:00,6.9,us100088f7,2017-03-11 17:10:38.670000+00:00,5.6,-30.5181,-177.5201,New Zealand,37.9,0,0.0,aftershock sequence
3240,1773,5,2014-09-03 19:52:36.490000+00:00,2014-09-13 18:22:14.020000+00:00,9.9,usb000sc57,2014-09-13 18:22:14.020000+00:00,5.4,-17.7122,-173.1264,Tonga,72.9,0,80.0,swarm
3241,2140,5,2017-02-13 12:27:23.630000+00:00,2017-02-23 16:23:46.020000+00:00,10.2,us10008617,2017-02-21 14:24:52.280000+00:00,4.8,-24.4242,-179.7923,Fiji Islands,113.3,0,60.0,swarm
3242,2139,5,2017-02-11 17:25:29.600000+00:00,2017-02-21 10:01:31.460000+00:00,9.7,us20008l2q,2017-02-21 10:01:31.460000+00:00,4.9,-10.9205,161.3263,Solomon Islands,102.4,0,80.0,swarm
3243,2138,5,2017-02-10 17:08:14.600000+00:00,2017-02-22 09:47:38.690000+00:00,11.7,us20008k6s,2017-02-16 12:10:01.490000+00:00,5.3,-20.752,-178.5652,Fiji,90.3,0,40.0,swarm
3244,3222,5,2024-04-19 04:22:13.351000+00:00,2024-04-30 05:48:38.450000+00:00,11.1,us6000mt07,2024-04-22 17:21:22.541000+00:00,4.9,-58.7238,-25.3084,South Sandwich Islands,21.3,0,40.0,swarm
3245,3220,5,2024-04-18 19:16:06.562000+00:00,2024-04-22 12:22:49.933000+00:00,3.7,us7000mduf,2024-04-22 12:22:49.933000+00:00,5.4,11.0226,138.6943,Micronesia,17.0,0,80.0,swarm
3246,3217,5,2024-04-10 06:54:32.424000+00:00,2024-04-14 11:24:14.564000+00:00,4.2,us7000mb7s,2024-04-10 16:20:17.869000+00:00,5.2,11.8705,125.841,Philippines,76.2,0,20.0,aftershock sequence
3247,3247,5,2024-06-16 12:58:07.518000+00:00,2024-06-24 08:03:37.383000+00:00,7.8,us7000mu8s,2024-06-24 08:03:37.383000+00:00,6.3,-14.6255,167.2426,Vanuatu,96.6,0,80.0,swarm
3248,3246,5,2024-06-12 08:31:33.251000+00:00,2024-06-24 01:41:58.088000+00:00,11.7,us7000mtap,2024-06-18 21:42:34.214000+00:00,5.0,-18.908,168.8633,Vanuatu,93.1,0,20.0,aftershock sequence
3249,1738,5,2014-07-06 07:32:03.320000+00:00,2014-07-09 08:33:55.740000+00:00,3.0,usc000rqyz,2014-07-06 15:37:43.560000+00:00,5.0,-19.9239,-177.7675,Tonga,96.9,0,20.0,aftershock sequence
3250,2132,5,2017-01-25 15:44:28.320000+00:00,2017-02-04 22:05:02.010000+00:00,10.3,us10007w1e,2017-01-29 14:59:51.980000+00:00,5.9,-30.0938,-177.4531,New Zealand,29.5,0,20.0,aftershock sequence
3251,2131,5,2017-01-24 02:38:37.340000+00:00,2017-01-30 00:56:50.940000+00:00,5.9,us10007v3u,2017-01-24 02:38:37.340000+00:00,5.0,-55.0706,-31.413,South Georgia Island,46.2,0,0.0,aftershock sequence
3252,2129,5,2017-01-16 14:21:49.180000+00:00,2017-01-26 08:06:30.210000+00:00,9.7,us10007vh4,2017-01-26 08:06:30.210000+00:00,5.1,40.2435,142.434,Japan,100.8,0,80.0,swarm
3253,2104,5,2016-11-21 16:37:41.320000+00:00,2016-11-29 08:54:19.520000+00:00,7.7,us10007cp1,2016-11-27 06:49:33.300000+00:00,4.9,-17.9427,-178.4872,Fiji,35.6,0,60.0,swarm
3254,2102,5,2016-11-24 22:31:01.530000+00:00,2016-11-28 09:42:25.170000+00:00,3.5,us10007c5y,2016-11-24 22:31:01.530000+00:00,5.5,55.2049,164.7541,Russia,50.3,0,0.0,aftershock sequence
3255,1760,5,2014-08-08 06:51:35.220000+00:00,2014-08-19 12:50:01.120000+00:00,11.2,usb000s6ac,2014-08-14 18:57:50.660000+00:00,4.7,-23.634,-179.8605,Fiji Islands,81.2,0,40.0,swarm
3256,1759,5,2014-08-07 20:49:12.570000+00:00,2014-08-16 23:48:16.820000+00:00,9.1,usb000s33x,2014-08-15 18:48:51.640000+00:00,4.9,-11.653,166.3718,Solomon Islands,122.3,0,40.0,swarm
3257,1753,5,2014-07-28 04:36:48.490000+00:00,2014-08-03 18:08:28.820000+00:00,6.6,usb000ry2x,2014-07-28 19:01:37.060000+00:00,4.6,36.9904,142.4847,Japan,119.5,0,40.0,swarm
3258,3245,5,2024-06-09 20:35:13.723000+00:00,2024-06-22 15:35:08.461000+00:00,12.8,us7000msph,2024-06-15 17:50:48.944000+00:00,5.4,-55.8444,-28.2852,South Sandwich Islands,98.7,0,40.0,swarm
3259,3238,5,2024-05-26 03:59:18.675000+00:00,2024-06-06 15:11:26.981000+00:00,11.5,us7000mp3p,2024-05-30 22:54:37.665000+00:00,4.8,5.6407,126.0584,Philippines,92.8,0,60.0,swarm
3260,371,5,2004-04-08 03:44:50.790000+00:00,2004-04-14 14:02:05.930000+00:00,6.4,usp000csfr,2004-04-14 14:02:05.930000+00:00,4.9,-33.081,-179.093,Kermadec Islands,67.2,0,80.0,swarm
3261,368,5,2004-04-11 07:37:29.850000+00:00,2004-04-17 02:35:41.330000+00:00,5.8,usp000cs7z,2004-04-11 07:37:29.850000+00:00,6.2,-3.729,140.081,Indonesia,87.4,0,0.0,aftershock sequence
3262,367,5,2004-04-08 10:22:57.710000+00:00,2004-04-14 22:37:19.380000+00:00,6.5,usp000crzg,2004-04-08 10:22:57.710000+00:00,5.5,-55.677,-27.874,South Sandwich Islands,102.9,0,0.0,aftershock sequence
3263,364,5,2004-03-26 15:20:06.620000+00:00,2004-04-02 05:27:09.880000+00:00,6.6,usp000cqy3,2004-03-26 15:20:06.620000+00:00,5.8,41.863,144.209,Japan,16.8,0,0.0,aftershock sequence
3264,3226,5,2024-04-28 19:31:28.989000+00:00,2024-05-06 06:30:30.333000+00:00,7.5,us6000mvda,2024-05-01 01:24:50.530000+00:00,5.0,-21.4461,-68.9993,Chile,97.0,0,40.0,swarm
3265,408,5,2004-07-31 01:51:31.700000+00:00,2004-08-03 15:06:53.530000+00:00,3.6,usp000d199,2004-08-01 19:03:10.290000+00:00,6.0,-63.563,-166.666,Pacific-Antarctic Ridge,63.9,0,40.0,swarm
3266,404,5,2004-07-27 17:08:27.310000+00:00,2004-07-30 22:10:11.770000+00:00,3.2,usp000d138,2004-07-29 18:37:08.270000+00:00,4.8,-4.515,153.642,Papua New Guinea,16.4,0,40.0,swarm
3267,3264,5,2024-08-15 09:06:45.671000+00:00,2024-08-17 13:10:11.661000+00:00,2.2,us7000n7b8,2024-08-15 23:35:53.943000+00:00,6.1,23.7491,121.7669,Taiwan,74.5,0,40.0,swarm
3268,3259,5,2024-07-28 04:45:34.321000+00:00,2024-08-06 21:22:49.954000+00:00,9.7,us6000nifm,2024-08-06 21:22:49.954000+00:00,5.6,-24.3743,-177.6541,Fiji Islands,135.4,0,80.0,swarm
3269,3258,5,2024-07-22 01:36:42.479000+00:00,2024-07-31 22:24:58.484000+00:00,9.9,us6000nh47,2024-07-31 14:54:14.242000+00:00,5.1,-33.7362,-179.2513,Kermadec Islands,88.9,0,40.0,swarm
3270,3257,5,2024-07-22 19:19:35.070000+00:00,2024-07-29 13:24:23.469000+00:00,6.8,us6000nejp,2024-07-22 19:19:35.070000+00:00,5.7,8.22,-82.8075,Panama,35.6,0,0.0,aftershock sequence
3271,389,5,2004-05-23 02:20:57.900000+00:00,2004-05-30 06:37:57.780000+00:00,7.2,usp000cvyy,2004-05-23 07:38:07.670000+00:00,5.3,34.079,89.285,Xizang-Qinghai border,33.7,0,40.0,swarm
3272,385,5,2004-05-11 05:24:15.180000+00:00,2004-05-22 00:13:34.540000+00:00,10.8,usp000cv6g,2004-05-16 07:50:33.470000+00:00,5.8,-15.34,-173.423,Tonga,50.5,0,20.0,aftershock sequence
3273,384,5,2004-05-14 19:26:56.510000+00:00,2004-05-15 21:21:35.980000+00:00,1.1,usp000cv5b,2004-05-15 21:21:35.980000+00:00,5.4,-16.524,-177.194,Wallis and Futuna,76.0,0,80.0,swarm
3274,380,5,2004-05-04 14:01:42.210000+00:00,2004-05-09 21:58:43.400000+00:00,5.3,usp000cu5d,2004-05-04 14:01:42.210000+00:00,4.8,14.194,145.294,Guam,14.6,0,0.0,aftershock sequence
3275,379,5,2004-05-03 04:36:50.040000+00:00,2004-05-05 17:16:24.210000+00:00,2.5,usp000cu1z,2004-05-03 04:36:50.040000+00:00,6.6,-37.695,-73.406,Chile,48.7,1,0.0,aftershock sequence
3276,1797,5,2014-11-07 03:33:55.280000+00:00,2014-11-13 02:31:59.270000+00:00,6.0,usc000sv94,2014-11-07 03:33:55.280000+00:00,6.6,-5.9873,148.2315,Papua New Guinea,73.0,1,0.0,aftershock sequence
3277,338,5,2003-12-22 08:47:07.350000+00:00,2004-01-02 04:41:52+00:00,10.8,usp000cgeb,2003-12-29 01:30:54.700000+00:00,6.1,42.423,144.613,Japan,28.6,0,60.0,swarm
3278,335,5,2003-12-12 07:38:55.860000+00:00,2003-12-23 01:20:17.520000+00:00,10.7,usp000cf3j,2003-12-12 07:38:55.860000+00:00,5.3,-5.485,154.126,Papua New Guinea,180.6,0,0.0,aftershock sequence
3279,334,5,2003-12-02 13:56:58.910000+00:00,2003-12-13 12:21:08.500000+00:00,10.9,usp000cedh,2003-12-03 07:33:57.350000+00:00,5.6,-20.842,-178.723,Fiji,152.8,0,20.0,aftershock sequence
3280,331,5,2003-12-05 02:02:30.200000+00:00,2003-12-08 14:12:23.740000+00:00,3.5,usp000cehu,2003-12-05 02:02:30.200000+00:00,5.3,27.318,130.177,Japan,5.7,0,0.0,aftershock sequence
3281,3287,5,2024-10-26 12:21:38.972000+00:00,2024-11-02 21:04:13.578000+00:00,7.4,us7000nnhu,2024-10-26 12:22:02.706000+00:00,4.8,9.0897,39.9217,Ethiopia,27.1,0,20.0,aftershock sequence
3282,3280,5,2024-10-03 20:10:01.956000+00:00,2024-10-04 13:49:01.052000+00:00,0.7,us6000nwja,2024-10-04 13:49:01.052000+00:00,5.2,70.7217,-14.714,Svalbard and Jan Mayen,11.0,0,80.0,swarm
3283,3277,5,2024-10-01 17:27:01.877000+00:00,2024-10-05 15:52:57.195000+00:00,3.9,us7000nhld,2024-10-02 01:20:37.017000+00:00,4.9,9.0263,126.9253,Philippines,124.8,0,20.0,aftershock sequence
3284,378,5,2004-04-29 00:57:21.080000+00:00,2004-04-29 20:26:37.620000+00:00,0.8,usp000ctpz,2004-04-29 00:57:21.080000+00:00,6.2,10.805,-85.995,Costa Rica,59.6,0,0.0,aftershock sequence
3285,3255,5,2024-07-19 14:31:30.055000+00:00,2024-07-26 09:25:51.014000+00:00,6.8,us7000n09f,2024-07-19 14:36:14.348000+00:00,5.1,1.5763,127.7664,Indonesia,59.9,0,20.0,aftershock sequence
3286,3254,5,2024-07-19 01:50:48.571000+00:00,2024-07-20 07:02:35.524000+00:00,1.2,us7000n05d,2024-07-19 01:50:48.571000+00:00,7.4,-23.0791,-67.8404,Chile,30.6,1,0.0,aftershock sequence
3287,3253,5,2024-07-08 08:19:04.027000+00:00,2024-07-21 05:23:08.728000+00:00,12.9,us7000mzyb,2024-07-18 05:39:55.732000+00:00,5.1,8.6935,126.6749,Philippines,64.1,0,40.0,swarm
3288,354,5,2004-02-25 11:53:12.110000+00:00,2004-02-26 08:47:57.960000+00:00,0.9,usp000cn8v,2004-02-25 18:22:23.650000+00:00,5.9,13.991,-92.145,Guatemala,40.8,0,40.0,swarm
3289,351,5,2004-02-12 15:34:15.680000+00:00,2004-02-18 01:06:02.580000+00:00,5.4,usp000cm8s,2004-02-15 15:43:27.550000+00:00,5.2,-21.317,169.794,New Caledonia,135.1,0,20.0,aftershock sequence
3290,346,5,2004-01-31 14:49:06.470000+00:00,2004-01-31 15:00:33.810000+00:00,0.0,usp000ck3q,2004-01-31 14:49:06.470000+00:00,5.5,30.052,142.434,Japan,94.1,0,0.0,aftershock sequence
3291,376,5,2004-04-20 06:30:24.840000+00:00,2004-05-01 04:06:52.910000+00:00,10.9,usp000csz4,2004-04-20 06:30:24.840000+00:00,5.0,-30.411,-177.7,New Zealand,82.9,0,0.0,aftershock sequence
3292,323,5,2003-10-26 03:36:35.850000+00:00,2003-11-08 00:50:16.850000+00:00,12.9,usp000cbej,2003-10-28 02:33:51.520000+00:00,6.0,-5.376,151.509,Papua New Guinea,152.0,0,20.0,aftershock sequence
3293,3271,5,2024-09-09 19:31:30.433000+00:00,2024-09-14 18:50:11.049000+00:00,5.0,us7000nddg,2024-09-12 22:06:45.684000+00:00,4.7,17.8635,119.6665,Philippines,15.2,0,20.0,aftershock sequence
3294,3268,5,2024-08-24 02:50:27.397000+00:00,2024-08-31 16:41:18.353000+00:00,7.6,us7000n970,2024-08-24 13:31:40.030000+00:00,4.9,-23.3999,-179.8662,Fiji Islands,111.0,0,20.0,aftershock sequence
3295,3267,5,2024-08-20 11:32:30.165000+00:00,2024-08-25 23:50:18.683000+00:00,5.5,us7000n9dt,2024-08-25 23:29:07.544000+00:00,6.9,-19.8125,-175.0711,Tonga,82.1,1,20.0,aftershock sequence
3296,3266,5,2024-08-19 15:32:42.884000+00:00,2024-08-21 03:28:19.787000+00:00,1.5,us7000n802,2024-08-19 19:42:22.565000+00:00,5.0,8.1799,127.0848,Philippines,24.7,0,20.0,aftershock sequence
3297,3296,5,2024-12-07 07:46:47.549000+00:00,2024-12-19 01:17:14.642000+00:00,11.7,us7000nz6g,2024-12-16 03:50:05.045000+00:00,5.1,-1.2187,99.8064,Indonesia,119.8,0,60.0,swarm
3298,3291,5,2024-11-26 13:47:03.411000+00:00,2024-11-30 00:52:29.523000+00:00,3.5,us7000nu90,2024-11-26 13:47:03.411000+00:00,6.1,36.9549,136.3653,Japan,12.5,0,0.0,aftershock sequence
3299,2111,5,2016-12-15 01:29:26.520000+00:00,2016-12-24 19:38:55.670000+00:00,9.8,us200080w8,2016-12-15 01:29:26.520000+00:00,5.3,-29.1621,60.957,Southwest Indian Ridge,40.7,0,0.0,aftershock sequence
3300,2110,5,2016-12-14 02:01:22.810000+00:00,2016-12-14 21:14:55.870000+00:00,0.8,us200080m3,2016-12-14 02:01:22.810000+00:00,6.0,21.2897,144.4037,Mariana Islands,30.3,0,0.0,aftershock sequence
3301,2107,5,2016-12-06 22:03:33.390000+00:00,2016-12-11 02:50:35.690000+00:00,4.2,us10007ghm,2016-12-06 22:03:33.390000+00:00,6.5,5.2834,96.1678,Indonesia,16.0,1,0.0,aftershock sequence
3302,1781,5,2014-09-25 03:00:55.210000+00:00,2014-10-02 13:51:00.940000+00:00,7.5,usb000shif,2014-09-30 22:34:27.030000+00:00,5.5,-17.8303,-178.5952,Fiji,48.1,0,40.0,swarm
3303,1779,5,2014-09-22 16:01:42.230000+00:00,2014-09-28 11:23:04.210000+00:00,5.8,usb000seya,2014-09-22 16:01:42.230000+00:00,5.7,-56.0228,-27.7792,South Sandwich Islands,108.3,0,0.0,aftershock sequence
3304,1776,5,2014-09-06 18:18:14.250000+00:00,2014-09-20 03:03:50+00:00,13.4,usb000sef7,2014-09-20 03:03:50+00:00,5.2,14.64,-93.82,Mexico,45.8,0,80.0,swarm
3305,1832,5,2015-01-26 15:42:35.100000+00:00,2015-01-30 00:37:32.800000+00:00,3.4,usb000tiqn,2015-01-27 21:26:35.690000+00:00,5.0,-20.5947,172.6022,Vanuatu,29.4,0,40.0,swarm
3306,1772,5,2014-09-04 19:51:04.220000+00:00,2014-09-08 18:18:07.940000+00:00,3.9,usb000s9vf,2014-09-06 06:03:52.890000+00:00,5.1,-55.2741,-28.17,South Sandwich Islands,92.4,0,40.0,swarm
3307,1798,5,2014-11-08 16:09:42.840000+00:00,2014-11-16 07:26:10.820000+00:00,7.6,usc000sx7c,2014-11-14 04:16:07.920000+00:00,5.3,45.2068,150.9658,Russia,129.6,0,40.0,swarm
3308,1846,5,2015-02-21 13:57:07.740000+00:00,2015-03-05 12:11:41.560000+00:00,11.9,usc000tugb,2015-03-02 21:51:58.820000+00:00,5.0,9.8729,126.3333,Philippines,70.7,0,60.0,swarm
3309,1844,5,2015-02-16 23:00:15.700000+00:00,2015-02-27 11:35:14.260000+00:00,10.5,usc000ttjq,2015-02-27 11:35:14.260000+00:00,5.3,-7.0531,155.306,Papua New Guinea,64.2,0,80.0,swarm
3310,2097,5,2016-11-13 14:18:32.350000+00:00,2016-11-22 03:50:55.360000+00:00,8.6,us100078bp,2016-11-15 16:02:56.270000+00:00,5.4,36.5242,70.8421,Afghanistan,95.9,0,40.0,swarm
3311,2090,5,2016-10-21 19:56:28+00:00,2016-10-31 14:34:48.350000+00:00,9.8,us20007glg,2016-10-25 11:46:10.380000+00:00,4.9,-16.6841,-174.051,Tonga,94.0,0,20.0,aftershock sequence
3312,2089,5,2016-10-16 09:21:13.820000+00:00,2016-10-28 05:26:55.910000+00:00,11.8,us100072jv,2016-10-28 05:26:55.910000+00:00,5.9,-4.6721,153.2156,Papua New Guinea,64.3,0,80.0,swarm
3313,288,5,2003-07-06 01:10:33.570000+00:00,2003-07-06 12:59:54.640000+00:00,0.5,usp000c1rt,2003-07-06 01:10:33.570000+00:00,5.0,-30.27,-177.46,New Zealand,43.9,0,0.0,aftershock sequence
3314,285,5,2003-06-29 04:31:35.870000+00:00,2003-07-08 07:40:46.280000+00:00,9.1,usp000c1e7,2003-07-01 13:10:58.700000+00:00,4.8,-15.331,-173.454,Tonga,50.8,0,40.0,swarm
3315,282,5,2003-06-13 10:32:56.390000+00:00,2003-06-14 22:28:44.760000+00:00,1.5,usp000bzs6,2003-06-13 10:32:56.390000+00:00,5.7,-3.23,140.913,Papua New Guinea,15.9,0,0.0,aftershock sequence
3316,281,5,2003-06-07 02:59:47.770000+00:00,2003-06-12 21:22:05.940000+00:00,5.8,usp000bzpx,2003-06-12 08:59:20.240000+00:00,6.3,-5.985,154.758,Papua New Guinea,99.8,0,40.0,swarm
3317,3274,5,2024-09-13 21:21:09.216000+00:00,2024-09-22 02:25:47.516000+00:00,8.2,us7000ndx1,2024-09-15 04:58:33.250000+00:00,5.2,13.0626,-89.9141,El Salvador,56.9,0,40.0,swarm
3318,357,5,2004-02-21 16:51:00.280000+00:00,2004-03-05 07:05:59.640000+00:00,12.6,usp000cp4p,2004-03-05 07:05:59.640000+00:00,5.0,6.148,126.548,Philippines,65.0,0,80.0,swarm
3319,355,5,2004-02-26 08:32:26.140000+00:00,2004-03-01 17:49:05.800000+00:00,4.4,usp000cnd7,2004-02-26 17:25:56.190000+00:00,5.5,8.288,123.515,Philippines,27.0,0,40.0,swarm
3320,310,5,2003-09-19 18:56:03.170000+00:00,2003-09-29 03:40:55.390000+00:00,9.4,usp000c844,2003-09-20 17:38:34.100000+00:00,5.5,-55.879,-27.909,South Sandwich Islands,55.1,0,20.0,aftershock sequence
3321,309,5,2003-09-23 09:12:02.160000+00:00,2003-09-27 04:46:22.960000+00:00,3.8,usp000c8s4,2003-09-27 04:30:45.730000+00:00,5.0,-16.37,176.349,Fiji,53.5,0,60.0,swarm
3322,328,5,2003-11-13 17:16:55.390000+00:00,2003-11-18 01:36:37.850000+00:00,4.3,usp000cct2,2003-11-13 17:16:55.390000+00:00,4.8,28.526,130.147,Japan,69.4,0,0.0,aftershock sequence
3323,326,5,2003-10-30 15:22:18.180000+00:00,2003-11-13 01:58:38.770000+00:00,13.4,usp000cbn1,2003-10-30 15:22:18.180000+00:00,5.3,19.808,95.742,Myanmar,35.6,0,0.0,aftershock sequence
3324,315,5,2003-10-14 22:06:59.850000+00:00,2003-10-15 19:21:06.400000+00:00,0.9,usp000cad0,2003-10-14 22:06:59.850000+00:00,5.0,-22.359,69.285,Mid-Indian Ridge,52.5,0,0.0,aftershock sequence
3325,314,5,2003-10-07 04:55:28.810000+00:00,2003-10-09 14:44:58.100000+00:00,2.4,usp000c9tt,2003-10-07 04:55:28.810000+00:00,6.2,-16.526,-170.192,American Samoa,56.7,0,0.0,aftershock sequence
3326,3304,5,2025-01-06 16:59:50.092000+00:00,2025-01-13 19:24:58.532000+00:00,7.1,us6000pi7c,2025-01-06 16:59:50.092000+00:00,5.2,28.1592,52.3922,Iran,21.1,0,0.0,aftershock sequence
3327,3301,5,2024-12-28 01:52:16.583000+00:00,2024-12-28 05:10:49.470000+00:00,0.1,us6000pg2q,2024-12-28 01:52:16.583000+00:00,5.0,-13.8824,-14.4898,Mid-Atlantic Ridge,16.2,0,0.0,aftershock sequence
3328,3297,5,2024-12-11 19:54:47.920000+00:00,2024-12-19 10:51:31.384000+00:00,7.6,us7000nzn6,2024-12-17 21:41:09.942000+00:00,5.2,-6.7821,130.2227,Banda Sea,69.1,0,40.0,swarm
3329,293,5,2003-07-14 13:36:29.670000+00:00,2003-07-18 05:37:01.560000+00:00,3.7,usp000c2k4,2003-07-15 18:46:38.120000+00:00,6.5,-3.828,152.174,Papua New Guinea,142.0,1,40.0,swarm
3330,290,5,2003-07-09 09:07:23.260000+00:00,2003-07-13 06:13:43.960000+00:00,3.9,usp000c22c,2003-07-09 12:33:07.550000+00:00,5.3,58.242,-32.245,Reykjanes Ridge,14.0,0,40.0,swarm
3331,1796,5,2014-11-03 06:25:08.260000+00:00,2014-11-03 08:27:05.480000+00:00,0.1,usc000stlj,2014-11-03 08:23:53.650000+00:00,5.5,4.6657,-32.6801,Mid-Atlantic Ridge,50.1,0,60.0,swarm
3332,1795,5,2014-10-27 04:02:57.780000+00:00,2014-11-03 00:10:53.150000+00:00,6.8,usc000stju,2014-11-03 00:10:53.150000+00:00,4.9,39.9133,143.4297,Japan,174.7,0,80.0,swarm
3333,1794,5,2014-10-20 13:25:05.930000+00:00,2014-10-27 10:06:37.230000+00:00,6.9,usb000squk,2014-10-27 08:34:20.850000+00:00,5.5,9.7575,126.7514,Philippines,89.3,0,60.0,swarm
3334,1793,5,2014-10-16 04:59:22.470000+00:00,2014-10-24 02:23:46.430000+00:00,7.9,usb000spz5,2014-10-23 06:59:20.560000+00:00,5.2,1.723,127.3296,Indonesia,105.3,0,60.0,swarm
3335,1789,5,2014-10-14 08:35:23.230000+00:00,2014-10-21 17:14:20.260000+00:00,7.4,usb000slyn,2014-10-14 08:35:23.230000+00:00,5.2,-30.0384,-177.512,New Zealand,58.9,0,0.0,aftershock sequence
3336,1788,5,2014-10-11 07:28:33.450000+00:00,2014-10-18 19:44:40.010000+00:00,7.5,usb000sliy,2014-10-13 09:40:30.220000+00:00,4.7,-21.2505,-178.5409,Fiji,143.8,0,40.0,swarm
3337,1787,5,2014-10-12 05:17:37.290000+00:00,2014-10-12 15:05:46.760000+00:00,0.4,usb000sl82,2014-10-12 05:40:43.700000+00:00,5.6,57.282,-33.2667,Reykjanes Ridge,12.0,0,20.0,aftershock sequence
3338,1786,5,2014-10-11 02:35:47.480000+00:00,2014-10-14 18:08:45.960000+00:00,3.6,usb000skys,2014-10-11 02:35:47.480000+00:00,6.1,41.0272,143.1649,Japan,21.0,0,0.0,aftershock sequence
3339,1848,5,2015-03-06 08:22:18.960000+00:00,2015-03-06 08:50:41.830000+00:00,0.0,usc000tvgw,2015-03-06 08:22:18.960000+00:00,6.0,-41.3157,80.6046,Mid-Indian Ridge,36.2,0,0.0,aftershock sequence
3340,257,5,2003-03-06 15:25:53.980000+00:00,2003-03-12 15:52:43.610000+00:00,6.0,usp000bsdd,2003-03-11 07:27:32.650000+00:00,6.8,-4.694,153.238,Papua New Guinea,50.7,1,20.0,aftershock sequence
3341,251,5,2003-01-18 07:15:31.370000+00:00,2003-01-29 04:36:05.920000+00:00,10.9,usp000bpfc,2003-01-28 16:12:02.800000+00:00,5.3,2.854,126.489,Indonesia,68.4,0,60.0,swarm
3342,250,5,2003-01-22 02:06:34.610000+00:00,2003-01-22 20:15:34.710000+00:00,0.8,usp000bnyr,2003-01-22 02:06:34.610000+00:00,7.6,18.77,-104.104,Mexico,60.0,1,0.0,aftershock sequence
3343,3350,5,2025-05-20 18:44:39.091000+00:00,2025-05-24 11:17:09.811000+00:00,3.7,us7000q0gl,2025-05-21 00:38:12.308000+00:00,5.2,-56.9634,-67.0983,Argentina,84.9,0,20.0,aftershock sequence
3344,3311,5,2025-01-27 00:53:05.837000+00:00,2025-02-03 13:02:17.933000+00:00,7.5,us7000pb0i,2025-02-03 13:02:17.933000+00:00,5.5,-22.8251,171.3889,Loyalty Islands,96.9,0,80.0,swarm
3345,3310,5,2025-01-27 19:01:00.464000+00:00,2025-02-07 09:30:36.252000+00:00,10.6,us6000pmrw,2025-01-28 10:23:33.946000+00:00,5.2,-30.3993,-178.067,New Zealand,121.4,0,20.0,aftershock sequence
3346,3306,5,2025-01-16 02:17:22.280000+00:00,2025-01-17 18:21:56.835000+00:00,1.7,us6000pksw,2025-01-17 18:21:56.835000+00:00,5.0,-6.9158,154.9649,Papua New Guinea,87.9,0,80.0,swarm
3347,3338,5,2025-04-23 09:49:11.631000+00:00,2025-04-23 12:12:57.040000+00:00,0.1,us7000pufs,2025-04-23 09:49:11.631000+00:00,6.2,40.8342,28.1897,Turkey,26.0,0,0.0,aftershock sequence
3348,3337,5,2025-04-19 04:18:39.349000+00:00,2025-04-29 19:16:30.845000+00:00,10.6,us7000pvxz,2025-04-29 19:16:30.845000+00:00,5.1,-20.8743,-173.9039,Tonga,106.4,0,80.0,swarm
3349,279,5,2003-05-28 08:06:15.230000+00:00,2003-06-10 18:25:46.060000+00:00,13.4,usp000byjn,2003-05-30 15:25:49.880000+00:00,5.2,-14.944,167.3,Vanuatu,106.9,0,20.0,aftershock sequence
3350,277,5,2003-05-31 03:51:03.450000+00:00,2003-06-05 23:58:54.730000+00:00,5.8,usp000byzm,2003-06-03 21:09:03.140000+00:00,5.6,-18.224,167.247,Vanuatu,85.4,0,20.0,aftershock sequence
3351,271,5,2003-05-05 20:11:04.820000+00:00,2003-05-17 05:05:18.960000+00:00,11.4,usp000bxcf,2003-05-17 01:46:20.840000+00:00,4.9,51.621,159.799,Russia,77.1,0,60.0,swarm
3352,3336,5,2025-04-15 23:13:03.747000+00:00,2025-04-19 12:42:23.681000+00:00,3.6,us6000q6q4,2025-04-17 09:45:31.045000+00:00,5.2,2.1626,-96.5398,Galapagos Islands,45.1,0,60.0,swarm
3353,3335,5,2025-04-15 21:42:42.326000+00:00,2025-04-20 01:09:54.060000+00:00,4.1,us6000q78l,2025-04-19 16:11:14.518000+00:00,5.9,5.8328,124.1463,Philippines,10.5,0,20.0,aftershock sequence
3354,3334,5,2025-04-05 11:29:54.384000+00:00,2025-04-05 11:46:25.488000+00:00,0.0,us6000q48f,2025-04-05 11:32:59.320000+00:00,5.0,21.645,144.1145,Mariana Islands,59.6,0,20.0,aftershock sequence
3355,3332,5,2025-04-03 14:09:29.739000+00:00,2025-04-05 07:57:09.413000+00:00,1.7,us6000q3nw,2025-04-03 14:09:29.739000+00:00,6.9,52.4538,-32.1071,Reykjanes Ridge,43.0,1,0.0,aftershock sequence
3356,3326,5,2025-03-12 12:51:32.470000+00:00,2025-03-25 09:50:50.980000+00:00,12.9,us7000pmgz,2025-03-25 09:50:50.980000+00:00,5.0,-6.3052,130.3559,Indonesia,170.6,0,80.0,swarm
3357,296,5,2003-07-22 01:21:32.370000+00:00,2003-08-04 23:13:28.320000+00:00,13.9,usp000c3sp,2003-07-31 09:47:20.400000+00:00,5.5,5.183,127.013,Philippines,126.1,0,40.0,swarm
3358,3354,5,2025-05-27 11:02:09.141000+00:00,2025-05-28 14:57:25.413000+00:00,1.2,us7000q1rl,2025-05-27 11:02:09.141000+00:00,4.9,21.0542,121.9886,Philippines,12.3,0,0.0,aftershock sequence
3359,264,5,2003-03-30 00:43:07.300000+00:00,2003-04-07 02:28:34.730000+00:00,8.1,usp000btuk,2003-03-30 00:43:07.300000+00:00,5.6,-7.796,129.023,Indonesia,100.4,0,0.0,aftershock sequence
3360,1810,5,2014-12-04 04:25:23.580000+00:00,2014-12-11 02:43:36.150000+00:00,6.9,usc000t7pa,2014-12-04 04:25:23.580000+00:00,4.8,-20.9533,-173.373,Tonga,80.2,0,0.0,aftershock sequence
3361,1806,5,2014-11-13 02:45:48.860000+00:00,2014-11-21 05:47:41.440000+00:00,8.1,usc000syw5,2014-11-19 14:34:42.850000+00:00,5.1,30.6106,131.3516,Japan,101.4,0,40.0,swarm
3362,1805,5,2014-11-15 13:40:42.320000+00:00,2014-11-23 17:16:12.790000+00:00,8.1,usb000syb6,2014-11-20 16:09:31.360000+00:00,4.7,-23.2908,179.0395,Fiji Islands,158.1,0,40.0,swarm
3363,2087,5,2016-10-11 05:37:26.330000+00:00,2016-10-21 06:25:42.410000+00:00,10.0,us20007fjb,2016-10-20 07:49:42.870000+00:00,5.0,-17.9749,-179.4804,Fiji,166.9,0,60.0,swarm
3364,2086,5,2016-10-08 22:25:27.290000+00:00,2016-10-10 13:16:11.690000+00:00,1.6,us20007d25,2016-10-10 08:35:05.620000+00:00,5.6,-15.372,-174.8198,Tonga,64.5,0,20.0,aftershock sequence
3365,1859,5,2015-04-08 22:42:50.400000+00:00,2015-04-19 15:45:55.770000+00:00,10.7,us200025t9,2015-04-11 05:00:42.480000+00:00,5.5,2.1173,126.6945,Indonesia,96.0,0,20.0,aftershock sequence
3366,1855,5,2015-03-20 15:20:35.700000+00:00,2015-03-28 16:27:29.130000+00:00,8.0,us10001p68,2015-03-20 15:20:35.700000+00:00,5.0,11.1173,-86.8963,Nicaragua,36.2,0,0.0,aftershock sequence
3367,1828,5,2015-01-13 18:03:43.170000+00:00,2015-01-13 21:20:25.090000+00:00,0.1,usc000tfar,2015-01-13 18:03:43.170000+00:00,5.0,27.1643,143.5734,Japan,20.0,0,0.0,aftershock sequence
3368,1822,5,2014-12-27 12:22:04.450000+00:00,2015-01-07 04:48:33.600000+00:00,10.7,usc000taxi,2014-12-31 07:54:36.890000+00:00,5.2,24.6707,122.5575,Taiwan,98.1,0,60.0,swarm
3369,1819,5,2014-12-18 07:14:07.610000+00:00,2014-12-28 19:25:41.560000+00:00,10.5,usc000t9lq,2014-12-24 02:01:37.030000+00:00,5.0,15.6979,144.97,Northern Mariana Islands,50.0,0,40.0,swarm
3370,263,5,2003-03-30 13:04:10.120000+00:00,2003-03-31 01:35:01.300000+00:00,0.5,usp000btwz,2003-03-30 13:04:10.120000+00:00,5.4,49.168,156.214,Russia,11.0,0,0.0,aftershock sequence
3371,262,5,2003-03-27 16:10:36.410000+00:00,2003-04-03 22:30:11.400000+00:00,7.3,usp000btsh,2003-03-29 17:42:15.700000+00:00,5.5,43.109,15.464,Croatia,18.8,0,20.0,aftershock sequence
3372,245,5,2002-12-28 09:36:08.480000+00:00,2003-01-01 18:05:27.940000+00:00,4.4,usp000bmk3,2002-12-28 09:36:08.480000+00:00,5.6,51.429,-168.526,Alaska,101.6,0,0.0,aftershock sequence
3373,244,5,2002-12-24 02:43:32.590000+00:00,2002-12-28 03:20:43.600000+00:00,4.0,usp000bmjd,2002-12-28 03:20:43.600000+00:00,5.9,-18.247,-178.534,Fiji,70.3,0,80.0,swarm
3374,243,5,2002-12-21 23:41:05.580000+00:00,2002-12-25 05:52:21.410000+00:00,3.3,usp000bmaw,2002-12-24 11:37:39.850000+00:00,5.3,-7.14,154.692,Papua New Guinea,47.3,0,60.0,swarm
3375,238,5,2002-11-26 08:00:23.340000+00:00,2002-12-09 04:15:08.720000+00:00,12.8,usp000bk9x,2002-12-08 01:43:24.370000+00:00,4.7,-4.579,151.21,Papua New Guinea,130.1,0,60.0,swarm
3376,236,5,2002-11-26 00:48:15.040000+00:00,2002-11-26 06:35:40.890000+00:00,0.2,usp000bjd0,2002-11-26 00:48:15.040000+00:00,6.1,51.465,-173.537,Alaska,18.0,0,0.0,aftershock sequence
3377,3367,5,2025-07-02 04:39:30.035000+00:00,2025-07-03 17:50:57.651000+00:00,1.5,us7000qaif,2025-07-03 17:50:57.651000+00:00,5.0,5.8287,61.4716,Carlsberg Ridge,26.4,0,80.0,swarm
3378,3362,5,2025-06-18 23:08:06.586000+00:00,2025-06-21 23:03:01.002000+00:00,3.0,us6000qlnz,2025-06-21 21:23:18.562000+00:00,6.0,42.8951,146.4037,Japan,45.5,0,40.0,swarm
3379,3344,5,2025-05-05 10:09:59.032000+00:00,2025-05-11 21:25:51.241000+00:00,6.5,us7000px8h,2025-05-05 10:53:27.776000+00:00,5.6,23.909,121.9671,Taiwan,97.0,0,40.0,swarm
3380,3341,5,2025-04-30 16:08:01.898000+00:00,2025-04-30 23:56:05.370000+00:00,0.3,us7000pw9v,2025-04-30 23:56:05.370000+00:00,4.9,4.3327,128.2079,Indonesia,22.4,0,80.0,swarm
3381,66,5,2001-01-10 16:02:42.638000+00:00,2001-01-11 03:29:04.083000+00:00,0.5,ak001gswxc7,2001-01-10 16:02:42.638000+00:00,6.9,56.7744,-153.281,Alaska,24.8,1,0.0,aftershock sequence
3382,60,5,2000-12-12 03:30:23.730000+00:00,2000-12-21 00:06:00.880000+00:00,8.9,usp000a5xx,2000-12-12 03:30:23.730000+00:00,4.9,-16.211,-173.806,Tonga,105.0,0,0.0,aftershock sequence
3383,59,5,2000-12-08 19:44:24.500000+00:00,2000-12-15 12:42:09.400000+00:00,6.7,usp000a5qz,2000-12-08 19:44:24.500000+00:00,5.1,46.709,152.921,Kuril Islands,110.0,0,0.0,aftershock sequence
3384,88,5,2001-05-04 16:07:57.560000+00:00,2001-05-06 13:50:13.670000+00:00,1.9,usp000aee5,2001-05-04 16:07:57.560000+00:00,5.3,24.07,-108.695,Mexico,38.0,0,0.0,aftershock sequence
3385,3510,5,2026-06-04 17:44:45.613000+00:00,2026-06-16 17:25:57.362000+00:00,12.0,us7000sr4j,2026-06-06 18:52:28.953000+00:00,4.7,40.2822,142.3192,Japan,124.8,0,40.0,swarm
3386,3506,5,2026-05-30 05:48:13.661000+00:00,2026-06-01 10:57:15.279000+00:00,2.2,us7000sqm6,2026-05-30 07:03:03.492000+00:00,4.6,6.0722,126.7799,Philippines,110.3,0,20.0,aftershock sequence
3387,3328,5,2025-03-14 00:11:48.874000+00:00,2025-03-25 09:12:13.295000+00:00,11.4,us6000pztt,2025-03-19 20:47:31.933000+00:00,4.8,-17.472,-178.7019,Fiji,112.6,0,20.0,aftershock sequence
3388,3370,5,2025-07-02 14:14:22.840000+00:00,2025-07-14 16:53:18.423000+00:00,12.1,us7000qbk1,2025-07-09 12:31:59.987000+00:00,5.3,30.6514,140.162,Japan,88.8,0,40.0,swarm
3389,247,5,2003-01-04 05:45:01.450000+00:00,2003-01-11 04:19:32.540000+00:00,6.9,usp000bnbn,2003-01-10 13:11:56.910000+00:00,6.7,-5.311,153.701,Papua New Guinea,156.0,1,60.0,swarm
3390,246,5,2002-12-29 22:14:42.310000+00:00,2003-01-10 15:33:41.130000+00:00,11.7,usp000bn2k,2003-01-04 18:38:02.660000+00:00,5.4,-17.436,167.584,Vanuatu,72.5,0,40.0,swarm
3391,2072,5,2016-08-18 18:09:43.940000+00:00,2016-08-18 19:48:53.840000+00:00,0.1,us10006esj,2016-08-18 18:09:43.940000+00:00,6.0,-55.9035,-123.2414,East Pacific Rise,36.8,0,0.0,aftershock sequence
3392,2066,5,2016-08-08 12:24:32.820000+00:00,2016-08-10 17:37:07+00:00,2.2,us10006c1k,2016-08-08 12:24:32.820000+00:00,5.0,-31.5865,-71.6537,Chile,96.3,0,0.0,aftershock sequence
3393,2063,5,2016-07-26 16:32:02.300000+00:00,2016-08-04 22:27:36.170000+00:00,9.2,us100068yv,2016-07-31 11:33:20.650000+00:00,5.9,-56.2564,-27.5372,South Sandwich Islands,85.5,0,20.0,aftershock sequence
3394,2060,5,2016-07-25 19:50:02.090000+00:00,2016-07-26 07:15:16.570000+00:00,0.5,us20006hkg,2016-07-25 19:50:02.090000+00:00,5.2,-3.8183,151.5276,Papua New Guinea,20.1,0,0.0,aftershock sequence
3395,2058,5,2016-07-20 03:20:34.330000+00:00,2016-07-20 07:57:58.840000+00:00,0.2,us20006g1j,2016-07-20 03:30:12.920000+00:00,5.4,-15.5978,-13.1885,Mid-Atlantic Ridge,74.0,0,40.0,swarm
3396,2057,5,2016-07-16 05:24:57.510000+00:00,2016-07-20 01:46:01.900000+00:00,3.8,us20006fik,2016-07-18 10:27:17.330000+00:00,5.1,-31.8323,-177.9669,Kermadec Islands,61.1,0,20.0,aftershock sequence
3397,2026,5,2016-05-03 00:00:51.680000+00:00,2016-05-10 05:56:38.590000+00:00,7.2,us10005d6s,2016-05-03 00:00:51.680000+00:00,5.7,43.6954,147.5063,Russia,74.0,0,0.0,aftershock sequence
3398,1885,5,2015-06-06 05:30:01.330000+00:00,2015-06-10 11:07:26.690000+00:00,4.2,us20002njk,2015-06-10 10:15:52.460000+00:00,5.0,-18.2861,-178.0123,Fiji,104.5,0,60.0,swarm
3399,1884,5,2015-06-05 21:37:21.110000+00:00,2015-06-06 03:48:33.140000+00:00,0.3,us20002q0p,2015-06-05 21:37:21.110000+00:00,4.7,-48.2087,99.3557,southeast Indian Ridge,37.8,0,0.0,aftershock sequence
3400,1842,5,2015-02-18 09:32:26.770000+00:00,2015-02-18 18:50:46.070000+00:00,0.4,usb000tq9f,2015-02-18 09:32:26.770000+00:00,6.1,-10.7598,164.1216,Solomon Islands,12.3,0,0.0,aftershock sequence
3401,1840,5,2015-02-16 01:04:09.300000+00:00,2015-02-22 18:21:55.470000+00:00,6.7,usb000tpqe,2015-02-16 17:20:34.040000+00:00,4.8,-14.9424,166.9444,Vanuatu,58.5,0,20.0,aftershock sequence
3402,1839,5,2015-02-14 16:54:24.090000+00:00,2015-02-21 12:24:47.720000+00:00,6.8,usb000tpcz,2015-02-14 16:54:24.090000+00:00,5.3,-16.8906,-14.5968,Mid-Atlantic Ridge,50.6,0,0.0,aftershock sequence
3403,1837,5,2015-02-09 15:14:58.800000+00:00,2015-02-12 13:40:32.260000+00:00,2.9,usb000tnkw,2015-02-12 13:40:32.260000+00:00,4.9,-12.3651,166.9588,Vanuatu,93.9,0,80.0,swarm
3404,204,5,2002-08-26 15:32:10.790000+00:00,2002-09-07 22:59:29.700000+00:00,12.3,usp000bb1t,2002-09-01 05:56:24.310000+00:00,5.5,24.056,122.272,Taiwan,87.5,0,40.0,swarm
3405,202,5,2002-08-19 11:03:13.230000+00:00,2002-08-19 19:14:32.670000+00:00,0.3,usp000ba6m,2002-08-19 11:08:24.310000+00:00,7.7,-23.884,178.495,Fiji Islands,83.0,1,20.0,aftershock sequence
3406,3398,5,2025-09-26 21:49:58.787000+00:00,2025-10-02 11:23:10.814000+00:00,5.6,us6000rd99,2025-09-26 21:49:58.787000+00:00,5.2,34.9197,104.589,China,9.2,0,0.0,aftershock sequence
3407,3392,5,2025-08-29 00:44:17.971000+00:00,2025-09-08 18:52:10.347000+00:00,10.8,us7000quup,2025-09-08 18:52:10.347000+00:00,5.3,9.9133,125.5075,Philippines,170.6,0,80.0,swarm
3408,3391,5,2025-09-03 20:57:47.645000+00:00,2025-09-06 20:40:42.434000+00:00,3.0,us7000qtm0,2025-09-03 20:57:47.645000+00:00,5.9,52.207,-169.5044,Alaska,12.0,0,0.0,aftershock sequence
3409,3361,5,2025-06-12 08:25:03.094000+00:00,2025-06-17 12:03:43.698000+00:00,5.2,us6000qkt1,2025-06-17 12:00:21.822000+00:00,4.9,-23.2021,-175.2174,Tonga,93.0,0,60.0,swarm
3410,3359,5,2025-06-10 21:34:38.714000+00:00,2025-06-16 08:43:33.400000+00:00,5.5,us6000qjgj,2025-06-10 21:34:38.714000+00:00,4.7,-10.1113,160.6988,Solomon Islands,142.0,0,0.0,aftershock sequence
3411,3386,5,2025-08-18 00:05:55.863000+00:00,2025-08-28 01:34:11.475000+00:00,10.1,us6000r2hj,2025-08-20 17:13:18.581000+00:00,5.0,-30.154,-177.7973,New Zealand,67.5,0,20.0,aftershock sequence
3412,232,5,2002-11-08 08:27:47.990000+00:00,2002-11-18 16:09:56.590000+00:00,10.3,usp000bhy8,2002-11-18 15:59:06.920000+00:00,4.9,-6.762,129.563,Banda Sea,114.0,0,60.0,swarm
3413,230,5,2002-11-09 22:48:14.990000+00:00,2002-11-12 00:54:42.050000+00:00,2.1,usp000bh88,2002-11-09 22:48:14.990000+00:00,4.9,-1.535,133.909,Indonesia,97.9,0,0.0,aftershock sequence
3414,227,5,2002-11-03 06:45:22+00:00,2002-11-03 09:12:43.240000+00:00,0.1,usp000bfz8,2002-11-03 08:45:00.040000+00:00,5.4,13.25,95.698,Myanmar,24.8,0,60.0,swarm
3415,222,5,2002-10-16 10:12:21.430000+00:00,2002-10-29 13:11:15.720000+00:00,13.1,usp000bep1,2002-10-16 10:12:21.430000+00:00,6.2,51.952,157.323,Russia,146.4,0,0.0,aftershock sequence
3416,219,5,2002-10-14 00:16:23.330000+00:00,2002-10-25 08:18:17.510000+00:00,11.3,usp000bevp,2002-10-19 18:24:22.520000+00:00,5.4,-18.488,-174.616,Tonga,99.6,0,40.0,swarm
3417,3380,5,2025-08-09 20:40:57.876000+00:00,2025-08-10 21:49:44.867000+00:00,1.0,us6000qzin,2025-08-09 20:40:57.876000+00:00,5.9,13.48,-92.3994,Guatemala,21.6,0,0.0,aftershock sequence
3418,3500,5,2026-05-13 06:36:41.278000+00:00,2026-05-21 08:37:03.029000+00:00,8.1,us6000sz3x,2026-05-20 23:00:56.948000+00:00,5.7,-56.1123,-27.8772,South Sandwich Islands,96.8,0,60.0,swarm
3419,3497,5,2026-04-30 06:40:48.483000+00:00,2026-05-13 02:02:55.054000+00:00,12.8,us6000svmz,2026-05-06 11:46:48.800000+00:00,5.1,-32.2013,-177.9213,Kermadec Islands,55.9,0,60.0,swarm
3420,188,5,2002-06-25 11:36:16.850000+00:00,2002-06-30 15:05:03.090000+00:00,5.1,usp000b6zf,2002-06-26 21:38:25.910000+00:00,4.7,11.146,125.721,Philippines,86.5,0,20.0,aftershock sequence
3421,187,5,2002-06-22 02:58:21.300000+00:00,2002-06-26 18:18:14.450000+00:00,4.6,usp000b6pk,2002-06-22 02:58:21.300000+00:00,6.5,35.626,49.047,Iran,22.8,1,0.0,aftershock sequence
3422,185,5,2002-06-19 22:45:51.590000+00:00,2002-06-20 11:42:50.450000+00:00,0.5,usp000b6hc,2002-06-19 23:54:11+00:00,5.5,-19.278,169.674,Vanuatu,68.1,0,60.0,swarm
3423,1835,5,2015-01-31 21:35:00.110000+00:00,2015-02-09 05:48:17.590000+00:00,8.3,usc000tnr6,2015-02-03 11:48:18.160000+00:00,5.0,-31.3862,-177.6896,Kermadec Islands,86.3,0,40.0,swarm
3424,2047,5,2016-06-18 23:47:24.260000+00:00,2016-06-28 13:55:51.080000+00:00,9.6,us200067hm,2016-06-28 13:55:51.080000+00:00,5.1,-4.2141,133.7873,Indonesia,60.2,0,80.0,swarm
3425,2045,5,2016-06-16 01:14:45.440000+00:00,2016-06-28 23:07:29.330000+00:00,12.9,us200065x1,2016-06-22 03:54:40.610000+00:00,5.1,-30.6352,-71.6921,Chile,64.6,0,60.0,swarm
3426,1860,5,2015-04-14 08:00:02.700000+00:00,2015-04-17 02:05:40.330000+00:00,2.8,us2000272b,2015-04-16 18:07:43.610000+00:00,6.0,35.1891,26.8235,Greece,85.6,0,20.0,aftershock sequence
3427,2023,5,2016-04-28 01:17:12.560000+00:00,2016-05-07 02:46:20.370000+00:00,9.1,us10005c29,2016-04-28 01:17:12.560000+00:00,5.4,-6.0772,155.0123,Papua New Guinea,114.4,0,0.0,aftershock sequence
3428,2020,5,2016-04-25 07:07:08.600000+00:00,2016-04-27 12:51:19.440000+00:00,2.2,us20005li9,2016-04-25 07:07:08.600000+00:00,6.0,14.479,-93.1509,Mexico,17.5,0,0.0,aftershock sequence
3429,2018,5,2016-04-19 10:45:03.900000+00:00,2016-04-26 17:01:13.240000+00:00,7.3,us20005lgm,2016-04-24 22:24:36.450000+00:00,5.7,-17.6976,-173.2031,Tonga,122.1,0,60.0,swarm
3430,2017,5,2016-04-18 04:16:41.630000+00:00,2016-04-26 23:54:26.110000+00:00,8.8,us20005je2,2016-04-18 06:20:15.270000+00:00,4.6,-17.1082,-174.2316,Tonga,100.3,0,20.0,aftershock sequence
3431,1852,5,2015-03-11 18:02:14.450000+00:00,2015-03-24 03:28:26.180000+00:00,12.4,us10001n7n,2015-03-17 20:16:19.080000+00:00,5.5,-17.8236,-178.5653,Fiji,54.2,0,40.0,swarm
3432,1851,5,2015-03-09 04:55:29.070000+00:00,2015-03-19 03:49:23.560000+00:00,10.0,us10001nq6,2015-03-19 03:49:23.560000+00:00,5.0,-55.391,-28.3497,South Sandwich Islands,118.2,0,80.0,swarm
3433,1879,5,2015-05-24 03:44:11.550000+00:00,2015-06-05 17:38:24.070000+00:00,12.6,us10002bvq,2015-05-24 03:44:11.550000+00:00,4.8,-56.0765,-27.8509,South Sandwich Islands,68.3,0,0.0,aftershock sequence
3434,207,5,2002-08-31 12:16:42.590000+00:00,2002-09-11 14:22:00.090000+00:00,11.1,usp000bbap,2002-09-05 21:35:35.600000+00:00,5.0,-34.029,-179.006,Kermadec Islands,113.2,0,20.0,aftershock sequence
3435,206,5,2002-09-05 12:39:49.650000+00:00,2002-09-12 08:02:01.740000+00:00,6.8,usp000bbj0,2002-09-07 11:34:13.620000+00:00,4.8,-20.219,168.909,Vanuatu,131.8,0,20.0,aftershock sequence
3436,1909,5,2015-07-27 20:16:07.920000+00:00,2015-08-10 12:00:27.290000+00:00,13.7,us100032cc,2015-07-27 21:52:05.830000+00:00,5.3,-5.384,151.9976,Papua New Guinea,101.4,0,20.0,aftershock sequence
3437,1902,5,2015-07-16 20:53:13.620000+00:00,2015-07-17 17:47:09.900000+00:00,0.9,us20002y0b,2015-07-16 20:53:13.620000+00:00,5.3,9.1313,126.7559,Philippines,22.8,0,0.0,aftershock sequence
3438,179,5,2002-05-25 05:36:31.970000+00:00,2002-05-29 18:01:57.050000+00:00,4.5,usp000b4xj,2002-05-25 05:36:31.970000+00:00,6.4,53.815,-161.116,Alaska,14.5,0,0.0,aftershock sequence
3439,174,5,2002-05-13 08:32:46.960000+00:00,2002-05-14 08:09:17.070000+00:00,1.0,usp000b486,2002-05-13 08:32:46.960000+00:00,5.2,14.657,54.248,Yemen,27.3,0,0.0,aftershock sequence
3440,171,5,2002-04-24 19:43:11.090000+00:00,2002-04-30 07:10:52.280000+00:00,5.5,usp000b33c,2002-04-24 19:48:07.120000+00:00,5.4,34.642,47.4,Iran,26.7,0,20.0,aftershock sequence
3441,169,5,2002-04-15 23:43:11.430000+00:00,2002-04-20 07:25:34.490000+00:00,4.3,usp000b2nc,2002-04-18 08:53:52.290000+00:00,5.3,3.411,126.888,Indonesia,34.7,0,40.0,swarm
3442,3424,5,2025-11-18 07:11:32.343000+00:00,2025-11-29 00:55:12.692000+00:00,10.7,us6000rnwe,2025-11-18 07:11:32.343000+00:00,4.9,-24.0656,-66.9981,Argentina,97.7,0,0.0,aftershock sequence
3443,3423,5,2025-11-19 19:06:07.072000+00:00,2025-11-27 09:59:14.336000+00:00,7.6,us6000rpa3,2025-11-20 04:19:54.661000+00:00,5.1,1.5341,127.1321,Indonesia,104.8,0,20.0,aftershock sequence
3444,3422,5,2025-11-16 18:48:43.391000+00:00,2025-11-28 10:39:10.446000+00:00,11.7,us6000rpql,2025-11-21 22:38:09.841000+00:00,5.6,49.6656,158.5579,Russia,87.2,0,20.0,aftershock sequence
3445,3418,5,2025-11-12 09:31:27.046000+00:00,2025-11-13 09:27:24.278000+00:00,1.0,us6000rmyh,2025-11-12 14:23:31.181000+00:00,5.3,34.9226,32.5546,Cyprus,23.9,0,40.0,swarm
3446,3417,5,2025-11-08 16:05:50.900000+00:00,2025-11-11 10:55:33.678000+00:00,2.8,us7000re6e,2025-11-08 22:13:49.774000+00:00,4.8,-12.5795,167.6399,Vanuatu,143.5,0,60.0,swarm
3447,3416,5,2025-11-06 13:25:55.260000+00:00,2025-11-07 12:59:22.537000+00:00,1.0,us6000rm2p,2025-11-07 12:04:30.070000+00:00,5.6,27.9293,-111.8864,Mexico,10.3,0,40.0,swarm
3448,3409,5,2025-10-21 18:11:08.673000+00:00,2025-10-31 19:30:18.479000+00:00,10.1,us6000rii9,2025-10-21 18:11:08.673000+00:00,5.2,-59.1087,-25.5829,South Sandwich Islands,71.9,0,0.0,aftershock sequence
3449,3407,5,2025-10-17 12:15:03.739000+00:00,2025-10-21 05:59:30.501000+00:00,3.7,us6000rhs3,2025-10-17 12:15:03.739000+00:00,5.5,36.7572,72.8064,Afghanistan,22.1,0,0.0,aftershock sequence
3450,3403,5,2025-10-10 02:08:10.652000+00:00,2025-10-11 08:35:22.463000+00:00,1.3,us6000rfye,2025-10-10 02:08:10.652000+00:00,6.3,-3.0764,147.9714,Papua New Guinea,120.6,0,0.0,aftershock sequence
3451,3377,5,2025-07-26 10:10:04.342000+00:00,2025-07-28 05:19:53.081000+00:00,1.8,us6000qvk1,2025-07-28 03:54:33.561000+00:00,5.0,27.483,52.6537,Iran,12.3,0,40.0,swarm
3452,3440,5,2025-12-30 10:17:19.055000+00:00,2026-01-01 06:54:58.529000+00:00,1.9,us7000rluk,2026-01-01 06:46:54.742000+00:00,5.7,60.5362,-140.0494,Alaska,29.7,0,20.0,aftershock sequence
3453,195,5,2002-07-11 22:44:43.360000+00:00,2002-07-22 13:45:24.170000+00:00,10.6,usp000b838,2002-07-14 12:22:48.400000+00:00,5.0,-7.065,103.75,Indonesia,101.2,0,40.0,swarm
3454,3433,5,2025-12-19 13:51:19.689000+00:00,2025-12-20 20:50:40.652000+00:00,1.3,us6000rw5u,2025-12-20 06:57:09.754000+00:00,5.6,-63.8087,172.771,Balleny Islands,32.4,0,40.0,swarm
3455,183,5,2002-06-07 15:29:23.440000+00:00,2002-06-16 22:43:04.610000+00:00,9.3,usp000b68d,2002-06-16 02:46:14.030000+00:00,6.4,8.784,-83.992,Costa Rica,25.0,0,40.0,swarm
3456,181,5,2002-06-05 02:38:06.080000+00:00,2002-06-17 14:08:53.370000+00:00,12.5,usp000b68u,2002-06-16 06:55:13.280000+00:00,5.9,-17.866,-178.696,Fiji,96.9,0,60.0,swarm
3457,1868,5,2015-04-27 22:11:13.360000+00:00,2015-05-04 18:04:56.450000+00:00,6.8,us20002b8y,2015-05-04 18:04:56.450000+00:00,5.4,-56.5337,-27.3608,South Sandwich Islands,125.9,0,80.0,swarm
3458,2040,5,2016-06-13 04:00:47.680000+00:00,2016-06-21 17:08:57.460000+00:00,8.5,us200064pf,2016-06-16 00:48:03.690000+00:00,5.1,-20.7811,-178.6089,Fiji,35.2,0,40.0,swarm
3459,2039,5,2016-06-14 01:45:35.780000+00:00,2016-06-14 22:42:17.410000+00:00,0.9,us200064fn,2016-06-14 22:42:17.410000+00:00,5.0,-20.6284,-11.5756,Mid-Atlantic Ridge,94.1,0,80.0,swarm
3460,2036,5,2016-06-03 23:32:44.610000+00:00,2016-06-11 00:24:01.310000+00:00,7.0,us200062h6,2016-06-07 07:02:52.910000+00:00,5.4,-23.6408,-179.8823,Fiji Islands,69.5,0,40.0,swarm
3461,2030,5,2016-05-16 12:23:02.500000+00:00,2016-05-23 16:42:57.650000+00:00,7.2,us10005hqy,2016-05-16 12:23:02.500000+00:00,5.4,36.023,139.806,Japan,113.8,0,0.0,aftershock sequence
3462,2027,5,2016-05-12 10:03:36.090000+00:00,2016-05-18 00:28:17.890000+00:00,5.6,us10005grk,2016-05-12 10:03:36.090000+00:00,4.7,5.3854,126.6803,Philippines,101.0,0,0.0,aftershock sequence
3463,1930,5,2015-09-14 23:41:36.360000+00:00,2015-09-27 02:56:13.740000+00:00,12.1,us20003pf6,2015-09-27 02:56:13.740000+00:00,5.5,-7.1772,129.6047,Indonesia,122.6,0,80.0,swarm
3464,1929,5,2015-09-21 11:36:07.720000+00:00,2015-09-21 23:29:34.910000+00:00,0.5,us20003mf0,2015-09-21 11:36:07.720000+00:00,5.0,-57.3074,147.7187,Macquarie Island,55.8,0,0.0,aftershock sequence
3465,2008,5,2016-03-28 09:09:07.440000+00:00,2016-04-08 23:44:22.710000+00:00,11.6,us20005dxj,2016-03-28 09:09:07.440000+00:00,4.8,-18.191,-173.9073,Tonga,115.4,0,0.0,aftershock sequence
3466,2003,5,2016-03-15 20:06:17.480000+00:00,2016-03-28 01:07:22.220000+00:00,12.2,us20005ary,2016-03-15 20:06:17.480000+00:00,4.9,-21.8354,170.7404,Vanuatu,140.0,0,0.0,aftershock sequence
3467,1910,5,2015-07-29 17:56:37.360000+00:00,2015-08-07 09:42:11.560000+00:00,8.7,us10002w12,2015-07-29 17:56:37.360000+00:00,5.4,-10.8806,166.2386,Solomon Islands,145.7,0,0.0,aftershock sequence
3468,147,5,2002-01-22 01:45:59.300000+00:00,2002-02-02 10:52:23.830000+00:00,11.4,usp000axbf,2002-01-28 15:09:55.890000+00:00,6.2,-15.304,-173.225,Tonga,83.0,0,20.0,aftershock sequence
3469,145,5,2002-01-15 07:12:58.030000+00:00,2002-01-26 03:26:33.370000+00:00,10.8,usp000awh1,2002-01-15 07:12:58.030000+00:00,6.1,-6.314,105.205,Indonesia,45.3,0,0.0,aftershock sequence
3470,137,5,2001-12-07 20:29:42.360000+00:00,2001-12-11 06:35:21.240000+00:00,3.4,usp000au6g,2001-12-07 20:29:42.360000+00:00,4.9,9.587,126.355,Philippines,99.1,0,0.0,aftershock sequence
3471,3464,5,2026-02-17 15:11:15.953000+00:00,2026-02-23 01:58:15.373000+00:00,5.4,us6000s9sa,2026-02-17 15:11:15.953000+00:00,4.9,-23.5837,179.8445,Fiji Islands,83.7,0,0.0,aftershock sequence
3472,3458,5,2026-01-31 15:53:44.820000+00:00,2026-02-08 12:06:47.351000+00:00,7.8,us6000s6ve,2026-02-06 04:24:32.907000+00:00,5.1,53.0593,160.0124,Russia,78.2,0,20.0,aftershock sequence
3473,3428,5,2025-12-07 09:08:05.286000+00:00,2025-12-08 21:15:47.881000+00:00,1.5,us7000rke3,2025-12-07 12:16:33.041000+00:00,5.5,-14.6843,166.6769,Vanuatu,33.9,0,40.0,swarm
3474,3453,5,2026-01-18 04:16:46.470000+00:00,2026-01-30 01:15:31.911000+00:00,11.9,us7000rqdm,2026-01-18 04:16:46.470000+00:00,5.0,0.5812,125.2815,Indonesia,130.1,0,0.0,aftershock sequence
3475,3452,5,2026-01-16 19:34:14.532000+00:00,2026-01-29 14:13:16.479000+00:00,12.8,us7000rq7c,2026-01-16 19:34:14.532000+00:00,5.3,41.2871,142.595,Japan,76.8,0,0.0,aftershock sequence
3476,3450,5,2026-01-20 22:19:26.455000+00:00,2026-01-21 01:05:49.009000+00:00,0.1,us7000rr0g,2026-01-21 01:05:49.009000+00:00,5.3,14.4218,53.6836,Yemen,29.6,0,80.0,swarm
3477,167,5,2002-04-10 02:22:32.650000+00:00,2002-04-10 20:43:29.760000+00:00,0.8,usp000b23h,2002-04-10 10:09:21.290000+00:00,5.9,-20.741,169.285,Vanuatu,65.8,0,20.0,aftershock sequence
3478,164,5,2002-04-06 09:03:42.800000+00:00,2002-04-08 05:08:27.640000+00:00,1.8,usp000b1y5,2002-04-07 18:34:37.850000+00:00,5.4,19.687,-109.274,Revilla Gigedo Islands,23.6,0,40.0,swarm
3479,158,5,2002-03-16 20:50:02.230000+00:00,2002-03-25 12:56:57.210000+00:00,8.7,usp000b0f1,2002-03-16 20:50:02.230000+00:00,5.6,-6.196,151.405,Papua New Guinea,123.5,0,0.0,aftershock sequence
3480,157,5,2002-03-17 21:43:31.110000+00:00,2002-03-18 21:19:21.020000+00:00,1.0,usp000b0hj,2002-03-17 21:43:31.110000+00:00,5.6,-36.816,-179.787,New Zealand,33.6,0,0.0,aftershock sequence
3481,153,5,2002-03-05 10:34:25.380000+00:00,2002-03-05 22:17:47.520000+00:00,0.5,usp000azpj,2002-03-05 11:15:59.330000+00:00,5.5,-6.888,128.995,Timor Leste,48.0,0,20.0,aftershock sequence
3482,3446,5,2026-01-05 15:35:18.616000+00:00,2026-01-17 00:16:17.313000+00:00,11.4,us7000rq8a,2026-01-17 00:16:17.313000+00:00,5.0,29.8969,142.1796,Japan,183.5,0,80.0,swarm
3483,3443,5,2025-12-30 06:08:06.856000+00:00,2026-01-09 17:44:23.832000+00:00,10.5,us7000rmrb,2026-01-06 02:58:00.827000+00:00,4.9,-17.7251,-178.7097,Fiji,63.4,0,60.0,swarm
3484,129,5,2001-11-13 17:49:04.700000+00:00,2001-11-14 08:20:47.690000+00:00,0.6,usp000asvg,2001-11-14 08:20:47.690000+00:00,4.8,12.78,126.019,Philippines,14.3,0,80.0,swarm
3485,128,5,2001-10-21 03:40:18.280000+00:00,2001-10-29 02:52:17.600000+00:00,8.0,usp000arb1,2001-10-21 03:40:18.280000+00:00,5.7,1.83,126.506,Indonesia,173.8,0,0.0,aftershock sequence
3486,152,5,2002-02-20 14:48:47.140000+00:00,2002-02-20 18:38:53.150000+00:00,0.2,usp000ayup,2002-02-20 18:38:53.150000+00:00,5.4,-52.08,15.841,Africa,15.7,0,80.0,swarm
3487,149,5,2002-02-03 07:11:28.410000+00:00,2002-02-03 11:54:35.530000+00:00,0.2,usp000axp7,2002-02-03 07:11:28.410000+00:00,6.5,38.573,31.271,Turkey,37.5,1,0.0,aftershock sequence
3488,148,5,2002-01-26 18:17:05.650000+00:00,2002-02-05 08:49:37.070000+00:00,9.6,usp000axdb,2002-01-29 12:07:06.440000+00:00,4.8,-7.548,129.09,Timor Leste,187.6,0,40.0,swarm
3489,1898,5,2015-07-13 08:39:26.330000+00:00,2015-07-19 19:05:59.460000+00:00,6.4,us20002y24,2015-07-16 23:29:03.920000+00:00,5.0,11.6616,142.5796,Guam,93.3,0,40.0,swarm
3490,1926,5,2015-09-15 21:21:20.930000+00:00,2015-09-16 18:56:09.810000+00:00,0.9,us20003jtk,2015-09-15 21:21:20.930000+00:00,5.0,-20.0288,-70.8032,Chile,20.5,0,0.0,aftershock sequence
3491,1925,5,2015-09-13 07:40:36.570000+00:00,2015-09-13 15:04:54.450000+00:00,0.3,us20003j4u,2015-09-13 08:14:08.560000+00:00,6.7,24.913,-109.6226,Mexico,31.0,1,40.0,swarm
3492,1915,5,2015-08-14 12:13:17.980000+00:00,2015-08-24 18:24:39.350000+00:00,10.3,us100034iu,2015-08-24 18:24:39.350000+00:00,4.7,38.7765,142.0859,Japan,91.0,0,80.0,swarm
3493,1913,5,2015-08-07 17:39:28.440000+00:00,2015-08-18 11:53:25.580000+00:00,10.8,us1000334a,2015-08-18 11:53:25.580000+00:00,5.1,-56.1134,-26.4808,South Sandwich Islands,74.7,0,80.0,swarm
3494,2024,5,2016-05-05 08:38:29.980000+00:00,2016-05-11 21:39:13.190000+00:00,6.5,us10005e5j,2016-05-05 20:39:16.340000+00:00,5.1,1.4537,126.4364,Indonesia,99.3,0,40.0,swarm
3495,1985,5,2016-01-31 17:38:59.950000+00:00,2016-02-04 07:13:44.940000+00:00,3.6,us20004w6c,2016-01-31 17:38:59.950000+00:00,6.1,-63.263,169.1485,Balleny Islands,49.4,0,0.0,aftershock sequence
3496,1984,5,2016-01-30 12:02:47.630000+00:00,2016-02-03 08:01:49.860000+00:00,3.8,us20004w3k,2016-01-31 02:50:05.980000+00:00,5.7,-2.8659,147.1385,Papua New Guinea,53.6,0,40.0,swarm
3497,1978,5,2015-12-30 21:29:23.040000+00:00,2016-01-08 03:11:28+00:00,8.2,us10004c96,2016-01-08 01:12:01.020000+00:00,5.7,-30.664,-71.6383,Chile,122.9,0,60.0,swarm
3498,2014,5,2016-04-09 02:05:10.520000+00:00,2016-04-17 06:32:41.680000+00:00,8.2,us20005ih9,2016-04-15 14:11:26.430000+00:00,6.1,13.4008,-92.367,Guatemala,60.9,0,20.0,aftershock sequence
3499,2009,5,2016-04-05 08:28:02.400000+00:00,2016-04-06 22:19:23.050000+00:00,1.6,us20005fjj,2016-04-05 08:29:20.950000+00:00,5.9,4.2073,126.6515,Philippines,26.6,0,20.0,aftershock sequence
3500,3490,5,2026-04-19 13:00:04.425000+00:00,2026-04-24 12:49:36.689000+00:00,5.0,us6000ssik,2026-04-24 08:59:27.861000+00:00,5.3,52.8044,161.1071,Russia,14.3,0,40.0,swarm
3501,3488,5,2026-04-18 05:58:06.815000+00:00,2026-04-18 06:17:45.186000+00:00,0.0,us6000sr2n,2026-04-18 05:59:58.529000+00:00,5.5,6.4116,60.1996,Carlsberg Ridge,19.3,0,40.0,swarm
3502,3487,5,2026-04-12 20:05:14.422000+00:00,2026-04-22 20:58:06.625000+00:00,10.0,us6000spj7,2026-04-12 20:05:14.422000+00:00,4.9,49.8144,155.799,Russia,145.8,0,0.0,aftershock sequence
3503,3482,5,2026-03-28 04:27:02.039000+00:00,2026-03-28 15:02:06.634000+00:00,0.4,us7000s8d7,2026-03-28 12:57:53.114000+00:00,5.1,16.3342,-98.617,Mexico,24.9,0,60.0,swarm
3504,3457,5,2026-01-28 05:07:51.480000+00:00,2026-02-08 15:16:24.709000+00:00,11.4,us6000s692,2026-02-03 19:21:36.375000+00:00,5.2,-6.2328,147.6073,Papua New Guinea,92.5,0,40.0,swarm
3505,117,5,2001-09-03 21:10:45.700000+00:00,2001-09-05 19:00:36.740000+00:00,1.9,usp000anp0,2001-09-05 04:53:43.370000+00:00,5.9,-16.244,177.998,Fiji,24.5,0,60.0,swarm
3506,113,5,2001-08-04 10:44:30.550000+00:00,2001-08-13 04:32:46.150000+00:00,8.7,usp000akvt,2001-08-05 11:58:06.460000+00:00,5.7,-10.815,164.949,Solomon Islands,49.2,0,20.0,aftershock sequence
3507,110,5,2001-08-01 22:29:02.520000+00:00,2001-08-05 09:26:04.350000+00:00,3.5,usp000akpy,2001-08-01 22:40:52.380000+00:00,5.0,-27.839,64.332,Southwest Indian Ridge,15.3,0,20.0,aftershock sequence
3508,107,5,2001-07-25 12:22:03.500000+00:00,2001-07-31 12:58:48.150000+00:00,6.0,usp000akks,2001-07-31 12:24:04.450000+00:00,5.8,51.156,179.385,Alaska,91.4,0,40.0,swarm
3509,105,5,2001-07-02 21:40:57.150000+00:00,2001-07-13 16:38:09.460000+00:00,10.8,usp000ahya,2001-07-04 02:07:49.610000+00:00,5.1,-11.5,166.445,Solomon Islands,135.0,0,20.0,aftershock sequence
3510,3474,5,2026-03-10 22:38:36.605000+00:00,2026-03-18 21:23:02.426000+00:00,7.9,us6000sghd,2026-03-15 18:56:54.260000+00:00,4.9,41.3983,142.6224,Japan,78.4,0,40.0,swarm
3511,3473,5,2026-03-09 10:52:40.450000+00:00,2026-03-15 12:51:02.348000+00:00,6.1,us7000s352,2026-03-09 10:52:40.450000+00:00,4.7,12.0633,125.5136,Philippines,19.9,0,0.0,aftershock sequence
3512,3471,5,2026-03-03 20:43:43.331000+00:00,2026-03-06 15:27:47.968000+00:00,2.8,us7000s2ip,2026-03-06 15:27:47.968000+00:00,5.0,-2.9214,130.2375,Indonesia,101.3,0,80.0,swarm
3513,136,5,2001-12-04 05:57:17.920000+00:00,2001-12-08 05:37:16.150000+00:00,4.0,usp000atz4,2001-12-04 05:57:17.920000+00:00,5.8,-15.35,-72.516,Peru,39.5,0,0.0,aftershock sequence
3514,134,5,2001-11-27 07:31:52.330000+00:00,2001-11-30 21:46:04.570000+00:00,3.6,usp000atjx,2001-11-27 07:31:52.330000+00:00,5.5,29.606,81.752,Nepal,32.9,0,0.0,aftershock sequence
3515,3435,5,2025-12-20 13:13:26.934000+00:00,2025-12-27 03:00:16.979000+00:00,6.6,us7000rkyz,2025-12-27 00:22:34.022000+00:00,5.4,-5.5456,102.3691,Indonesia,116.0,0,40.0,swarm
3516,1966,5,2015-11-30 16:50:28.290000+00:00,2015-12-12 06:22:16.650000+00:00,11.6,us10004285,2015-11-30 16:50:28.290000+00:00,4.9,-58.7649,-25.3503,South Sandwich Islands,135.7,0,0.0,aftershock sequence
3517,3516,5,2026-06-20 01:08:07.912000+00:00,2026-06-29 18:47:16.022000+00:00,9.7,us7000sv75,2026-06-22 12:39:18.919000+00:00,4.9,-23.4755,-175.8958,Tonga,76.6,0,20.0,aftershock sequence
3518,3515,5,2026-06-18 12:29:19.216000+00:00,2026-06-27 14:45:25.866000+00:00,9.1,us7000sv7j,2026-06-22 14:51:08.887000+00:00,4.8,-21.0915,-178.6013,Fiji,98.6,0,40.0,swarm
3519,9,5,2000-03-16 07:11:18.510000+00:00,2000-03-23 18:57:21.880000+00:00,7.5,usp0009ps3,2000-03-16 07:11:18.510000+00:00,5.0,-6.956,155.043,Papua New Guinea,68.4,0,0.0,aftershock sequence
3520,28,5,2000-06-25 06:34:42.880000+00:00,2000-07-03 13:24:44.920000+00:00,8.3,usp0009v37,2000-06-25 06:34:42.880000+00:00,6.0,31.183,131.206,Japan,34.4,0,0.0,aftershock sequence
3521,1995,5,2016-02-22 05:33:10.550000+00:00,2016-03-01 01:08:43.010000+00:00,7.8,us10004tqy,2016-03-01 01:08:43.010000+00:00,5.1,13.0839,-88.8191,El Salvador,100.0,0,80.0,swarm
3522,1960,5,2015-11-22 07:59:50.010000+00:00,2015-12-01 07:26:14.130000+00:00,9.0,us100040mw,2015-11-24 09:14:15.800000+00:00,5.0,-31.8014,-72.1266,Chile,96.3,0,20.0,aftershock sequence
3523,56,5,2000-11-07 01:01:49.260000+00:00,2000-11-08 04:09:51.900000+00:00,1.1,usp000a34b,2000-11-07 01:01:49.260000+00:00,6.0,-5.538,151.592,Papua New Guinea,24.2,0,0.0,aftershock sequence
3524,3555,5,2026-08-23 13:44:53.389000+00:00,2026-09-01 19:21:21.987000+00:00,9.2,us6000tmz6,2026-08-23 13:44:53.389000+00:00,6.0,41.8495,142.802,Japan,70.0,0,0.0,aftershock sequence
3525,3552,5,2026-08-21 09:12:20.678000+00:00,2026-08-22 04:44:08.708000+00:00,0.8,us6000tmer,2026-08-21 09:12:20.678000+00:00,5.2,9.3001,125.3902,Philippines,20.6,0,0.0,aftershock sequence
3526,3548,5,2026-08-02 18:21:45.760000+00:00,2026-08-10 21:31:38.309000+00:00,8.1,us6000tivz,2026-08-07 05:08:30.200000+00:00,5.1,28.4398,104.7416,China,21.4,0,40.0,swarm
3527,3547,5,2026-08-04 20:16:37.930000+00:00,2026-08-07 12:12:28.806000+00:00,2.7,us6000ti49,2026-08-04 20:16:37.930000+00:00,5.7,1.5507,126.5708,Indonesia,99.6,0,0.0,aftershock sequence
3528,24,5,2000-06-17 15:40:41.730000+00:00,2000-06-21 00:51:46.880000+00:00,3.4,usp0009urh,2000-06-17 15:40:41.730000+00:00,6.5,63.966,-20.487,Iceland,83.5,2,0.0,aftershock sequence
3529,3523,5,2026-07-03 03:53:22.509000+00:00,2026-07-09 16:21:43.191000+00:00,6.5,us6000t9sj,2026-07-03 04:04:48.166000+00:00,6.1,26.0711,125.7417,Japan,99.8,0,20.0,aftershock sequence
3530,133,5,2001-11-20 10:32:25.610000+00:00,2001-11-27 04:31:52.740000+00:00,6.7,usp000at7h,2001-11-20 21:08:18.430000+00:00,6.2,-6.88,128.921,Timor Leste,116.4,0,20.0,aftershock sequence
3531,99,5,2001-06-20 00:04:30.820000+00:00,2001-06-21 02:24:06.180000+00:00,1.1,usp000agy6,2001-06-20 00:04:30.820000+00:00,5.7,45.522,152.036,Kuril Islands,25.0,0,0.0,aftershock sequence
3532,2541,5,2019-12-26 05:55:31.947000+00:00,2019-12-28 02:34:32.503000+00:00,1.9,us70006r97,2019-12-26 17:13:50.177000+00:00,5.2,58.8313,158.7925,Russia,17.3,0,20.0,aftershock sequence
3533,2537,5,2019-12-22 13:18:37.812000+00:00,2019-12-23 21:37:41.882000+00:00,1.3,us70006q6f,2019-12-23 16:19:06.113000+00:00,5.2,55.7415,162.1828,Russia,16.5,0,20.0,aftershock sequence
3534,2575,5,2020-03-14 10:42:38.435000+00:00,2020-03-25 02:20:06.758000+00:00,10.7,us60008hkf,2020-03-18 03:13:29.659000+00:00,5.4,3.0199,128.0385,Indonesia,46.6,0,20.0,aftershock sequence
3535,2570,5,2020-02-17 06:19:51.636000+00:00,2020-02-27 02:46:39.264000+00:00,9.9,us70007u9k,2020-02-17 06:19:51.636000+00:00,4.6,-55.8346,-26.9192,South Sandwich Islands,89.7,0,0.0,aftershock sequence
3536,1250,5,2011-03-03 09:09:39.200000+00:00,2011-03-07 07:15:36.590000+00:00,3.9,usp000hv9z,2011-03-03 15:12:01.430000+00:00,5.5,9.457,125.935,Philippines,37.6,0,60.0,swarm
3537,1247,5,2011-02-16 02:24:13.120000+00:00,2011-02-26 01:03:46.170000+00:00,9.9,usp000hv30,2011-02-26 01:03:46.170000+00:00,5.1,-20.489,168.412,New Caledonia,42.9,0,80.0,swarm
3538,1270,5,2011-05-05 08:45:29+00:00,2011-05-14 01:19:35.890000+00:00,8.7,usp000j17g,2011-05-08 15:51:38.870000+00:00,5.1,1.072,125.31,Indonesia,171.3,0,40.0,swarm
3539,1266,5,2011-04-11 22:26:20.030000+00:00,2011-04-16 15:56:23.820000+00:00,4.7,usp000hzsf,2011-04-11 22:26:20.030000+00:00,5.5,36.809,138.284,Japan,31.2,0,0.0,aftershock sequence
3540,1265,5,2011-04-10 04:45:24.380000+00:00,2011-04-11 13:33:42.630000+00:00,1.4,usp000hzmw,2011-04-10 04:45:24.380000+00:00,5.2,-28.769,-176.982,Kermadec Islands,95.4,0,0.0,aftershock sequence
3541,1264,5,2011-04-03 20:06:40.390000+00:00,2011-04-16 07:04:38.800000+00:00,12.5,usp000hz7h,2011-04-03 20:06:40.390000+00:00,6.7,-9.848,107.693,Indonesia,66.4,1,0.0,aftershock sequence
3542,1954,5,2015-11-15 06:03:45.940000+00:00,2015-11-23 05:16:24.090000+00:00,8.0,us100040g0,2015-11-23 05:16:24.090000+00:00,4.8,-23.8979,-67.7123,Chile,119.2,0,80.0,swarm
3543,1948,5,2015-10-27 17:13:42.420000+00:00,2015-11-08 03:49:01.800000+00:00,11.4,us200041aq,2015-11-02 12:29:24.380000+00:00,4.9,-24.0858,179.9592,Fiji Islands,75.8,0,60.0,swarm
3544,1989,5,2016-02-06 01:40:39.660000+00:00,2016-02-14 14:12:42.420000+00:00,8.5,us20004yh2,2016-02-07 02:03:40.380000+00:00,5.8,-15.2216,-173.3951,Tonga,111.0,0,20.0,aftershock sequence
3545,1986,5,2016-01-31 08:35:04.530000+00:00,2016-02-07 23:02:55.280000+00:00,7.6,us20004x1m,2016-01-31 08:35:04.530000+00:00,4.6,10.6752,126.6932,Philippines,81.4,0,0.0,aftershock sequence
3546,1976,5,2015-12-25 21:41:00.980000+00:00,2015-12-28 01:31:17.420000+00:00,2.2,us100049jb,2015-12-25 21:41:00.980000+00:00,4.9,5.2557,125.7618,Philippines,124.2,0,0.0,aftershock sequence
3547,1975,5,2015-12-23 21:23:14.730000+00:00,2015-12-30 09:00:21.700000+00:00,6.5,us1000497l,2015-12-24 05:08:56.610000+00:00,4.9,-23.9079,-179.5564,Fiji Islands,63.4,0,20.0,aftershock sequence
3548,8,4,2000-03-19 19:22:14.150000+00:00,2000-03-20 19:03:15.080000+00:00,1.0,usp0009pxk,2000-03-19 19:22:14.150000+00:00,5.1,-6.836,143.846,Papua New Guinea,15.3,0,0.0,aftershock sequence
3549,3366,4,2025-06-26 03:32:22.705000+00:00,2025-07-01 23:24:40.850000+00:00,5.8,us7000qb6f,2025-06-26 03:32:22.705000+00:00,4.6,-47.9879,116.6016,Indian-Antarctic Ridge,52.4,0,0.0,aftershock sequence
3550,3138,4,2023-10-12 00:33:17.059000+00:00,2023-10-21 16:22:47.564000+00:00,9.7,us6000lgbk,2023-10-18 07:49:22.310000+00:00,4.9,-4.4117,153.5659,Papua New Guinea,138.6,0,50.0,swarm
3551,445,4,2004-11-14 13:22:21.670000+00:00,2004-11-20 09:23:08.290000+00:00,5.8,usp000d8k4,2004-11-16 10:06:54.500000+00:00,6.1,-5.627,151.452,Papua New Guinea,47.6,0,25.0,swarm
3552,1769,4,2014-08-26 03:36:20.720000+00:00,2014-09-01 01:26:35.990000+00:00,5.9,usb000s9s0,2014-08-26 19:49:33.660000+00:00,4.6,38.2126,142.0605,Japan,99.3,0,25.0,swarm
3553,1861,4,2015-04-14 08:13:55.330000+00:00,2015-04-21 02:01:17.400000+00:00,6.7,us200026cn,2015-04-14 08:13:55.330000+00:00,5.6,-15.1965,-173.3499,Tonga,39.7,0,0.0,aftershock sequence
3554,2849,4,2022-01-10 11:16:28.963000+00:00,2022-01-16 21:17:12.782000+00:00,6.4,us7000gany,2022-01-10 21:05:20.450000+00:00,4.9,-17.4585,-178.6322,Fiji,171.4,0,25.0,swarm
3555,720,4,2006-12-28 02:59:13.340000+00:00,2007-01-06 11:10:20.340000+00:00,9.3,usp000f1tr,2007-01-06 11:10:20.340000+00:00,5.1,-20.829,-174.391,Tonga,42.6,0,75.0,swarm
3556,2819,4,2021-11-02 04:49:17.804000+00:00,2021-11-11 10:17:52.030000+00:00,9.2,us7000fqqc,2021-11-02 04:49:17.804000+00:00,5.1,-56.303,-26.1282,South Sandwich Islands,77.9,0,0.0,aftershock sequence
3557,1763,4,2014-08-11 21:46:20.910000+00:00,2014-08-20 21:24:37.830000+00:00,9.0,usb000s4qj,2014-08-20 21:24:37.830000+00:00,4.8,-11.8137,165.1401,Solomon Islands,124.3,0,75.0,swarm
3558,1462,4,2012-10-02 15:46:05.760000+00:00,2012-10-07 08:21:14.980000+00:00,4.7,usp000jtgw,2012-10-04 03:51:34.820000+00:00,4.8,-10.632,114.035,Indonesia,34.4,0,50.0,swarm
3559,2724,4,2021-04-04 20:59:38.306000+00:00,2021-04-10 14:40:20.399000+00:00,5.7,us6000dz3c,2021-04-05 07:37:52.938000+00:00,6.1,-37.46,179.6324,New Zealand,53.9,0,25.0,swarm
3560,1614,4,2013-11-10 05:24:35.100000+00:00,2013-11-14 11:47:31.480000+00:00,4.3,usb000kvf7,2013-11-10 05:24:35.100000+00:00,4.8,37.2324,145.0161,Japan,123.5,0,0.0,aftershock sequence
3561,3441,3,2025-12-31 14:26:57.992000+00:00,2026-01-06 18:04:44.197000+00:00,6.2,us7000rlq3,2025-12-31 14:26:57.992000+00:00,6.0,40.1161,142.9454,Japan,161.6,0,0.0,aftershock sequence
3562,241,3,2002-12-12 22:32:15.610000+00:00,2002-12-18 00:11:17.900000+00:00,5.1,usp000bktp,2002-12-16 12:37:58.610000+00:00,5.4,-5.105,151.031,Papua New Guinea,73.5,0,33.3,swarm
3563,3345,3,2025-05-06 09:43:25.684000+00:00,2025-05-11 22:54:48.281000+00:00,5.5,us7000pyqf,2025-05-11 22:04:56.074000+00:00,5.4,-20.4984,-174.1371,Tonga,70.2,0,33.3,swarm
3564,3044,3,2023-02-19 15:17:03.365000+00:00,2023-02-28 22:06:49.562000+00:00,9.3,us6000jq4h,2023-02-19 15:17:03.365000+00:00,4.9,2.4206,125.9377,Indonesia,72.8,0,0.0,aftershock sequence
3565,587,3,2006-01-24 10:30:22.940000+00:00,2006-01-27 22:32:06.810000+00:00,3.5,usp000e8sm,2006-01-24 10:30:22.940000+00:00,4.6,-23.462,-179.664,Fiji Islands,14.6,0,0.0,aftershock sequence
3566,1418,3,2012-04-29 10:28:51.870000+00:00,2012-05-05 20:53:51.850000+00:00,6.4,usp000jjs6,2012-04-29 10:28:51.870000+00:00,5.8,35.596,140.349,Japan,52.6,0,0.0,aftershock sequence
3567,2533,2,2019-12-16 18:57:46.441000+00:00,2019-12-18 04:01:20.065000+00:00,1.4,us60006s9v,2019-12-16 18:57:46.441000+00:00,4.7,1.6408,126.429,Indonesia,94.3,0,0.0,aftershock sequence
